OPPORTUNITY_ID,REGIONAL_OFFICE,PRODUCT_NAME,ESTIMATED_DEAL_VALUE,ESTIMATED_DEAL_SIZE_BAND,DEAL_AGE_DAYS,PIPELINE_STATUS,AGE_BUCKET,BASE_WIN_RATE_BY_SIZE,AGE_MULTIPLIER,ADJUSTED_CLOSE_PROBABILITY,EXPECTED_REVENUE_90D,IS_AT_RISK_FLAG
HAXMC4IX,West,MG Advanced,3393.00,small,423,open,stale,0.668097,0.35,0.23383395,793.3985923500,1
UP409DSB,West,MG Advanced,3393.00,small,416,open,stale,0.668097,0.35,0.23383395,793.3985923500,1
EG7OFLFR,West,GTX Basic,550.00,small,412,open,stale,0.668097,0.35,0.23383395,128.6086725000,1
OLVI7L8M,East,GTXPro,0.00,unknown,410,open,stale,0.631501,0.35,0.22102535,0.0000000000,1
F5U1ACDD,West,GTX Plus Basic,1096.00,small,407,open,stale,0.668097,0.35,0.23383395,256.2820092000,1
ZZY4516R,West,MG Advanced,3393.00,small,406,open,stale,0.668097,0.35,0.23383395,793.3985923500,1
0DRC1U9Q,West,GTX Basic,550.00,small,406,open,stale,0.668097,0.35,0.23383395,128.6086725000,1
M7I5O9YU,East,GTX Basic,550.00,small,403,open,stale,0.668097,0.35,0.23383395,128.6086725000,1
GYB4W2AU,West,MG Advanced,3393.00,small,403,open,stale,0.668097,0.35,0.23383395,793.3985923500,1
VDIU10RV,West,MG Special,55.00,small,403,open,stale,0.668097,0.35,0.23383395,12.8608672500,1
579LZ3F9,East,GTX Plus Basic,1096.00,small,402,open,stale,0.668097,0.35,0.23383395,256.2820092000,1
SU8JNMP4,West,GTX Plus Basic,1096.00,small,402,open,stale,0.668097,0.35,0.23383395,256.2820092000,1
PFFHM7HR,West,MG Advanced,3393.00,small,399,open,stale,0.668097,0.35,0.23383395,793.3985923500,1
CNM0H9FR,West,GTX Basic,550.00,small,394,open,stale,0.668097,0.35,0.23383395,128.6086725000,1
UAE5ZC7O,East,GTX Plus Pro,5482.00,medium,391,open,stale,0.707048,0.35,0.24746680,1356.6129976000,1
JUCNIG4H,West,GTX Basic,550.00,small,391,open,stale,0.668097,0.35,0.23383395,128.6086725000,1
ICMXZOVL,East,GTXPro,0.00,unknown,388,open,stale,0.631501,0.35,0.22102535,0.0000000000,1
IBEUTCSW,West,MG Advanced,3393.00,small,388,open,stale,0.668097,0.35,0.23383395,793.3985923500,1
O3KC8QI8,West,GTX Plus Basic,1096.00,small,388,open,stale,0.668097,0.35,0.23383395,256.2820092000,1
WALNFJ70,West,GTX Plus Pro,5482.00,medium,388,open,stale,0.707048,0.35,0.24746680,1356.6129976000,1
MNVMY83P,East,GTXPro,0.00,unknown,386,open,stale,0.631501,0.35,0.22102535,0.0000000000,1
ZOBJHMAF,East,MG Advanced,3393.00,small,385,open,stale,0.668097,0.35,0.23383395,793.3985923500,1
KD6MB4AP,West,MG Special,55.00,small,385,open,stale,0.668097,0.35,0.23383395,12.8608672500,1
A194RP0I,West,MG Advanced,3393.00,small,384,open,stale,0.668097,0.35,0.23383395,793.3985923500,1
KV2OFRJT,West,GTXPro,0.00,unknown,383,open,stale,0.631501,0.35,0.22102535,0.0000000000,1
ERFRHR3Z,West,MG Advanced,3393.00,small,382,open,stale,0.668097,0.35,0.23383395,793.3985923500,1
J53D8EOL,West,GTX Plus Basic,1096.00,small,382,open,stale,0.668097,0.35,0.23383395,256.2820092000,1
J32XDDAW,West,GTX Basic,550.00,small,382,open,stale,0.668097,0.35,0.23383395,128.6086725000,1
1ZDDZD8B,West,MG Special,55.00,small,381,open,stale,0.668097,0.35,0.23383395,12.8608672500,1
EZVKSQ9C,East,GTX Plus Pro,5482.00,medium,380,open,stale,0.707048,0.35,0.24746680,1356.6129976000,1
RJYG004O,East,GTX Basic,550.00,small,380,open,stale,0.668097,0.35,0.23383395,128.6086725000,1
PYOFK7ZD,East,GTX Basic,550.00,small,379,open,stale,0.668097,0.35,0.23383395,128.6086725000,1
DWUXMAGZ,East,GTX Plus Pro,5482.00,medium,379,open,stale,0.707048,0.35,0.24746680,1356.6129976000,1
6SN2RQJX,West,MG Special,55.00,small,379,open,stale,0.668097,0.35,0.23383395,12.8608672500,1
NKPH3EFG,East,MG Advanced,3393.00,small,378,open,stale,0.668097,0.35,0.23383395,793.3985923500,1
N07K7DR7,East,MG Special,55.00,small,378,open,stale,0.668097,0.35,0.23383395,12.8608672500,1
125VIRMX,West,GTK 500,26768.00,large,377,open,stale,0.600000,0.35,0.21000000,5621.2800000000,1
3ECHUPQY,East,GTX Plus Basic,1096.00,small,376,open,stale,0.668097,0.35,0.23383395,256.2820092000,1
K5CWSFCW,West,GTXPro,0.00,unknown,375,open,stale,0.631501,0.35,0.22102535,0.0000000000,1
4H2QMS78,West,GTX Basic,550.00,small,375,open,stale,0.668097,0.35,0.23383395,128.6086725000,1
SQLYCFGV,West,GTXPro,0.00,unknown,374,open,stale,0.631501,0.35,0.22102535,0.0000000000,1
EUG019AS,East,GTX Basic,550.00,small,373,open,stale,0.668097,0.35,0.23383395,128.6086725000,1
IE7VQ5BA,East,GTX Plus Basic,1096.00,small,373,open,stale,0.668097,0.35,0.23383395,256.2820092000,1
AI76U58A,West,GTX Basic,550.00,small,371,open,stale,0.668097,0.35,0.23383395,128.6086725000,1
KFPM2LJW,West,GTX Basic,550.00,small,371,open,stale,0.668097,0.35,0.23383395,128.6086725000,1
B00UMAV4,West,MG Advanced,3393.00,small,370,open,stale,0.668097,0.35,0.23383395,793.3985923500,1
C8TV7R8A,West,GTXPro,0.00,unknown,370,open,stale,0.631501,0.35,0.22102535,0.0000000000,1
2VCDVCIZ,West,GTX Basic,550.00,small,369,open,stale,0.668097,0.35,0.23383395,128.6086725000,1
0U3WVJO0,East,GTXPro,0.00,unknown,368,open,stale,0.631501,0.35,0.22102535,0.0000000000,1
PMMW9JX3,West,GTX Basic,550.00,small,368,open,stale,0.668097,0.35,0.23383395,128.6086725000,1
2HT2R2GY,East,GTX Plus Pro,5482.00,medium,367,open,stale,0.707048,0.35,0.24746680,1356.6129976000,1
13GM5I6M,West,GTXPro,0.00,unknown,367,open,stale,0.631501,0.35,0.22102535,0.0000000000,1
9IA34L8S,West,GTX Basic,550.00,small,367,open,stale,0.668097,0.35,0.23383395,128.6086725000,1
5T8Q2YID,West,MG Special,55.00,small,364,open,stale,0.668097,0.35,0.23383395,12.8608672500,1
BTT6YAVZ,West,GTX Plus Basic,1096.00,small,364,open,stale,0.668097,0.35,0.23383395,256.2820092000,1
O7UUAK3Y,East,GTX Plus Basic,1096.00,small,363,open,stale,0.668097,0.35,0.23383395,256.2820092000,1
TLOHEQ18,East,GTX Plus Basic,1096.00,small,363,open,stale,0.668097,0.35,0.23383395,256.2820092000,1
EWDOBEM6,West,MG Special,55.00,small,362,open,stale,0.668097,0.35,0.23383395,12.8608672500,1
QM6VR1H5,East,GTX Plus Pro,5482.00,medium,361,open,stale,0.707048,0.35,0.24746680,1356.6129976000,1
QR2BDRAI,West,MG Advanced,3393.00,small,361,open,stale,0.668097,0.35,0.23383395,793.3985923500,1
Z75ND4JF,West,GTX Basic,550.00,small,361,open,stale,0.668097,0.35,0.23383395,128.6086725000,1
CGWJ1WHI,East,MG Special,55.00,small,361,open,stale,0.668097,0.35,0.23383395,12.8608672500,1
M16D8PYH,East,GTX Plus Pro,5482.00,medium,360,open,stale,0.707048,0.35,0.24746680,1356.6129976000,1
VPXW8RJS,West,MG Advanced,3393.00,small,360,open,stale,0.668097,0.35,0.23383395,793.3985923500,1
T7T1YIM7,East,GTX Plus Pro,5482.00,medium,359,open,stale,0.707048,0.35,0.24746680,1356.6129976000,1
4JHY98UG,East,GTX Basic,550.00,small,358,open,stale,0.668097,0.35,0.23383395,128.6086725000,1
G39V1X3G,East,MG Special,55.00,small,358,open,stale,0.668097,0.35,0.23383395,12.8608672500,1
EQCD7G7Q,West,GTX Basic,550.00,small,357,open,stale,0.668097,0.35,0.23383395,128.6086725000,1
XYNTWPN1,East,MG Special,55.00,small,357,open,stale,0.668097,0.35,0.23383395,12.8608672500,1
6Q67ZUJ1,West,MG Special,55.00,small,356,open,stale,0.668097,0.35,0.23383395,12.8608672500,1
Y6UBZM6P,West,GTX Plus Pro,5482.00,medium,356,open,stale,0.707048,0.35,0.24746680,1356.6129976000,1
RIW4VWBW,West,GTX Plus Pro,5482.00,medium,355,open,stale,0.707048,0.35,0.24746680,1356.6129976000,1
DWUD4S0P,West,GTX Basic,550.00,small,355,open,stale,0.668097,0.35,0.23383395,128.6086725000,1
MCE5DKD1,West,MG Special,55.00,small,355,open,stale,0.668097,0.35,0.23383395,12.8608672500,1
RW39Y63V,West,GTXPro,0.00,unknown,355,open,stale,0.631501,0.35,0.22102535,0.0000000000,1
8LW65NDL,East,GTX Plus Pro,5482.00,medium,355,open,stale,0.707048,0.35,0.24746680,1356.6129976000,1
CJ2ON1LV,East,GTXPro,0.00,unknown,354,open,stale,0.631501,0.35,0.22102535,0.0000000000,1
4I8X7EMW,East,GTXPro,0.00,unknown,354,open,stale,0.631501,0.35,0.22102535,0.0000000000,1
LMOAYCUK,West,GTX Plus Basic,1096.00,small,354,open,stale,0.668097,0.35,0.23383395,256.2820092000,1
VCSHYIU8,West,GTX Plus Basic,1096.00,small,353,open,stale,0.668097,0.35,0.23383395,256.2820092000,1
0I6U3MQ6,East,GTX Basic,550.00,small,353,open,stale,0.668097,0.35,0.23383395,128.6086725000,1
WRUG19FZ,West,MG Advanced,3393.00,small,352,open,stale,0.668097,0.35,0.23383395,793.3985923500,1
UQQE9ILV,West,GTXPro,0.00,unknown,352,open,stale,0.631501,0.35,0.22102535,0.0000000000,1
W8CXDBQN,West,MG Special,55.00,small,352,open,stale,0.668097,0.35,0.23383395,12.8608672500,1
VKT0UN11,West,MG Advanced,3393.00,small,351,open,stale,0.668097,0.35,0.23383395,793.3985923500,1
JIACLB24,West,GTX Basic,550.00,small,351,open,stale,0.668097,0.35,0.23383395,128.6086725000,1
5VYJCJAE,East,GTX Plus Pro,5482.00,medium,350,open,stale,0.707048,0.35,0.24746680,1356.6129976000,1
BTUG5VDL,East,GTXPro,0.00,unknown,350,open,stale,0.631501,0.35,0.22102535,0.0000000000,1
CT3HBBI2,West,MG Special,55.00,small,350,open,stale,0.668097,0.35,0.23383395,12.8608672500,1
GR2X90DZ,West,GTX Basic,550.00,small,350,open,stale,0.668097,0.35,0.23383395,128.6086725000,1
S3W6Q07M,West,GTX Plus Pro,5482.00,medium,349,open,stale,0.707048,0.35,0.24746680,1356.6129976000,1
K64TY8LU,West,MG Special,55.00,small,349,open,stale,0.668097,0.35,0.23383395,12.8608672500,1
0OESOJNN,West,GTX Plus Basic,1096.00,small,348,open,stale,0.668097,0.35,0.23383395,256.2820092000,1
DZ57QIQN,East,GTX Plus Pro,5482.00,medium,347,open,stale,0.707048,0.35,0.24746680,1356.6129976000,1
OZ5S8NCK,West,GTXPro,0.00,unknown,347,open,stale,0.631501,0.35,0.22102535,0.0000000000,1
A4JROIDO,West,MG Special,55.00,small,346,open,stale,0.668097,0.35,0.23383395,12.8608672500,1
PMEENWD5,East,GTXPro,0.00,unknown,344,open,stale,0.631501,0.35,0.22102535,0.0000000000,1
Z1WLLL1H,West,GTX Basic,550.00,small,344,open,stale,0.668097,0.35,0.23383395,128.6086725000,1
ETZKANFZ,West,GTX Basic,550.00,small,344,open,stale,0.668097,0.35,0.23383395,128.6086725000,1
PK1PS0KR,East,MG Advanced,3393.00,small,343,open,stale,0.668097,0.35,0.23383395,793.3985923500,1
RPONINLM,West,GTX Plus Basic,1096.00,small,342,open,stale,0.668097,0.35,0.23383395,256.2820092000,1
F569KUVC,West,GTX Basic,550.00,small,341,open,stale,0.668097,0.35,0.23383395,128.6086725000,1
PKDJTR06,West,GTX Plus Basic,1096.00,small,341,open,stale,0.668097,0.35,0.23383395,256.2820092000,1
VYPYVO8V,West,GTX Basic,550.00,small,341,open,stale,0.668097,0.35,0.23383395,128.6086725000,1
1D54L027,East,MG Advanced,3393.00,small,340,open,stale,0.668097,0.35,0.23383395,793.3985923500,1
CENVLTFH,East,GTX Plus Basic,1096.00,small,337,open,stale,0.668097,0.35,0.23383395,256.2820092000,1
4NGSQODD,West,GTXPro,0.00,unknown,337,open,stale,0.631501,0.35,0.22102535,0.0000000000,1
5BE27MLY,West,GTXPro,0.00,unknown,337,open,stale,0.631501,0.35,0.22102535,0.0000000000,1
N5UIZYIV,West,MG Special,55.00,small,337,open,stale,0.668097,0.35,0.23383395,12.8608672500,1
KBR253C0,West,MG Advanced,3393.00,small,336,open,stale,0.668097,0.35,0.23383395,793.3985923500,1
379DUF2N,West,GTX Basic,550.00,small,336,open,stale,0.668097,0.35,0.23383395,128.6086725000,1
67IKZGGJ,West,GTX Plus Basic,1096.00,small,336,open,stale,0.668097,0.35,0.23383395,256.2820092000,1
8YIANRVX,West,GTXPro,0.00,unknown,336,open,stale,0.631501,0.35,0.22102535,0.0000000000,1
A7SA2L21,West,GTK 500,26768.00,large,335,open,stale,0.600000,0.35,0.21000000,5621.2800000000,1
9W7PFSNX,East,GTX Basic,550.00,small,334,open,stale,0.668097,0.35,0.23383395,128.6086725000,1
XYLNH45V,East,GTX Plus Basic,1096.00,small,334,open,stale,0.668097,0.35,0.23383395,256.2820092000,1
GVBWTDI3,East,GTX Plus Basic,1096.00,small,334,open,stale,0.668097,0.35,0.23383395,256.2820092000,1
VFEV5XBS,East,GTX Plus Basic,1096.00,small,334,open,stale,0.668097,0.35,0.23383395,256.2820092000,1
VN8LKQN3,East,GTX Plus Basic,1096.00,small,332,open,stale,0.668097,0.35,0.23383395,256.2820092000,1
ZHY9C8OO,West,GTX Plus Basic,1096.00,small,332,open,stale,0.668097,0.35,0.23383395,256.2820092000,1
H2MC2E7K,West,GTX Plus Basic,1096.00,small,332,open,stale,0.668097,0.35,0.23383395,256.2820092000,1
OCGXWE8H,West,MG Special,55.00,small,331,open,stale,0.668097,0.35,0.23383395,12.8608672500,1
USVLKDF4,East,GTX Basic,550.00,small,330,open,stale,0.668097,0.35,0.23383395,128.6086725000,1
JCPQZ2SN,West,GTX Plus Basic,1096.00,small,330,open,stale,0.668097,0.35,0.23383395,256.2820092000,1
HZIU2NOT,West,GTX Plus Pro,5482.00,medium,330,open,stale,0.707048,0.35,0.24746680,1356.6129976000,1
YM8DBAFV,East,GTX Basic,550.00,small,329,open,stale,0.668097,0.35,0.23383395,128.6086725000,1
RP7KA6HS,West,MG Special,55.00,small,329,open,stale,0.668097,0.35,0.23383395,12.8608672500,1
P9PFSLS6,West,MG Special,55.00,small,329,open,stale,0.668097,0.35,0.23383395,12.8608672500,1
E4THD359,East,GTX Basic,550.00,small,329,open,stale,0.668097,0.35,0.23383395,128.6086725000,1
6VIK2VX8,West,MG Special,55.00,small,328,open,stale,0.668097,0.35,0.23383395,12.8608672500,1
30R81VZX,West,GTXPro,0.00,unknown,328,open,stale,0.631501,0.35,0.22102535,0.0000000000,1
TH9RV79M,West,MG Special,55.00,small,328,open,stale,0.668097,0.35,0.23383395,12.8608672500,1
7VOW7BUJ,East,GTXPro,0.00,unknown,327,open,stale,0.631501,0.35,0.22102535,0.0000000000,1
2J5E145N,East,GTXPro,0.00,unknown,327,open,stale,0.631501,0.35,0.22102535,0.0000000000,1
YFB7Y92U,West,GTK 500,26768.00,large,327,open,stale,0.600000,0.35,0.21000000,5621.2800000000,1
S6645YWA,West,GTX Basic,550.00,small,327,open,stale,0.668097,0.35,0.23383395,128.6086725000,1
B5A1BERF,West,GTXPro,0.00,unknown,327,open,stale,0.631501,0.35,0.22102535,0.0000000000,1
IEAPJ5X1,West,GTX Plus Basic,1096.00,small,327,open,stale,0.668097,0.35,0.23383395,256.2820092000,1
L2S4T3VA,East,GTX Plus Pro,5482.00,medium,326,open,stale,0.707048,0.35,0.24746680,1356.6129976000,1
AF8NG5JC,East,MG Special,55.00,small,326,open,stale,0.668097,0.35,0.23383395,12.8608672500,1
IVJP36UT,East,MG Advanced,3393.00,small,326,open,stale,0.668097,0.35,0.23383395,793.3985923500,1
9A9E1KPG,West,GTX Basic,550.00,small,326,open,stale,0.668097,0.35,0.23383395,128.6086725000,1
TF19VML9,West,GTX Plus Basic,1096.00,small,326,open,stale,0.668097,0.35,0.23383395,256.2820092000,1
ZHXIDZNI,West,GTXPro,0.00,unknown,326,open,stale,0.631501,0.35,0.22102535,0.0000000000,1
5P3NH791,East,MG Advanced,3393.00,small,324,open,stale,0.668097,0.35,0.23383395,793.3985923500,1
X3ZSQCH8,West,GTX Basic,550.00,small,324,open,stale,0.668097,0.35,0.23383395,128.6086725000,1
5BXUKFPR,West,GTX Plus Pro,5482.00,medium,323,open,stale,0.707048,0.35,0.24746680,1356.6129976000,1
8AJG1YLJ,West,GTX Basic,550.00,small,323,open,stale,0.668097,0.35,0.23383395,128.6086725000,1
5RNWV17L,West,MG Advanced,3393.00,small,323,open,stale,0.668097,0.35,0.23383395,793.3985923500,1
LXM6CTMS,West,GTX Plus Basic,1096.00,small,322,open,stale,0.668097,0.35,0.23383395,256.2820092000,1
VXMFL425,West,GTX Basic,550.00,small,322,open,stale,0.668097,0.35,0.23383395,128.6086725000,1
E887HZT1,West,MG Advanced,3393.00,small,322,open,stale,0.668097,0.35,0.23383395,793.3985923500,1
CGJ7NRZH,East,MG Special,55.00,small,322,open,stale,0.668097,0.35,0.23383395,12.8608672500,1
SWJ9OOZU,West,MG Advanced,3393.00,small,321,open,stale,0.668097,0.35,0.23383395,793.3985923500,1
B06D1F9M,West,GTXPro,0.00,unknown,321,open,stale,0.631501,0.35,0.22102535,0.0000000000,1
OZ761BUJ,East,GTX Basic,550.00,small,321,open,stale,0.668097,0.35,0.23383395,128.6086725000,1
SCS5H8V1,West,GTK 500,26768.00,large,320,open,stale,0.600000,0.35,0.21000000,5621.2800000000,1
81MXE1H7,West,MG Advanced,3393.00,small,320,open,stale,0.668097,0.35,0.23383395,793.3985923500,1
W24IDMVV,East,GTX Plus Pro,5482.00,medium,319,open,stale,0.707048,0.35,0.24746680,1356.6129976000,1
JQA8H6M5,West,GTX Plus Pro,5482.00,medium,319,open,stale,0.707048,0.35,0.24746680,1356.6129976000,1
92G1TO7L,West,GTX Basic,550.00,small,319,open,stale,0.668097,0.35,0.23383395,128.6086725000,1
FW2XJG9S,West,GTX Plus Basic,1096.00,small,319,open,stale,0.668097,0.35,0.23383395,256.2820092000,1
SVCKI631,West,GTX Basic,550.00,small,319,open,stale,0.668097,0.35,0.23383395,128.6086725000,1
VJ5QGP8Z,West,MG Advanced,3393.00,small,319,open,stale,0.668097,0.35,0.23383395,793.3985923500,1
R2W96FGX,West,GTX Basic,550.00,small,319,open,stale,0.668097,0.35,0.23383395,128.6086725000,1
KM1D04JS,West,GTX Plus Basic,1096.00,small,318,open,stale,0.668097,0.35,0.23383395,256.2820092000,1
BNY8MJ6L,West,GTX Basic,550.00,small,318,open,stale,0.668097,0.35,0.23383395,128.6086725000,1
INBGKE14,West,GTXPro,0.00,unknown,318,open,stale,0.631501,0.35,0.22102535,0.0000000000,1
5KK2SSSB,East,GTX Basic,550.00,small,318,open,stale,0.668097,0.35,0.23383395,128.6086725000,1
V3HVIJLL,West,GTX Basic,550.00,small,318,open,stale,0.668097,0.35,0.23383395,128.6086725000,1
AMNKCM1H,West,MG Special,55.00,small,317,open,stale,0.668097,0.35,0.23383395,12.8608672500,1
84LN84VM,West,MG Advanced,3393.00,small,317,open,stale,0.668097,0.35,0.23383395,793.3985923500,1
MU7JWTP6,East,MG Special,55.00,small,316,open,stale,0.668097,0.35,0.23383395,12.8608672500,1
9HRMW8SL,East,MG Special,55.00,small,315,open,stale,0.668097,0.35,0.23383395,12.8608672500,1
WJQ8VD51,West,GTX Basic,550.00,small,315,open,stale,0.668097,0.35,0.23383395,128.6086725000,1
1WHXI2RW,West,GTX Plus Basic,1096.00,small,315,open,stale,0.668097,0.35,0.23383395,256.2820092000,1
G5JP0G7Q,West,MG Advanced,3393.00,small,315,open,stale,0.668097,0.35,0.23383395,793.3985923500,1
RVH3UUKY,West,MG Advanced,3393.00,small,315,open,stale,0.668097,0.35,0.23383395,793.3985923500,1
CG9VXPV1,West,GTX Basic,550.00,small,315,open,stale,0.668097,0.35,0.23383395,128.6086725000,1
CYWZJ2AI,West,GTX Plus Basic,1096.00,small,314,open,stale,0.668097,0.35,0.23383395,256.2820092000,1
Y7N97FW8,West,GTXPro,0.00,unknown,314,open,stale,0.631501,0.35,0.22102535,0.0000000000,1
0IO43YMS,East,MG Advanced,3393.00,small,314,open,stale,0.668097,0.35,0.23383395,793.3985923500,1
6HG76L6U,East,GTXPro,0.00,unknown,313,open,stale,0.631501,0.35,0.22102535,0.0000000000,1
9SLINQY5,West,MG Advanced,3393.00,small,313,open,stale,0.668097,0.35,0.23383395,793.3985923500,1
1GIP77EP,West,GTX Plus Pro,5482.00,medium,313,open,stale,0.707048,0.35,0.24746680,1356.6129976000,1
NOLCZMV6,East,GTXPro,0.00,unknown,313,open,stale,0.631501,0.35,0.22102535,0.0000000000,1
B4SIVH1O,East,GTX Basic,550.00,small,312,open,stale,0.668097,0.35,0.23383395,128.6086725000,1
ESZY10SI,West,MG Advanced,3393.00,small,312,open,stale,0.668097,0.35,0.23383395,793.3985923500,1
Y3CYQGPH,West,GTX Basic,550.00,small,312,open,stale,0.668097,0.35,0.23383395,128.6086725000,1
Q19RWR17,West,GTX Basic,550.00,small,312,open,stale,0.668097,0.35,0.23383395,128.6086725000,1
6PW6ZQEE,East,GTX Basic,550.00,small,311,open,stale,0.668097,0.35,0.23383395,128.6086725000,1
4E5A84H1,West,MG Advanced,3393.00,small,311,open,stale,0.668097,0.35,0.23383395,793.3985923500,1
03VCDZEE,West,GTXPro,0.00,unknown,311,open,stale,0.631501,0.35,0.22102535,0.0000000000,1
7ONH55WT,East,GTX Basic,550.00,small,310,open,stale,0.668097,0.35,0.23383395,128.6086725000,1
CMKXOOJQ,East,GTX Basic,550.00,small,310,open,stale,0.668097,0.35,0.23383395,128.6086725000,1
NR947OAB,West,GTXPro,0.00,unknown,310,open,stale,0.631501,0.35,0.22102535,0.0000000000,1
LMKNU8IZ,West,GTXPro,0.00,unknown,310,open,stale,0.631501,0.35,0.22102535,0.0000000000,1
R5RSH4JV,East,GTX Plus Pro,5482.00,medium,309,open,stale,0.707048,0.35,0.24746680,1356.6129976000,1
X1D1HYMM,West,GTX Plus Pro,5482.00,medium,309,open,stale,0.707048,0.35,0.24746680,1356.6129976000,1
GVYF29NM,East,MG Advanced,3393.00,small,309,open,stale,0.668097,0.35,0.23383395,793.3985923500,1
DN6SG3US,East,GTX Plus Pro,5482.00,medium,309,open,stale,0.707048,0.35,0.24746680,1356.6129976000,1
EW28ZONV,West,GTX Plus Basic,1096.00,small,309,open,stale,0.668097,0.35,0.23383395,256.2820092000,1
9E8A7MQ8,West,GTX Plus Pro,5482.00,medium,308,open,stale,0.707048,0.35,0.24746680,1356.6129976000,1
HVZMZW96,West,GTX Plus Basic,1096.00,small,308,open,stale,0.668097,0.35,0.23383395,256.2820092000,1
1H1YDS7C,West,GTX Plus Basic,1096.00,small,308,open,stale,0.668097,0.35,0.23383395,256.2820092000,1
FZC2J90W,West,MG Advanced,3393.00,small,308,open,stale,0.668097,0.35,0.23383395,793.3985923500,1
UI3DE2C4,West,GTX Plus Basic,1096.00,small,308,open,stale,0.668097,0.35,0.23383395,256.2820092000,1
25FUROM1,East,GTX Plus Basic,1096.00,small,307,open,stale,0.668097,0.35,0.23383395,256.2820092000,1
9X2S0K15,West,MG Advanced,3393.00,small,307,open,stale,0.668097,0.35,0.23383395,793.3985923500,1
XRZVJPD5,West,GTX Plus Basic,1096.00,small,307,open,stale,0.668097,0.35,0.23383395,256.2820092000,1
QDGUWTLU,West,MG Special,55.00,small,307,open,stale,0.668097,0.35,0.23383395,12.8608672500,1
JSZZN48S,West,GTX Plus Pro,5482.00,medium,306,open,stale,0.707048,0.35,0.24746680,1356.6129976000,1
F2B62IW4,West,MG Special,55.00,small,306,open,stale,0.668097,0.35,0.23383395,12.8608672500,1
DEHQTB8B,East,MG Special,55.00,small,305,open,stale,0.668097,0.35,0.23383395,12.8608672500,1
KVR52YDI,East,GTXPro,0.00,unknown,305,open,stale,0.631501,0.35,0.22102535,0.0000000000,1
STT3X4NB,East,GTX Basic,550.00,small,305,open,stale,0.668097,0.35,0.23383395,128.6086725000,1
XRDF1NAB,West,GTXPro,0.00,unknown,305,open,stale,0.631501,0.35,0.22102535,0.0000000000,1
WUNMIJW9,West,MG Advanced,3393.00,small,304,open,stale,0.668097,0.35,0.23383395,793.3985923500,1
4V9NMGEA,West,GTX Basic,550.00,small,304,open,stale,0.668097,0.35,0.23383395,128.6086725000,1
4CXUC4VR,West,GTX Basic,550.00,small,304,open,stale,0.668097,0.35,0.23383395,128.6086725000,1
79EHWR35,West,GTX Basic,550.00,small,304,open,stale,0.668097,0.35,0.23383395,128.6086725000,1
L0GMLGRR,West,MG Special,55.00,small,304,open,stale,0.668097,0.35,0.23383395,12.8608672500,1
D3ZC338T,West,GTX Basic,550.00,small,304,open,stale,0.668097,0.35,0.23383395,128.6086725000,1
QRQ8C6MQ,East,GTXPro,0.00,unknown,303,open,stale,0.631501,0.35,0.22102535,0.0000000000,1
ZG8WPG99,West,GTXPro,0.00,unknown,303,open,stale,0.631501,0.35,0.22102535,0.0000000000,1
U7M26UZV,West,MG Special,55.00,small,303,open,stale,0.668097,0.35,0.23383395,12.8608672500,1
TV300INP,East,GTX Plus Pro,5482.00,medium,303,open,stale,0.707048,0.35,0.24746680,1356.6129976000,1
KBQ16F1I,West,GTX Basic,550.00,small,303,open,stale,0.668097,0.35,0.23383395,128.6086725000,1
FYN7C0CV,East,MG Advanced,3393.00,small,302,open,stale,0.668097,0.35,0.23383395,793.3985923500,1
5JDWBOLS,East,GTX Basic,550.00,small,302,open,stale,0.668097,0.35,0.23383395,128.6086725000,1
7TI1WTV9,West,GTXPro,0.00,unknown,302,open,stale,0.631501,0.35,0.22102535,0.0000000000,1
01EH41WA,West,GTXPro,0.00,unknown,302,open,stale,0.631501,0.35,0.22102535,0.0000000000,1
71GQNH5T,East,MG Advanced,3393.00,small,301,open,stale,0.668097,0.35,0.23383395,793.3985923500,1
LSA39JBG,East,GTX Basic,550.00,small,301,open,stale,0.668097,0.35,0.23383395,128.6086725000,1
AKTPC3M1,West,GTX Basic,550.00,small,301,open,stale,0.668097,0.35,0.23383395,128.6086725000,1
JA5G7YBO,West,MG Special,55.00,small,301,open,stale,0.668097,0.35,0.23383395,12.8608672500,1
CZ8PPZTC,East,MG Special,55.00,small,301,open,stale,0.668097,0.35,0.23383395,12.8608672500,1
YQ0Y0YQS,East,MG Advanced,3393.00,small,301,open,stale,0.668097,0.35,0.23383395,793.3985923500,1
5Z8S8UHK,East,GTX Basic,550.00,small,300,open,stale,0.668097,0.35,0.23383395,128.6086725000,1
NMKAJZJ4,West,MG Special,55.00,small,300,open,stale,0.668097,0.35,0.23383395,12.8608672500,1
SX0SSL0H,East,GTX Plus Basic,1096.00,small,300,open,stale,0.668097,0.35,0.23383395,256.2820092000,1
I7BWM5O0,East,MG Special,55.00,small,300,open,stale,0.668097,0.35,0.23383395,12.8608672500,1
6F79VYH8,East,GTX Basic,550.00,small,299,open,stale,0.668097,0.35,0.23383395,128.6086725000,1
ZQ4QTT1Z,East,GTX Plus Basic,1096.00,small,299,open,stale,0.668097,0.35,0.23383395,256.2820092000,1
9A4H9IAC,West,GTX Plus Basic,1096.00,small,299,open,stale,0.668097,0.35,0.23383395,256.2820092000,1
ZTLLHCBU,West,GTX Basic,550.00,small,299,open,stale,0.668097,0.35,0.23383395,128.6086725000,1
SLYFFVBE,West,GTX Plus Basic,1096.00,small,299,open,stale,0.668097,0.35,0.23383395,256.2820092000,1
NCMT5KK3,West,GTX Basic,550.00,small,299,open,stale,0.668097,0.35,0.23383395,128.6086725000,1
81FNO0VM,East,GTX Plus Basic,1096.00,small,299,open,stale,0.668097,0.35,0.23383395,256.2820092000,1
RFQP9VCW,East,MG Advanced,3393.00,small,299,open,stale,0.668097,0.35,0.23383395,793.3985923500,1
NGCM47PC,West,GTXPro,0.00,unknown,299,open,stale,0.631501,0.35,0.22102535,0.0000000000,1
JDXSS1HT,West,GTX Basic,550.00,small,298,open,stale,0.668097,0.35,0.23383395,128.6086725000,1
T1F2I8ED,East,GTX Plus Basic,1096.00,small,297,open,stale,0.668097,0.35,0.23383395,256.2820092000,1
26CH1NDR,East,GTX Basic,550.00,small,297,open,stale,0.668097,0.35,0.23383395,128.6086725000,1
ISAWVDYZ,East,GTX Basic,550.00,small,297,open,stale,0.668097,0.35,0.23383395,128.6086725000,1
LJBQ7P0V,West,MG Special,55.00,small,297,open,stale,0.668097,0.35,0.23383395,12.8608672500,1
ZRYPU2QW,West,MG Advanced,3393.00,small,297,open,stale,0.668097,0.35,0.23383395,793.3985923500,1
0A1LN7GB,East,MG Special,55.00,small,297,open,stale,0.668097,0.35,0.23383395,12.8608672500,1
1B27CZ2M,West,GTX Plus Pro,5482.00,medium,296,open,stale,0.707048,0.35,0.24746680,1356.6129976000,1
839AMI93,West,GTX Basic,550.00,small,296,open,stale,0.668097,0.35,0.23383395,128.6086725000,1
BFGASJAW,West,GTX Basic,550.00,small,296,open,stale,0.668097,0.35,0.23383395,128.6086725000,1
5XPYFICK,East,MG Special,55.00,small,296,open,stale,0.668097,0.35,0.23383395,12.8608672500,1
ILR33OAV,West,MG Advanced,3393.00,small,295,open,stale,0.668097,0.35,0.23383395,793.3985923500,1
BY2L60V1,West,MG Special,55.00,small,295,open,stale,0.668097,0.35,0.23383395,12.8608672500,1
73HO9OZC,East,GTX Basic,550.00,small,294,open,stale,0.668097,0.35,0.23383395,128.6086725000,1
3E4VTH6E,West,MG Special,55.00,small,294,open,stale,0.668097,0.35,0.23383395,12.8608672500,1
QHJ3W8FW,West,GTXPro,0.00,unknown,294,open,stale,0.631501,0.35,0.22102535,0.0000000000,1
Y28VHZKQ,East,MG Advanced,3393.00,small,293,open,stale,0.668097,0.35,0.23383395,793.3985923500,1
F5I33E1I,West,MG Special,55.00,small,293,open,stale,0.668097,0.35,0.23383395,12.8608672500,1
4IT33RBO,West,GTX Basic,550.00,small,293,open,stale,0.668097,0.35,0.23383395,128.6086725000,1
7VKQWIXD,East,GTX Plus Basic,1096.00,small,292,open,stale,0.668097,0.35,0.23383395,256.2820092000,1
V74O6XQT,East,GTXPro,0.00,unknown,292,open,stale,0.631501,0.35,0.22102535,0.0000000000,1
MRCYKUX4,West,MG Advanced,3393.00,small,292,open,stale,0.668097,0.35,0.23383395,793.3985923500,1
3PVNGGBX,West,GTX Basic,550.00,small,292,open,stale,0.668097,0.35,0.23383395,128.6086725000,1
MN6E59H6,West,GTX Plus Pro,5482.00,medium,292,open,stale,0.707048,0.35,0.24746680,1356.6129976000,1
V4XHHFO3,West,GTX Basic,550.00,small,291,open,stale,0.668097,0.35,0.23383395,128.6086725000,1
7PXJ92C5,West,GTXPro,0.00,unknown,291,open,stale,0.631501,0.35,0.22102535,0.0000000000,1
4XZ4RY1N,East,GTX Plus Basic,1096.00,small,291,open,stale,0.668097,0.35,0.23383395,256.2820092000,1
Z0RLNFVY,East,GTX Plus Basic,1096.00,small,290,open,stale,0.668097,0.35,0.23383395,256.2820092000,1
RQULJHTU,East,GTX Plus Pro,5482.00,medium,290,open,stale,0.707048,0.35,0.24746680,1356.6129976000,1
GK1NH8G7,West,GTX Basic,550.00,small,290,open,stale,0.668097,0.35,0.23383395,128.6086725000,1
OPCLCCQH,West,GTX Plus Basic,1096.00,small,290,open,stale,0.668097,0.35,0.23383395,256.2820092000,1
WFCEPHD3,West,GTXPro,0.00,unknown,290,open,stale,0.631501,0.35,0.22102535,0.0000000000,1
AF7XJNED,East,GTX Plus Pro,5482.00,medium,290,open,stale,0.707048,0.35,0.24746680,1356.6129976000,1
EJDHOY6M,East,GTX Basic,550.00,small,289,open,stale,0.668097,0.35,0.23383395,128.6086725000,1
DF1011UT,East,GTX Plus Basic,1096.00,small,289,open,stale,0.668097,0.35,0.23383395,256.2820092000,1
IBS3H6Z4,West,GTX Plus Basic,1096.00,small,289,open,stale,0.668097,0.35,0.23383395,256.2820092000,1
04YGLJ3N,West,GTX Plus Pro,5482.00,medium,289,open,stale,0.707048,0.35,0.24746680,1356.6129976000,1
IN9S33CD,West,GTX Plus Pro,5482.00,medium,289,open,stale,0.707048,0.35,0.24746680,1356.6129976000,1
1GT10YJD,West,GTX Plus Pro,5482.00,medium,289,open,stale,0.707048,0.35,0.24746680,1356.6129976000,1
4UZCVHEV,East,GTX Basic,550.00,small,289,open,stale,0.668097,0.35,0.23383395,128.6086725000,1
DJH67UIZ,East,MG Special,55.00,small,289,open,stale,0.668097,0.35,0.23383395,12.8608672500,1
7VGJ2B7O,East,MG Special,55.00,small,289,open,stale,0.668097,0.35,0.23383395,12.8608672500,1
H2IOHZ8R,West,GTX Basic,550.00,small,288,open,stale,0.668097,0.35,0.23383395,128.6086725000,1
I7MDOGGU,West,GTX Basic,550.00,small,288,open,stale,0.668097,0.35,0.23383395,128.6086725000,1
10IY4PV4,West,MG Advanced,3393.00,small,288,open,stale,0.668097,0.35,0.23383395,793.3985923500,1
A1TDRYHZ,East,MG Advanced,3393.00,small,288,open,stale,0.668097,0.35,0.23383395,793.3985923500,1
2JY9SQ2L,West,MG Special,55.00,small,288,open,stale,0.668097,0.35,0.23383395,12.8608672500,1
3N3RAHXR,East,GTX Plus Basic,1096.00,small,287,open,stale,0.668097,0.35,0.23383395,256.2820092000,1
RACLHBXN,East,GTX Plus Basic,1096.00,small,287,open,stale,0.668097,0.35,0.23383395,256.2820092000,1
THKCN7HU,West,GTX Basic,550.00,small,287,open,stale,0.668097,0.35,0.23383395,128.6086725000,1
PD2198ZH,West,GTXPro,0.00,unknown,287,open,stale,0.631501,0.35,0.22102535,0.0000000000,1
ALHQU8W8,East,GTX Basic,550.00,small,286,open,stale,0.668097,0.35,0.23383395,128.6086725000,1
K72CEXGZ,West,GTX Plus Basic,1096.00,small,286,open,stale,0.668097,0.35,0.23383395,256.2820092000,1
P1SGQODJ,East,GTX Plus Basic,1096.00,small,285,open,stale,0.668097,0.35,0.23383395,256.2820092000,1
5C8HCDXT,East,MG Advanced,3393.00,small,285,open,stale,0.668097,0.35,0.23383395,793.3985923500,1
9FPDDSIJ,East,GTXPro,0.00,unknown,284,open,stale,0.631501,0.35,0.22102535,0.0000000000,1
4RDJBBB6,East,MG Special,55.00,small,284,open,stale,0.668097,0.35,0.23383395,12.8608672500,1
GZCWM6GK,West,MG Special,55.00,small,284,open,stale,0.668097,0.35,0.23383395,12.8608672500,1
3JUL12VK,West,GTX Basic,550.00,small,284,open,stale,0.668097,0.35,0.23383395,128.6086725000,1
9Y85N0W5,West,MG Advanced,3393.00,small,284,open,stale,0.668097,0.35,0.23383395,793.3985923500,1
8GE7FY98,East,GTXPro,0.00,unknown,284,open,stale,0.631501,0.35,0.22102535,0.0000000000,1
4U9D1IZ5,West,GTX Basic,550.00,small,284,open,stale,0.668097,0.35,0.23383395,128.6086725000,1
PO158L29,East,GTX Basic,550.00,small,283,open,stale,0.668097,0.35,0.23383395,128.6086725000,1
ODGKZEVV,West,GTXPro,0.00,unknown,283,open,stale,0.631501,0.35,0.22102535,0.0000000000,1
M41NS5DN,East,GTX Plus Pro,5482.00,medium,282,open,stale,0.707048,0.35,0.24746680,1356.6129976000,1
QIHWKCFK,East,MG Advanced,3393.00,small,282,open,stale,0.668097,0.35,0.23383395,793.3985923500,1
GEJLL5L3,East,GTX Basic,550.00,small,282,open,stale,0.668097,0.35,0.23383395,128.6086725000,1
KMB8TJ0I,West,MG Advanced,3393.00,small,282,open,stale,0.668097,0.35,0.23383395,793.3985923500,1
CR6ZLEWC,West,GTX Plus Pro,5482.00,medium,282,open,stale,0.707048,0.35,0.24746680,1356.6129976000,1
YB20NWM1,West,MG Special,55.00,small,282,open,stale,0.668097,0.35,0.23383395,12.8608672500,1
43LFUTVM,West,GTX Plus Pro,5482.00,medium,282,open,stale,0.707048,0.35,0.24746680,1356.6129976000,1
CMS1HUGL,East,MG Advanced,3393.00,small,281,open,stale,0.668097,0.35,0.23383395,793.3985923500,1
6R6S91WE,East,GTXPro,0.00,unknown,281,open,stale,0.631501,0.35,0.22102535,0.0000000000,1
3T64Z7DB,West,GTX Basic,550.00,small,281,open,stale,0.668097,0.35,0.23383395,128.6086725000,1
3F2ZPCSL,West,GTX Plus Basic,1096.00,small,281,open,stale,0.668097,0.35,0.23383395,256.2820092000,1
XFB1VXQY,West,MG Advanced,3393.00,small,281,open,stale,0.668097,0.35,0.23383395,793.3985923500,1
TJ03NDNX,East,MG Advanced,3393.00,small,281,open,stale,0.668097,0.35,0.23383395,793.3985923500,1
VRYR5A81,East,GTX Basic,550.00,small,281,open,stale,0.668097,0.35,0.23383395,128.6086725000,1
J6OQS0AU,West,MG Advanced,3393.00,small,280,open,stale,0.668097,0.35,0.23383395,793.3985923500,1
97PFKCPG,West,GTXPro,0.00,unknown,280,open,stale,0.631501,0.35,0.22102535,0.0000000000,1
FB9M4FR7,West,MG Special,55.00,small,280,open,stale,0.668097,0.35,0.23383395,12.8608672500,1
5G4I94TF,West,GTX Plus Pro,5482.00,medium,280,open,stale,0.707048,0.35,0.24746680,1356.6129976000,1
0QPZIIPF,West,GTX Plus Basic,1096.00,small,279,open,stale,0.668097,0.35,0.23383395,256.2820092000,1
DFFEQ87N,West,MG Special,55.00,small,278,open,stale,0.668097,0.35,0.23383395,12.8608672500,1
BXK5HGEY,West,MG Special,55.00,small,278,open,stale,0.668097,0.35,0.23383395,12.8608672500,1
XXUGTDX7,West,MG Special,55.00,small,278,open,stale,0.668097,0.35,0.23383395,12.8608672500,1
LWXHKI88,West,MG Special,55.00,small,278,open,stale,0.668097,0.35,0.23383395,12.8608672500,1
I6U62W0R,West,GTX Basic,550.00,small,277,open,stale,0.668097,0.35,0.23383395,128.6086725000,1
EB89ONZN,West,GTXPro,0.00,unknown,277,open,stale,0.631501,0.35,0.22102535,0.0000000000,1
NFMCPYOV,East,GTX Basic,550.00,small,276,open,stale,0.668097,0.35,0.23383395,128.6086725000,1
2VDN72EP,West,GTX Basic,550.00,small,276,open,stale,0.668097,0.35,0.23383395,128.6086725000,1
Z9QZKUV5,West,GTX Basic,550.00,small,276,open,stale,0.668097,0.35,0.23383395,128.6086725000,1
WW1WV7IT,East,GTXPro,0.00,unknown,275,open,stale,0.631501,0.35,0.22102535,0.0000000000,1
T0VJ4AMX,East,GTX Basic,550.00,small,275,open,stale,0.668097,0.35,0.23383395,128.6086725000,1
WLS5J30E,West,MG Special,55.00,small,275,open,stale,0.668097,0.35,0.23383395,12.8608672500,1
LIQZNH9U,West,GTX Plus Pro,5482.00,medium,275,open,stale,0.707048,0.35,0.24746680,1356.6129976000,1
P9LE92UR,West,MG Special,55.00,small,275,open,stale,0.668097,0.35,0.23383395,12.8608672500,1
DOGKQHQP,West,GTXPro,0.00,unknown,275,open,stale,0.631501,0.35,0.22102535,0.0000000000,1
G3SJ8X1K,East,MG Advanced,3393.00,small,275,open,stale,0.668097,0.35,0.23383395,793.3985923500,1
JW4Q5F4Z,East,MG Special,55.00,small,274,open,stale,0.668097,0.35,0.23383395,12.8608672500,1
KKRJ6TBY,East,GTXPro,0.00,unknown,274,open,stale,0.631501,0.35,0.22102535,0.0000000000,1
MIY4MF3R,West,MG Advanced,3393.00,small,274,open,stale,0.668097,0.35,0.23383395,793.3985923500,1
YLK0MRJ3,West,GTX Basic,550.00,small,274,open,stale,0.668097,0.35,0.23383395,128.6086725000,1
H6I16U57,East,MG Advanced,3393.00,small,274,open,stale,0.668097,0.35,0.23383395,793.3985923500,1
20CVXRTX,West,GTXPro,0.00,unknown,274,open,stale,0.631501,0.35,0.22102535,0.0000000000,1
VK9KN5PT,East,MG Advanced,3393.00,small,273,open,stale,0.668097,0.35,0.23383395,793.3985923500,1
DQ7GS2BN,West,GTX Plus Pro,5482.00,medium,273,open,stale,0.707048,0.35,0.24746680,1356.6129976000,1
D5VY17OP,West,GTXPro,0.00,unknown,273,open,stale,0.631501,0.35,0.22102535,0.0000000000,1
BED55OSG,West,GTXPro,0.00,unknown,273,open,stale,0.631501,0.35,0.22102535,0.0000000000,1
H5VBBEVI,East,GTX Plus Basic,1096.00,small,272,open,stale,0.668097,0.35,0.23383395,256.2820092000,1
MB7G8DWS,East,GTX Plus Pro,5482.00,medium,272,open,stale,0.707048,0.35,0.24746680,1356.6129976000,1
2HS1C21I,West,GTXPro,0.00,unknown,272,open,stale,0.631501,0.35,0.22102535,0.0000000000,1
Q2BB73WT,West,GTX Plus Basic,1096.00,small,272,open,stale,0.668097,0.35,0.23383395,256.2820092000,1
8TRT2HNF,West,GTX Basic,550.00,small,272,open,stale,0.668097,0.35,0.23383395,128.6086725000,1
ZLN48IIP,West,GTX Basic,550.00,small,272,open,stale,0.668097,0.35,0.23383395,128.6086725000,1
HVT28XPH,West,MG Special,55.00,small,272,open,stale,0.668097,0.35,0.23383395,12.8608672500,1
VM0MHPAO,East,MG Special,55.00,small,272,open,stale,0.668097,0.35,0.23383395,12.8608672500,1
LXZD2PZD,East,GTX Plus Pro,5482.00,medium,271,open,stale,0.707048,0.35,0.24746680,1356.6129976000,1
BPOTQCFG,West,MG Special,55.00,small,271,open,stale,0.668097,0.35,0.23383395,12.8608672500,1
XM4VD3NN,West,GTX Plus Basic,1096.00,small,271,open,stale,0.668097,0.35,0.23383395,256.2820092000,1
D62905BC,West,GTX Plus Pro,5482.00,medium,271,open,stale,0.707048,0.35,0.24746680,1356.6129976000,1
9ILB20UV,West,MG Special,55.00,small,270,open,stale,0.668097,0.35,0.23383395,12.8608672500,1
PNO7D8PD,West,GTX Basic,550.00,small,270,open,stale,0.668097,0.35,0.23383395,128.6086725000,1
2GV66JA7,East,MG Advanced,3393.00,small,269,open,stale,0.668097,0.35,0.23383395,793.3985923500,1
AKMV6WN5,West,GTK 500,26768.00,large,269,open,stale,0.600000,0.35,0.21000000,5621.2800000000,1
HPIKEMB9,West,MG Special,55.00,small,269,open,stale,0.668097,0.35,0.23383395,12.8608672500,1
U0E0XHK9,West,MG Advanced,3393.00,small,269,open,stale,0.668097,0.35,0.23383395,793.3985923500,1
8254HM4E,West,GTX Plus Basic,1096.00,small,269,open,stale,0.668097,0.35,0.23383395,256.2820092000,1
QCNOCX0P,East,GTXPro,0.00,unknown,268,open,stale,0.631501,0.35,0.22102535,0.0000000000,1
M9V8824W,East,MG Advanced,3393.00,small,268,open,stale,0.668097,0.35,0.23383395,793.3985923500,1
UUGY3W44,West,GTX Basic,550.00,small,268,open,stale,0.668097,0.35,0.23383395,128.6086725000,1
BHHDOY2E,West,MG Advanced,3393.00,small,268,open,stale,0.668097,0.35,0.23383395,793.3985923500,1
XDECB9X2,West,GTX Basic,550.00,small,268,open,stale,0.668097,0.35,0.23383395,128.6086725000,1
GL95LARP,East,GTXPro,0.00,unknown,267,open,stale,0.631501,0.35,0.22102535,0.0000000000,1
FM505XD5,East,GTX Plus Pro,5482.00,medium,267,open,stale,0.707048,0.35,0.24746680,1356.6129976000,1
J6F10SFK,West,MG Advanced,3393.00,small,267,open,stale,0.668097,0.35,0.23383395,793.3985923500,1
U4IJO6SL,West,GTXPro,0.00,unknown,267,open,stale,0.631501,0.35,0.22102535,0.0000000000,1
PVLGUIEN,East,MG Advanced,3393.00,small,266,open,stale,0.668097,0.35,0.23383395,793.3985923500,1
45B6VA2Y,East,MG Special,55.00,small,266,open,stale,0.668097,0.35,0.23383395,12.8608672500,1
SKBDCYV5,West,GTX Plus Basic,1096.00,small,266,open,stale,0.668097,0.35,0.23383395,256.2820092000,1
XQ0N9T87,West,MG Advanced,3393.00,small,265,open,stale,0.668097,0.35,0.23383395,793.3985923500,1
IKU97NEU,West,MG Advanced,3393.00,small,265,open,stale,0.668097,0.35,0.23383395,793.3985923500,1
456BP2X7,West,MG Advanced,3393.00,small,265,open,stale,0.668097,0.35,0.23383395,793.3985923500,1
J58BUYQH,West,GTX Plus Basic,1096.00,small,264,open,stale,0.668097,0.35,0.23383395,256.2820092000,1
FN1QX0BQ,East,MG Special,55.00,small,264,open,stale,0.668097,0.35,0.23383395,12.8608672500,1
7Y530NLJ,East,GTX Plus Basic,1096.00,small,263,open,stale,0.668097,0.35,0.23383395,256.2820092000,1
CVFUMOK9,East,GTX Plus Pro,5482.00,medium,263,open,stale,0.707048,0.35,0.24746680,1356.6129976000,1
R0CLLIH9,West,GTXPro,0.00,unknown,263,open,stale,0.631501,0.35,0.22102535,0.0000000000,1
X8GGF9MG,West,MG Special,55.00,small,263,open,stale,0.668097,0.35,0.23383395,12.8608672500,1
3P7QQSVF,West,MG Special,55.00,small,263,open,stale,0.668097,0.35,0.23383395,12.8608672500,1
PGXIPGDM,West,MG Advanced,3393.00,small,263,open,stale,0.668097,0.35,0.23383395,793.3985923500,1
Z7OH4GWO,West,GTXPro,0.00,unknown,262,open,stale,0.631501,0.35,0.22102535,0.0000000000,1
81G840FM,West,GTX Basic,550.00,small,262,open,stale,0.668097,0.35,0.23383395,128.6086725000,1
U5K2MZB6,West,MG Advanced,3393.00,small,262,open,stale,0.668097,0.35,0.23383395,793.3985923500,1
ZVAZKWF3,West,GTXPro,0.00,unknown,261,open,stale,0.631501,0.35,0.22102535,0.0000000000,1
6S2ABHZS,West,GTX Basic,550.00,small,261,open,stale,0.668097,0.35,0.23383395,128.6086725000,1
COM9RNBL,West,MG Special,55.00,small,261,open,stale,0.668097,0.35,0.23383395,12.8608672500,1
K6M3EX4O,West,GTX Plus Basic,1096.00,small,260,open,stale,0.668097,0.35,0.23383395,256.2820092000,1
LWPFQ1UA,West,GTX Basic,550.00,small,260,open,stale,0.668097,0.35,0.23383395,128.6086725000,1
ANRCHVJM,East,MG Special,55.00,small,260,open,stale,0.668097,0.35,0.23383395,12.8608672500,1
10AEGW41,West,GTXPro,0.00,unknown,259,open,stale,0.631501,0.35,0.22102535,0.0000000000,1
6G6ZCKSB,West,GTXPro,0.00,unknown,259,open,stale,0.631501,0.35,0.22102535,0.0000000000,1
GACPNKGI,West,MG Special,55.00,small,258,open,stale,0.668097,0.35,0.23383395,12.8608672500,1
E4082SMQ,West,GTX Basic,550.00,small,258,open,stale,0.668097,0.35,0.23383395,128.6086725000,1
LSVGDJ1A,West,GTX Plus Pro,5482.00,medium,258,open,stale,0.707048,0.35,0.24746680,1356.6129976000,1
2LSNRT4U,West,GTXPro,0.00,unknown,258,open,stale,0.631501,0.35,0.22102535,0.0000000000,1
C9330YF1,West,GTX Basic,550.00,small,258,open,stale,0.668097,0.35,0.23383395,128.6086725000,1
QD8F0CI6,West,GTX Basic,550.00,small,258,open,stale,0.668097,0.35,0.23383395,128.6086725000,1
7K0S2P6K,West,GTXPro,0.00,unknown,258,open,stale,0.631501,0.35,0.22102535,0.0000000000,1
DJMPI9TO,West,GTK 500,26768.00,large,257,open,stale,0.600000,0.35,0.21000000,5621.2800000000,1
U6XJRWV8,West,MG Advanced,3393.00,small,257,open,stale,0.668097,0.35,0.23383395,793.3985923500,1
BYF6ABTZ,West,GTX Plus Pro,5482.00,medium,257,open,stale,0.707048,0.35,0.24746680,1356.6129976000,1
K8LRZ95S,West,GTX Plus Basic,1096.00,small,257,open,stale,0.668097,0.35,0.23383395,256.2820092000,1
Q8BZ3PC9,East,GTX Plus Pro,5482.00,medium,257,open,stale,0.707048,0.35,0.24746680,1356.6129976000,1
49ZS7GTS,West,MG Special,55.00,small,257,open,stale,0.668097,0.35,0.23383395,12.8608672500,1
M857G6G1,West,MG Advanced,3393.00,small,257,open,stale,0.668097,0.35,0.23383395,793.3985923500,1
5K0ZFCVO,East,MG Special,55.00,small,257,open,stale,0.668097,0.35,0.23383395,12.8608672500,1
6AEVX11M,East,MG Special,55.00,small,257,open,stale,0.668097,0.35,0.23383395,12.8608672500,1
WGETO859,East,GTX Basic,550.00,small,256,open,stale,0.668097,0.35,0.23383395,128.6086725000,1
CTWSDG4U,East,GTX Basic,550.00,small,256,open,stale,0.668097,0.35,0.23383395,128.6086725000,1
0EYXI1UN,West,MG Advanced,3393.00,small,256,open,stale,0.668097,0.35,0.23383395,793.3985923500,1
XOVYPE58,East,GTXPro,0.00,unknown,256,open,stale,0.631501,0.35,0.22102535,0.0000000000,1
S2MSQIXP,West,GTX Basic,550.00,small,256,open,stale,0.668097,0.35,0.23383395,128.6086725000,1
C32E4E1D,West,MG Special,55.00,small,255,open,stale,0.668097,0.35,0.23383395,12.8608672500,1
U2HYH97X,West,GTX Basic,550.00,small,255,open,stale,0.668097,0.35,0.23383395,128.6086725000,1
MRWHJE9P,East,GTX Plus Basic,1096.00,small,254,open,stale,0.668097,0.35,0.23383395,256.2820092000,1
FVGRGJU8,East,MG Advanced,3393.00,small,254,open,stale,0.668097,0.35,0.23383395,793.3985923500,1
Q6OUJCH5,West,GTXPro,0.00,unknown,254,open,stale,0.631501,0.35,0.22102535,0.0000000000,1
IIVP87B8,West,MG Special,55.00,small,253,open,stale,0.668097,0.35,0.23383395,12.8608672500,1
4QFATB6J,East,GTX Basic,550.00,small,253,open,stale,0.668097,0.35,0.23383395,128.6086725000,1
61E7IHAY,East,MG Special,55.00,small,253,open,stale,0.668097,0.35,0.23383395,12.8608672500,1
KTC0RC8I,West,MG Special,55.00,small,252,open,stale,0.668097,0.35,0.23383395,12.8608672500,1
CY7C3ZPJ,West,MG Advanced,3393.00,small,252,open,stale,0.668097,0.35,0.23383395,793.3985923500,1
M9GP930T,West,MG Special,55.00,small,252,open,stale,0.668097,0.35,0.23383395,12.8608672500,1
NMY6FA6X,East,MG Advanced,3393.00,small,251,open,stale,0.668097,0.35,0.23383395,793.3985923500,1
NUQPJV8A,West,MG Advanced,3393.00,small,251,open,stale,0.668097,0.35,0.23383395,793.3985923500,1
VY4IVO2W,West,GTX Plus Basic,1096.00,small,251,open,stale,0.668097,0.35,0.23383395,256.2820092000,1
INKH0Y59,West,MG Special,55.00,small,251,open,stale,0.668097,0.35,0.23383395,12.8608672500,1
OSMGVV1S,West,MG Special,55.00,small,251,open,stale,0.668097,0.35,0.23383395,12.8608672500,1
BDUNPUWY,East,GTX Plus Basic,1096.00,small,250,open,stale,0.668097,0.35,0.23383395,256.2820092000,1
HDALWEHF,East,GTXPro,0.00,unknown,250,open,stale,0.631501,0.35,0.22102535,0.0000000000,1
OTJR9SSK,West,GTX Plus Basic,1096.00,small,250,open,stale,0.668097,0.35,0.23383395,256.2820092000,1
GQ2W1DXM,West,GTXPro,0.00,unknown,250,open,stale,0.631501,0.35,0.22102535,0.0000000000,1
CEEJ2EN5,East,GTX Plus Basic,1096.00,small,250,open,stale,0.668097,0.35,0.23383395,256.2820092000,1
JNEQWZQK,East,GTX Basic,550.00,small,250,open,stale,0.668097,0.35,0.23383395,128.6086725000,1
RXAQJKSL,East,GTX Plus Pro,5482.00,medium,249,open,stale,0.707048,0.35,0.24746680,1356.6129976000,1
IGRY0M4Q,East,MG Advanced,3393.00,small,249,open,stale,0.668097,0.35,0.23383395,793.3985923500,1
9HYMQL4I,West,GTX Basic,550.00,small,249,open,stale,0.668097,0.35,0.23383395,128.6086725000,1
0KEO3OP7,East,GTX Plus Pro,5482.00,medium,248,open,stale,0.707048,0.35,0.24746680,1356.6129976000,1
7882RJGY,East,MG Special,55.00,small,248,open,stale,0.668097,0.35,0.23383395,12.8608672500,1
HHDQ9EW4,West,GTX Basic,550.00,small,247,open,stale,0.668097,0.35,0.23383395,128.6086725000,1
VMIAO42Z,West,GTX Plus Pro,5482.00,medium,247,open,stale,0.707048,0.35,0.24746680,1356.6129976000,1
VP8ERXPR,East,MG Special,55.00,small,246,open,stale,0.668097,0.35,0.23383395,12.8608672500,1
UEZOR630,West,GTX Basic,550.00,small,246,open,stale,0.668097,0.35,0.23383395,128.6086725000,1
R9U1QNHQ,West,MG Special,55.00,small,246,open,stale,0.668097,0.35,0.23383395,12.8608672500,1
5CZBHSRI,West,MG Advanced,3393.00,small,246,open,stale,0.668097,0.35,0.23383395,793.3985923500,1
DYNHHN6P,West,GTXPro,0.00,unknown,246,open,stale,0.631501,0.35,0.22102535,0.0000000000,1
ZH14SZPT,East,GTX Plus Basic,1096.00,small,246,open,stale,0.668097,0.35,0.23383395,256.2820092000,1
Q2CLAKLM,East,GTX Plus Pro,5482.00,medium,245,open,stale,0.707048,0.35,0.24746680,1356.6129976000,1
OTLQMB5X,West,GTX Basic,550.00,small,245,open,stale,0.668097,0.35,0.23383395,128.6086725000,1
OIO2H2MY,East,GTX Plus Pro,5482.00,medium,244,open,stale,0.707048,0.35,0.24746680,1356.6129976000,1
7DT8UKKY,East,GTX Basic,550.00,small,244,open,stale,0.668097,0.35,0.23383395,128.6086725000,1
OLGT0VHP,West,GTX Plus Pro,5482.00,medium,244,open,stale,0.707048,0.35,0.24746680,1356.6129976000,1
I92EJ805,West,GTX Basic,550.00,small,244,open,stale,0.668097,0.35,0.23383395,128.6086725000,1
5WHMLQDK,West,GTXPro,0.00,unknown,244,open,stale,0.631501,0.35,0.22102535,0.0000000000,1
QP006VDE,West,MG Advanced,3393.00,small,244,open,stale,0.668097,0.35,0.23383395,793.3985923500,1
R1K16RZO,West,GTX Plus Pro,5482.00,medium,244,open,stale,0.707048,0.35,0.24746680,1356.6129976000,1
UYQJ2A1O,West,GTX Plus Pro,5482.00,medium,244,open,stale,0.707048,0.35,0.24746680,1356.6129976000,1
UIX6X6R3,West,MG Advanced,3393.00,small,244,open,stale,0.668097,0.35,0.23383395,793.3985923500,1
60NIT1PM,East,GTX Plus Basic,1096.00,small,243,open,stale,0.668097,0.35,0.23383395,256.2820092000,1
44Y3J17P,East,GTX Plus Basic,1096.00,small,243,open,stale,0.668097,0.35,0.23383395,256.2820092000,1
J9OP2A5I,West,MG Special,55.00,small,243,open,stale,0.668097,0.35,0.23383395,12.8608672500,1
8WB5HXOB,West,GTX Plus Pro,5482.00,medium,243,open,stale,0.707048,0.35,0.24746680,1356.6129976000,1
4ZX1WPS7,East,GTXPro,0.00,unknown,242,open,stale,0.631501,0.35,0.22102535,0.0000000000,1
86C26QSR,West,GTX Plus Pro,5482.00,medium,242,open,stale,0.707048,0.35,0.24746680,1356.6129976000,1
LR45YFE4,East,MG Special,55.00,small,242,open,stale,0.668097,0.35,0.23383395,12.8608672500,1
UJ7BYO6A,East,MG Advanced,3393.00,small,241,open,stale,0.668097,0.35,0.23383395,793.3985923500,1
LCQ934W7,East,GTX Plus Basic,1096.00,small,240,open,stale,0.668097,0.35,0.23383395,256.2820092000,1
Z236WCM1,West,GTX Plus Basic,1096.00,small,240,open,stale,0.668097,0.35,0.23383395,256.2820092000,1
RG893DYQ,West,GTX Basic,550.00,small,240,open,stale,0.668097,0.35,0.23383395,128.6086725000,1
WQSJNIEZ,West,GTX Basic,550.00,small,240,open,stale,0.668097,0.35,0.23383395,128.6086725000,1
HF74MC9F,East,GTX Plus Pro,5482.00,medium,239,open,stale,0.707048,0.35,0.24746680,1356.6129976000,1
FWTTJ2G8,West,GTX Basic,550.00,small,239,open,stale,0.668097,0.35,0.23383395,128.6086725000,1
J71N4WQ6,West,GTX Plus Basic,1096.00,small,239,open,stale,0.668097,0.35,0.23383395,256.2820092000,1
IGHYUSN8,West,GTX Plus Pro,5482.00,medium,239,open,stale,0.707048,0.35,0.24746680,1356.6129976000,1
3F34LWKM,West,GTXPro,0.00,unknown,239,open,stale,0.631501,0.35,0.22102535,0.0000000000,1
RIC5ZHK4,East,GTX Plus Basic,1096.00,small,238,open,stale,0.668097,0.35,0.23383395,256.2820092000,1
YVXKNYSM,East,GTXPro,0.00,unknown,238,open,stale,0.631501,0.35,0.22102535,0.0000000000,1
73086D08,West,GTX Plus Pro,5482.00,medium,238,open,stale,0.707048,0.35,0.24746680,1356.6129976000,1
OIFERO7S,West,MG Advanced,3393.00,small,238,open,stale,0.668097,0.35,0.23383395,793.3985923500,1
Z2E1UVVB,East,MG Advanced,3393.00,small,238,open,stale,0.668097,0.35,0.23383395,793.3985923500,1
0AQGBN7B,West,GTX Plus Basic,1096.00,small,237,open,stale,0.668097,0.35,0.23383395,256.2820092000,1
UU25XD9E,West,GTXPro,0.00,unknown,237,open,stale,0.631501,0.35,0.22102535,0.0000000000,1
K5GFWLKM,East,GTX Plus Basic,1096.00,small,236,open,stale,0.668097,0.35,0.23383395,256.2820092000,1
1K6HY455,East,MG Advanced,3393.00,small,236,open,stale,0.668097,0.35,0.23383395,793.3985923500,1
GL1YE4PQ,West,GTK 500,26768.00,large,236,open,stale,0.600000,0.35,0.21000000,5621.2800000000,1
HFUZQFQQ,West,GTX Basic,550.00,small,236,open,stale,0.668097,0.35,0.23383395,128.6086725000,1
8SVMGDPA,West,GTX Plus Basic,1096.00,small,236,open,stale,0.668097,0.35,0.23383395,256.2820092000,1
FHWXZ6HL,East,GTXPro,0.00,unknown,236,open,stale,0.631501,0.35,0.22102535,0.0000000000,1
246MLWZ7,West,GTX Basic,550.00,small,236,open,stale,0.668097,0.35,0.23383395,128.6086725000,1
Q2RY668B,West,GTX Basic,550.00,small,235,open,stale,0.668097,0.35,0.23383395,128.6086725000,1
VBFYOCDO,West,GTX Basic,550.00,small,235,open,stale,0.668097,0.35,0.23383395,128.6086725000,1
T5SX9Z3T,West,GTX Basic,550.00,small,235,open,stale,0.668097,0.35,0.23383395,128.6086725000,1
VPG5E490,East,GTX Basic,550.00,small,234,open,stale,0.668097,0.35,0.23383395,128.6086725000,1
8I84MV5A,East,GTX Basic,550.00,small,234,open,stale,0.668097,0.35,0.23383395,128.6086725000,1
KF05URX0,East,MG Special,55.00,small,234,open,stale,0.668097,0.35,0.23383395,12.8608672500,1
5IQAJGCU,West,GTX Basic,550.00,small,234,open,stale,0.668097,0.35,0.23383395,128.6086725000,1
LTVGILHP,West,GTX Basic,550.00,small,234,open,stale,0.668097,0.35,0.23383395,128.6086725000,1
MV227O65,West,GTX Plus Pro,5482.00,medium,234,open,stale,0.707048,0.35,0.24746680,1356.6129976000,1
E8QHX9TE,West,GTX Plus Pro,5482.00,medium,234,open,stale,0.707048,0.35,0.24746680,1356.6129976000,1
I6UG2OLX,East,MG Advanced,3393.00,small,232,open,stale,0.668097,0.35,0.23383395,793.3985923500,1
3N46WQVI,West,MG Advanced,3393.00,small,232,open,stale,0.668097,0.35,0.23383395,793.3985923500,1
ALZNZ666,East,MG Advanced,3393.00,small,231,open,stale,0.668097,0.35,0.23383395,793.3985923500,1
BJO24Z5A,East,GTX Plus Basic,1096.00,small,231,open,stale,0.668097,0.35,0.23383395,256.2820092000,1
EF24VTVA,West,GTX Plus Pro,5482.00,medium,231,open,stale,0.707048,0.35,0.24746680,1356.6129976000,1
HY94AVIW,West,GTX Basic,550.00,small,231,open,stale,0.668097,0.35,0.23383395,128.6086725000,1
T4FQOS6J,West,GTX Plus Basic,1096.00,small,231,open,stale,0.668097,0.35,0.23383395,256.2820092000,1
848QSODT,West,GTX Basic,550.00,small,231,open,stale,0.668097,0.35,0.23383395,128.6086725000,1
89P5UVQ0,East,GTXPro,0.00,unknown,231,open,stale,0.631501,0.35,0.22102535,0.0000000000,1
3372JYYQ,East,MG Advanced,3393.00,small,230,open,stale,0.668097,0.35,0.23383395,793.3985923500,1
KJHM27ZM,East,GTX Plus Pro,5482.00,medium,230,open,stale,0.707048,0.35,0.24746680,1356.6129976000,1
7YT7NRV9,West,MG Special,55.00,small,230,open,stale,0.668097,0.35,0.23383395,12.8608672500,1
X4FW4JR1,West,GTX Basic,550.00,small,230,open,stale,0.668097,0.35,0.23383395,128.6086725000,1
XAC1J3TF,West,MG Advanced,3393.00,small,230,open,stale,0.668097,0.35,0.23383395,793.3985923500,1
ZIK2R3S7,East,MG Advanced,3393.00,small,229,open,stale,0.668097,0.35,0.23383395,793.3985923500,1
HF2DSIT5,West,GTX Basic,550.00,small,229,open,stale,0.668097,0.35,0.23383395,128.6086725000,1
M3IMVC9G,West,GTX Plus Basic,1096.00,small,229,open,stale,0.668097,0.35,0.23383395,256.2820092000,1
BTRIUUWG,East,GTX Basic,550.00,small,229,open,stale,0.668097,0.35,0.23383395,128.6086725000,1
XRO7PMA2,East,GTX Plus Basic,1096.00,small,228,open,stale,0.668097,0.35,0.23383395,256.2820092000,1
04OAV3CV,West,GTX Plus Pro,5482.00,medium,228,open,stale,0.707048,0.35,0.24746680,1356.6129976000,1
8GV0BQTU,West,MG Advanced,3393.00,small,228,open,stale,0.668097,0.35,0.23383395,793.3985923500,1
3SEMPUU1,West,GTXPro,0.00,unknown,228,open,stale,0.631501,0.35,0.22102535,0.0000000000,1
0K59ZLQC,East,GTX Basic,550.00,small,227,open,stale,0.668097,0.35,0.23383395,128.6086725000,1
2BXYT4PD,West,GTX Plus Pro,5482.00,medium,227,open,stale,0.707048,0.35,0.24746680,1356.6129976000,1
2FMT1053,West,MG Advanced,3393.00,small,227,open,stale,0.668097,0.35,0.23383395,793.3985923500,1
HU970PDK,West,GTX Plus Pro,5482.00,medium,227,open,stale,0.707048,0.35,0.24746680,1356.6129976000,1
D85PDC6S,West,GTX Plus Pro,5482.00,medium,227,open,stale,0.707048,0.35,0.24746680,1356.6129976000,1
7D75QXBD,West,GTX Plus Basic,1096.00,small,227,open,stale,0.668097,0.35,0.23383395,256.2820092000,1
N3GVE0VP,West,GTK 500,26768.00,large,227,open,stale,0.600000,0.35,0.21000000,5621.2800000000,1
OK39IHP1,West,MG Special,55.00,small,227,open,stale,0.668097,0.35,0.23383395,12.8608672500,1
CX4ZLSDW,East,MG Special,55.00,small,227,open,stale,0.668097,0.35,0.23383395,12.8608672500,1
UFL6ZQDV,West,GTX Basic,550.00,small,227,open,stale,0.668097,0.35,0.23383395,128.6086725000,1
MGD7DZAU,West,GTX Basic,550.00,small,226,open,stale,0.668097,0.35,0.23383395,128.6086725000,1
BRFHWGVC,West,GTX Plus Basic,1096.00,small,226,open,stale,0.668097,0.35,0.23383395,256.2820092000,1
8Z4ZMS9U,East,MG Advanced,3393.00,small,226,open,stale,0.668097,0.35,0.23383395,793.3985923500,1
JL9ERNVY,East,GTX Plus Pro,5482.00,medium,225,open,stale,0.707048,0.35,0.24746680,1356.6129976000,1
JM5GDLEF,East,GTXPro,0.00,unknown,225,open,stale,0.631501,0.35,0.22102535,0.0000000000,1
CX0SXNCN,East,GTX Basic,550.00,small,224,open,stale,0.668097,0.35,0.23383395,128.6086725000,1
RE3UNESR,West,GTX Basic,550.00,small,224,open,stale,0.668097,0.35,0.23383395,128.6086725000,1
PPUSV3RG,West,GTX Plus Pro,5482.00,medium,224,open,stale,0.707048,0.35,0.24746680,1356.6129976000,1
WM7XURV6,East,GTX Plus Basic,1096.00,small,223,open,stale,0.668097,0.35,0.23383395,256.2820092000,1
6I125KPN,East,MG Advanced,3393.00,small,223,open,stale,0.668097,0.35,0.23383395,793.3985923500,1
2YLXKON1,West,MG Advanced,3393.00,small,223,open,stale,0.668097,0.35,0.23383395,793.3985923500,1
ZJQKUIZ4,West,MG Special,55.00,small,223,open,stale,0.668097,0.35,0.23383395,12.8608672500,1
WS3BIQ4S,West,GTX Plus Pro,5482.00,medium,223,open,stale,0.707048,0.35,0.24746680,1356.6129976000,1
U177IWW0,West,GTX Plus Basic,1096.00,small,223,open,stale,0.668097,0.35,0.23383395,256.2820092000,1
SWEQFKRF,East,GTXPro,0.00,unknown,223,open,stale,0.631501,0.35,0.22102535,0.0000000000,1
HYSOZRCG,East,GTX Plus Basic,1096.00,small,222,open,stale,0.668097,0.35,0.23383395,256.2820092000,1
41RF80KQ,East,GTX Plus Pro,5482.00,medium,222,open,stale,0.707048,0.35,0.24746680,1356.6129976000,1
CYB0NUCJ,East,MG Special,55.00,small,222,open,stale,0.668097,0.35,0.23383395,12.8608672500,1
3H3TNCP5,West,GTX Plus Basic,1096.00,small,222,open,stale,0.668097,0.35,0.23383395,256.2820092000,1
11V16SZZ,East,GTX Basic,550.00,small,221,open,stale,0.668097,0.35,0.23383395,128.6086725000,1
3IWUUUCN,West,GTXPro,0.00,unknown,221,open,stale,0.631501,0.35,0.22102535,0.0000000000,1
K7TV5UBZ,West,GTX Plus Pro,5482.00,medium,221,open,stale,0.707048,0.35,0.24746680,1356.6129976000,1
4G0X8VHP,West,MG Advanced,3393.00,small,221,open,stale,0.668097,0.35,0.23383395,793.3985923500,1
6BIZ2MB6,West,MG Special,55.00,small,221,open,stale,0.668097,0.35,0.23383395,12.8608672500,1
0STR2QEA,East,GTX Plus Pro,5482.00,medium,220,open,stale,0.707048,0.35,0.24746680,1356.6129976000,1
Y2EC6KYG,West,MG Advanced,3393.00,small,220,open,stale,0.668097,0.35,0.23383395,793.3985923500,1
2PI827MA,West,GTXPro,0.00,unknown,220,open,stale,0.631501,0.35,0.22102535,0.0000000000,1
ZK4S74FD,West,GTX Plus Pro,5482.00,medium,220,open,stale,0.707048,0.35,0.24746680,1356.6129976000,1
E5V4WT18,West,MG Special,55.00,small,220,open,stale,0.668097,0.35,0.23383395,12.8608672500,1
7AXR8U55,East,MG Advanced,3393.00,small,219,open,stale,0.668097,0.35,0.23383395,793.3985923500,1
7X0T2QOL,West,MG Advanced,3393.00,small,219,open,stale,0.668097,0.35,0.23383395,793.3985923500,1
7KKFQ7LX,West,MG Advanced,3393.00,small,219,open,stale,0.668097,0.35,0.23383395,793.3985923500,1
IBZI95HI,West,GTX Plus Basic,1096.00,small,219,open,stale,0.668097,0.35,0.23383395,256.2820092000,1
3ATYY665,West,GTXPro,0.00,unknown,219,open,stale,0.631501,0.35,0.22102535,0.0000000000,1
EPSIB2JR,East,MG Special,55.00,small,219,open,stale,0.668097,0.35,0.23383395,12.8608672500,1
G1L2YY5P,West,GTX Basic,550.00,small,219,open,stale,0.668097,0.35,0.23383395,128.6086725000,1
DC2JL47C,East,GTXPro,0.00,unknown,218,open,stale,0.631501,0.35,0.22102535,0.0000000000,1
GMN9KQN2,East,GTXPro,0.00,unknown,218,open,stale,0.631501,0.35,0.22102535,0.0000000000,1
VXTVHC1Z,East,GTX Plus Pro,5482.00,medium,217,open,stale,0.707048,0.35,0.24746680,1356.6129976000,1
BO1ZOZG2,West,GTX Plus Basic,1096.00,small,217,open,stale,0.668097,0.35,0.23383395,256.2820092000,1
OERROEPM,West,GTX Basic,550.00,small,217,open,stale,0.668097,0.35,0.23383395,128.6086725000,1
MWSPTOQK,West,GTXPro,0.00,unknown,217,open,stale,0.631501,0.35,0.22102535,0.0000000000,1
RY6T3GLC,East,GTXPro,0.00,unknown,216,open,stale,0.631501,0.35,0.22102535,0.0000000000,1
8G3HB5S6,West,GTX Basic,550.00,small,216,open,stale,0.668097,0.35,0.23383395,128.6086725000,1
MPME6VZD,West,GTX Plus Basic,1096.00,small,216,open,stale,0.668097,0.35,0.23383395,256.2820092000,1
EUYJDW9C,West,GTXPro,0.00,unknown,216,open,stale,0.631501,0.35,0.22102535,0.0000000000,1
YRTI0EKE,West,GTX Basic,550.00,small,216,open,stale,0.668097,0.35,0.23383395,128.6086725000,1
UMXZFLO8,West,GTXPro,0.00,unknown,216,open,stale,0.631501,0.35,0.22102535,0.0000000000,1
QNVW1NSS,East,MG Advanced,3393.00,small,215,open,stale,0.668097,0.35,0.23383395,793.3985923500,1
GIPPUV2F,West,GTX Plus Basic,1096.00,small,214,open,stale,0.668097,0.35,0.23383395,256.2820092000,1
HTBPSC2D,West,GTX Basic,550.00,small,214,open,stale,0.668097,0.35,0.23383395,128.6086725000,1
SIBR2J01,West,MG Special,55.00,small,214,open,stale,0.668097,0.35,0.23383395,12.8608672500,1
UGTXH980,East,GTXPro,0.00,unknown,213,open,stale,0.631501,0.35,0.22102535,0.0000000000,1
ZTVWSE98,West,MG Special,55.00,small,213,open,stale,0.668097,0.35,0.23383395,12.8608672500,1
SPV7OJTH,East,MG Advanced,3393.00,small,212,open,stale,0.668097,0.35,0.23383395,793.3985923500,1
N7G1TU1X,West,MG Advanced,3393.00,small,212,open,stale,0.668097,0.35,0.23383395,793.3985923500,1
CUV49MUR,East,GTXPro,0.00,unknown,212,open,stale,0.631501,0.35,0.22102535,0.0000000000,1
7VMOJBPN,West,GTXPro,0.00,unknown,211,open,stale,0.631501,0.35,0.22102535,0.0000000000,1
YTGQKC7A,West,MG Special,55.00,small,211,open,stale,0.668097,0.35,0.23383395,12.8608672500,1
F8QQEW1W,West,GTX Plus Basic,1096.00,small,210,open,stale,0.668097,0.35,0.23383395,256.2820092000,1
4LXUITP3,West,GTX Basic,550.00,small,210,open,stale,0.668097,0.35,0.23383395,128.6086725000,1
GXC8JN36,West,GTXPro,0.00,unknown,210,open,stale,0.631501,0.35,0.22102535,0.0000000000,1
XTE9XJTS,West,MG Special,55.00,small,210,open,stale,0.668097,0.35,0.23383395,12.8608672500,1
PIFPDJMN,West,GTX Basic,550.00,small,209,open,stale,0.668097,0.35,0.23383395,128.6086725000,1
7J0ZLDB1,West,MG Special,55.00,small,209,open,stale,0.668097,0.35,0.23383395,12.8608672500,1
XQY4Z4KI,East,MG Special,55.00,small,208,open,stale,0.668097,0.35,0.23383395,12.8608672500,1
9GYIYGHW,East,MG Advanced,3393.00,small,208,open,stale,0.668097,0.35,0.23383395,793.3985923500,1
DW29KM30,West,MG Advanced,3393.00,small,207,open,stale,0.668097,0.35,0.23383395,793.3985923500,1
RKVXBXBM,West,MG Special,55.00,small,207,open,stale,0.668097,0.35,0.23383395,12.8608672500,1
C6TQMD3C,West,GTX Plus Pro,5482.00,medium,207,open,stale,0.707048,0.35,0.24746680,1356.6129976000,1
IQMW1VDP,East,MG Special,55.00,small,207,open,stale,0.668097,0.35,0.23383395,12.8608672500,1
R9AVNYCO,West,GTX Plus Basic,1096.00,small,207,open,stale,0.668097,0.35,0.23383395,256.2820092000,1
G1AKE0NR,West,GTXPro,0.00,unknown,207,open,stale,0.631501,0.35,0.22102535,0.0000000000,1
AY3KTIXX,West,GTX Plus Pro,5482.00,medium,206,open,stale,0.707048,0.35,0.24746680,1356.6129976000,1
S2J63YRV,East,MG Special,55.00,small,206,open,stale,0.668097,0.35,0.23383395,12.8608672500,1
D17T8PTH,West,GTX Basic,550.00,small,206,open,stale,0.668097,0.35,0.23383395,128.6086725000,1
FHM7LYZ3,East,MG Special,55.00,small,205,open,stale,0.668097,0.35,0.23383395,12.8608672500,1
REO3FMSB,East,MG Advanced,3393.00,small,205,open,stale,0.668097,0.35,0.23383395,793.3985923500,1
BJJQSJD8,East,GTX Plus Basic,1096.00,small,205,open,stale,0.668097,0.35,0.23383395,256.2820092000,1
T56J7ES7,West,GTX Plus Basic,1096.00,small,205,open,stale,0.668097,0.35,0.23383395,256.2820092000,1
GG85QBTM,West,GTK 500,26768.00,large,204,open,stale,0.600000,0.35,0.21000000,5621.2800000000,1
LC2RIMSX,West,GTXPro,0.00,unknown,204,open,stale,0.631501,0.35,0.22102535,0.0000000000,1
RUAU1ORD,West,GTX Basic,550.00,small,204,open,stale,0.668097,0.35,0.23383395,128.6086725000,1
ZI89S9HC,West,MG Advanced,3393.00,small,203,open,stale,0.668097,0.35,0.23383395,793.3985923500,1
5653N8BM,East,GTX Plus Basic,1096.00,small,203,open,stale,0.668097,0.35,0.23383395,256.2820092000,1
477HSG28,West,GTX Basic,550.00,small,203,open,stale,0.668097,0.35,0.23383395,128.6086725000,1
YT34YUZN,East,GTXPro,0.00,unknown,202,open,stale,0.631501,0.35,0.22102535,0.0000000000,1
MCA0202R,West,GTX Basic,550.00,small,202,open,stale,0.668097,0.35,0.23383395,128.6086725000,1
3A7G5K0E,West,GTX Basic,550.00,small,202,open,stale,0.668097,0.35,0.23383395,128.6086725000,1
WWCMITY9,West,GTXPro,0.00,unknown,202,open,stale,0.631501,0.35,0.22102535,0.0000000000,1
TNWCER5C,East,GTX Plus Basic,1096.00,small,202,open,stale,0.668097,0.35,0.23383395,256.2820092000,1
SE6OIGYN,East,GTX Plus Basic,1096.00,small,202,open,stale,0.668097,0.35,0.23383395,256.2820092000,1
WTAM4BED,East,MG Special,55.00,small,201,open,stale,0.668097,0.35,0.23383395,12.8608672500,1
7HSRDCCK,West,GTX Plus Pro,5482.00,medium,201,open,stale,0.707048,0.35,0.24746680,1356.6129976000,1
WA4TPQ5U,West,GTX Plus Basic,1096.00,small,201,open,stale,0.668097,0.35,0.23383395,256.2820092000,1
C7ODMOS2,West,MG Advanced,3393.00,small,201,open,stale,0.668097,0.35,0.23383395,793.3985923500,1
JS5N8USN,East,GTX Plus Basic,1096.00,small,200,open,aging,0.668097,0.65,0.43426305,475.9523028000,1
3VC45PML,West,GTX Basic,550.00,small,200,open,aging,0.668097,0.65,0.43426305,238.8446775000,1
5URQT67R,West,GTK 500,26768.00,large,200,open,aging,0.600000,0.65,0.39000000,10439.5200000000,1
YX4E972E,West,GTXPro,0.00,unknown,200,open,aging,0.631501,0.65,0.41047565,0.0000000000,1
ZU3GICE9,West,GTX Basic,550.00,small,199,open,aging,0.668097,0.65,0.43426305,238.8446775000,1
OXNWRI4I,West,MG Special,55.00,small,199,open,aging,0.668097,0.65,0.43426305,23.8844677500,1
HKV37WU9,West,GTX Basic,550.00,small,199,open,aging,0.668097,0.65,0.43426305,238.8446775000,1
YXXWQA4G,West,MG Advanced,3393.00,small,199,open,aging,0.668097,0.65,0.43426305,1473.4545286500,1
L1YN7LDL,East,MG Special,55.00,small,198,open,aging,0.668097,0.65,0.43426305,23.8844677500,1
NEFPSWOJ,West,GTX Plus Basic,1096.00,small,198,open,aging,0.668097,0.65,0.43426305,475.9523028000,1
PFKDTEYU,East,GTXPro,0.00,unknown,198,open,aging,0.631501,0.65,0.41047565,0.0000000000,1
3C5GNT3Q,West,MG Special,55.00,small,198,open,aging,0.668097,0.65,0.43426305,23.8844677500,1
0LRVHITK,East,MG Special,55.00,small,198,open,aging,0.668097,0.65,0.43426305,23.8844677500,1
HABN7JBG,West,GTX Basic,550.00,small,197,open,aging,0.668097,0.65,0.43426305,238.8446775000,1
2O76H591,West,MG Advanced,3393.00,small,197,open,aging,0.668097,0.65,0.43426305,1473.4545286500,1
KSOW4MUK,West,GTX Basic,550.00,small,197,open,aging,0.668097,0.65,0.43426305,238.8446775000,1
FHYD80FB,West,GTXPro,0.00,unknown,197,open,aging,0.631501,0.65,0.41047565,0.0000000000,1
1ORXGKVH,West,GTXPro,0.00,unknown,197,open,aging,0.631501,0.65,0.41047565,0.0000000000,1
EGEJA2HY,West,GTX Basic,550.00,small,197,open,aging,0.668097,0.65,0.43426305,238.8446775000,1
TIPG6R0Z,West,GTX Basic,550.00,small,197,open,aging,0.668097,0.65,0.43426305,238.8446775000,1
H3DYTZIQ,East,GTX Plus Basic,1096.00,small,196,open,aging,0.668097,0.65,0.43426305,475.9523028000,1
HEWKNHTH,East,GTX Plus Pro,5482.00,medium,196,open,aging,0.707048,0.65,0.45958120,2519.4241384000,1
EFIR7HGR,East,MG Advanced,3393.00,small,196,open,aging,0.668097,0.65,0.43426305,1473.4545286500,1
H176AX96,West,MG Advanced,3393.00,small,196,open,aging,0.668097,0.65,0.43426305,1473.4545286500,1
XU836DFA,West,GTX Basic,550.00,small,196,open,aging,0.668097,0.65,0.43426305,238.8446775000,1
961ED0B1,East,GTX Plus Basic,1096.00,small,195,open,aging,0.668097,0.65,0.43426305,475.9523028000,1
LLQCQOCR,West,GTX Plus Basic,1096.00,small,195,open,aging,0.668097,0.65,0.43426305,475.9523028000,1
54OH0061,West,GTXPro,0.00,unknown,195,open,aging,0.631501,0.65,0.41047565,0.0000000000,1
PCVNB0NO,West,GTX Basic,550.00,small,195,open,aging,0.668097,0.65,0.43426305,238.8446775000,1
WEKW3XIN,East,GTX Plus Pro,5482.00,medium,194,open,aging,0.707048,0.65,0.45958120,2519.4241384000,1
E29GOFUV,West,MG Special,55.00,small,194,open,aging,0.668097,0.65,0.43426305,23.8844677500,1
2MKG6ZDD,West,GTX Basic,550.00,small,194,open,aging,0.668097,0.65,0.43426305,238.8446775000,1
RUFJMV3I,West,MG Special,55.00,small,194,open,aging,0.668097,0.65,0.43426305,23.8844677500,1
KDPBAHOJ,West,MG Advanced,3393.00,small,194,open,aging,0.668097,0.65,0.43426305,1473.4545286500,1
96798U7Y,East,GTXPro,0.00,unknown,194,open,aging,0.631501,0.65,0.41047565,0.0000000000,1
B6Z5NFV0,East,MG Advanced,3393.00,small,194,open,aging,0.668097,0.65,0.43426305,1473.4545286500,1
VH6OFWCV,West,MG Advanced,3393.00,small,194,open,aging,0.668097,0.65,0.43426305,1473.4545286500,1
BJO4VYLK,East,GTXPro,0.00,unknown,193,open,aging,0.631501,0.65,0.41047565,0.0000000000,1
14CNQKX8,West,GTXPro,0.00,unknown,193,open,aging,0.631501,0.65,0.41047565,0.0000000000,1
VHZFABAC,East,MG Special,55.00,small,192,open,aging,0.668097,0.65,0.43426305,23.8844677500,1
10THTNLC,West,GTX Plus Basic,1096.00,small,192,open,aging,0.668097,0.65,0.43426305,475.9523028000,1
QU6CFZ22,East,MG Advanced,3393.00,small,191,open,aging,0.668097,0.65,0.43426305,1473.4545286500,1
BJOY31DL,East,MG Special,55.00,small,191,open,aging,0.668097,0.65,0.43426305,23.8844677500,1
O9WYT5ST,West,GTXPro,0.00,unknown,191,open,aging,0.631501,0.65,0.41047565,0.0000000000,1
EBLSL27F,East,GTX Plus Pro,5482.00,medium,190,open,aging,0.707048,0.65,0.45958120,2519.4241384000,1
13FIM9V3,East,GTXPro,0.00,unknown,190,open,aging,0.631501,0.65,0.41047565,0.0000000000,1
74KGIZW4,West,GTXPro,0.00,unknown,190,open,aging,0.631501,0.65,0.41047565,0.0000000000,1
HSYU33MS,West,MG Special,55.00,small,190,open,aging,0.668097,0.65,0.43426305,23.8844677500,1
Z6R4KJFU,East,GTXPro,0.00,unknown,189,open,aging,0.631501,0.65,0.41047565,0.0000000000,1
24REVMX7,West,GTX Basic,550.00,small,189,open,aging,0.668097,0.65,0.43426305,238.8446775000,1
AW4PSTWR,East,GTX Basic,550.00,small,189,open,aging,0.668097,0.65,0.43426305,238.8446775000,1
2FNTCPOU,West,GTX Plus Pro,5482.00,medium,189,open,aging,0.707048,0.65,0.45958120,2519.4241384000,1
A8QRKXG3,West,GTXPro,0.00,unknown,189,open,aging,0.631501,0.65,0.41047565,0.0000000000,1
S2SC8AP7,East,MG Special,55.00,small,189,open,aging,0.668097,0.65,0.43426305,23.8844677500,1
ZT52DT8H,East,MG Advanced,3393.00,small,188,open,aging,0.668097,0.65,0.43426305,1473.4545286500,1
ND0OV6MQ,West,GTX Plus Basic,1096.00,small,188,open,aging,0.668097,0.65,0.43426305,475.9523028000,1
23NAJF9W,West,GTXPro,0.00,unknown,188,open,aging,0.631501,0.65,0.41047565,0.0000000000,1
HTF7TYQS,East,GTXPro,0.00,unknown,187,open,aging,0.631501,0.65,0.41047565,0.0000000000,1
R443AUAG,East,GTXPro,0.00,unknown,187,open,aging,0.631501,0.65,0.41047565,0.0000000000,1
V71FMJBD,East,MG Advanced,3393.00,small,186,open,aging,0.668097,0.65,0.43426305,1473.4545286500,1
SZAMHBGA,East,MG Advanced,3393.00,small,186,open,aging,0.668097,0.65,0.43426305,1473.4545286500,1
ZD1X3R4G,East,GTX Plus Basic,1096.00,small,185,open,aging,0.668097,0.65,0.43426305,475.9523028000,1
EMUG64GW,West,GTX Basic,550.00,small,185,open,aging,0.668097,0.65,0.43426305,238.8446775000,1
XYRO1TLJ,West,GTXPro,0.00,unknown,185,open,aging,0.631501,0.65,0.41047565,0.0000000000,1
T4FR3FAC,West,MG Advanced,3393.00,small,185,open,aging,0.668097,0.65,0.43426305,1473.4545286500,1
BMH2FEGF,East,GTX Plus Basic,1096.00,small,184,open,aging,0.668097,0.65,0.43426305,475.9523028000,1
3T23AW36,West,GTX Plus Basic,1096.00,small,184,open,aging,0.668097,0.65,0.43426305,475.9523028000,1
JUHQ1POT,East,GTX Plus Basic,1096.00,small,183,open,aging,0.668097,0.65,0.43426305,475.9523028000,1
FOJG3OCO,East,GTX Plus Pro,5482.00,medium,183,open,aging,0.707048,0.65,0.45958120,2519.4241384000,1
04SCU6DK,East,MG Advanced,3393.00,small,183,open,aging,0.668097,0.65,0.43426305,1473.4545286500,1
AR33M33M,West,GTX Plus Basic,1096.00,small,183,open,aging,0.668097,0.65,0.43426305,475.9523028000,1
VSYO182N,West,GTXPro,0.00,unknown,183,open,aging,0.631501,0.65,0.41047565,0.0000000000,1
BCA6Y34B,East,MG Advanced,3393.00,small,183,open,aging,0.668097,0.65,0.43426305,1473.4545286500,1
H9N9DP3D,West,GTX Basic,550.00,small,183,open,aging,0.668097,0.65,0.43426305,238.8446775000,1
WQAKXOYU,East,GTXPro,0.00,unknown,182,open,aging,0.631501,0.65,0.41047565,0.0000000000,1
HAUB1NBF,East,GTXPro,0.00,unknown,182,open,aging,0.631501,0.65,0.41047565,0.0000000000,1
Z9S1ZX7W,East,GTX Plus Basic,1096.00,small,182,open,aging,0.668097,0.65,0.43426305,475.9523028000,1
HLDA8IA1,West,MG Special,55.00,small,182,open,aging,0.668097,0.65,0.43426305,23.8844677500,1
4EGO7VCJ,West,GTXPro,0.00,unknown,182,open,aging,0.631501,0.65,0.41047565,0.0000000000,1
HIV4W2E0,West,GTX Plus Basic,1096.00,small,182,open,aging,0.668097,0.65,0.43426305,475.9523028000,1
35LLMROC,West,GTX Basic,550.00,small,181,open,aging,0.668097,0.65,0.43426305,238.8446775000,1
49T60OCI,East,GTX Plus Pro,5482.00,medium,180,open,aging,0.707048,0.65,0.45958120,2519.4241384000,1
W07RZO17,West,MG Advanced,3393.00,small,180,open,aging,0.668097,0.65,0.43426305,1473.4545286500,1
UGB3A3CE,West,MG Special,55.00,small,180,open,aging,0.668097,0.65,0.43426305,23.8844677500,1
AWORM94L,East,GTX Basic,550.00,small,179,open,aging,0.668097,0.65,0.43426305,238.8446775000,1
SXYJU7LC,West,GTX Basic,550.00,small,179,open,aging,0.668097,0.65,0.43426305,238.8446775000,1
QP0QCP8Y,West,GTX Plus Pro,5482.00,medium,179,open,aging,0.707048,0.65,0.45958120,2519.4241384000,1
K7056XS7,East,MG Advanced,3393.00,small,179,open,aging,0.668097,0.65,0.43426305,1473.4545286500,1
BRFZCNMP,East,GTX Plus Basic,1096.00,small,178,open,aging,0.668097,0.65,0.43426305,475.9523028000,1
E2KGQVEO,East,MG Advanced,3393.00,small,178,open,aging,0.668097,0.65,0.43426305,1473.4545286500,1
81PWOUF0,West,GTXPro,0.00,unknown,178,open,aging,0.631501,0.65,0.41047565,0.0000000000,1
CFI2GXN1,East,GTXPro,0.00,unknown,177,open,aging,0.631501,0.65,0.41047565,0.0000000000,1
5M5TW9RC,East,GTX Plus Basic,1096.00,small,177,open,aging,0.668097,0.65,0.43426305,475.9523028000,1
K1K48OTP,West,GTX Plus Pro,5482.00,medium,177,open,aging,0.707048,0.65,0.45958120,2519.4241384000,1
YYTZSTL0,East,GTX Plus Pro,5482.00,medium,177,open,aging,0.707048,0.65,0.45958120,2519.4241384000,1
ORM1IRQ2,East,MG Special,55.00,small,177,open,aging,0.668097,0.65,0.43426305,23.8844677500,1
QU220OFI,East,GTX Basic,550.00,small,176,open,aging,0.668097,0.65,0.43426305,238.8446775000,1
B3A6VXVQ,East,GTX Basic,550.00,small,176,open,aging,0.668097,0.65,0.43426305,238.8446775000,1
QKXCMJVB,West,GTX Basic,550.00,small,176,open,aging,0.668097,0.65,0.43426305,238.8446775000,1
0D37PQA0,East,GTX Plus Basic,1096.00,small,176,open,aging,0.668097,0.65,0.43426305,475.9523028000,1
D193SPY4,East,MG Special,55.00,small,176,open,aging,0.668097,0.65,0.43426305,23.8844677500,1
NK1B8YME,East,GTX Plus Pro,5482.00,medium,175,open,aging,0.707048,0.65,0.45958120,2519.4241384000,1
OT26ZUZ7,East,GTXPro,0.00,unknown,175,open,aging,0.631501,0.65,0.41047565,0.0000000000,1
HI9S2MRZ,West,GTX Plus Basic,1096.00,small,175,open,aging,0.668097,0.65,0.43426305,475.9523028000,1
6AO6E15O,West,GTXPro,0.00,unknown,175,open,aging,0.631501,0.65,0.41047565,0.0000000000,1
OW9OM3UO,West,MG Advanced,3393.00,small,175,open,aging,0.668097,0.65,0.43426305,1473.4545286500,1
CQYAMIQ3,West,GTXPro,0.00,unknown,175,open,aging,0.631501,0.65,0.41047565,0.0000000000,1
QV3TAWDT,East,GTXPro,0.00,unknown,174,open,aging,0.631501,0.65,0.41047565,0.0000000000,1
USJWM3F3,East,GTX Basic,550.00,small,174,open,aging,0.668097,0.65,0.43426305,238.8446775000,1
0T9KUEQ2,East,GTX Plus Pro,5482.00,medium,173,open,aging,0.707048,0.65,0.45958120,2519.4241384000,1
JB3J080M,West,GTX Plus Pro,5482.00,medium,173,open,aging,0.707048,0.65,0.45958120,2519.4241384000,1
21OMR381,East,MG Special,55.00,small,172,open,aging,0.668097,0.65,0.43426305,23.8844677500,1
X9HFP474,East,GTX Basic,550.00,small,172,open,aging,0.668097,0.65,0.43426305,238.8446775000,1
R0XNAFUB,West,GTX Basic,550.00,small,172,open,aging,0.668097,0.65,0.43426305,238.8446775000,1
4LOHS2AJ,East,MG Special,55.00,small,171,open,aging,0.668097,0.65,0.43426305,23.8844677500,1
8JH8YA79,West,GTX Basic,550.00,small,170,open,aging,0.668097,0.65,0.43426305,238.8446775000,1
8BYEALF9,West,MG Special,55.00,small,170,open,aging,0.668097,0.65,0.43426305,23.8844677500,1
YVDQ80A0,West,GTX Plus Basic,1096.00,small,169,open,aging,0.668097,0.65,0.43426305,475.9523028000,1
CI9S6CST,West,MG Special,55.00,small,169,open,aging,0.668097,0.65,0.43426305,23.8844677500,1
ISQJD695,East,GTX Basic,550.00,small,168,open,aging,0.668097,0.65,0.43426305,238.8446775000,1
M2A8EY5Q,West,GTX Plus Pro,5482.00,medium,168,open,aging,0.707048,0.65,0.45958120,2519.4241384000,1
3CB3WNBM,East,GTX Basic,550.00,small,167,open,aging,0.668097,0.65,0.43426305,238.8446775000,1
EJDRMHNC,East,MG Special,55.00,small,167,open,aging,0.668097,0.65,0.43426305,23.8844677500,1
O8C2G4G2,East,MG Advanced,3393.00,small,167,open,aging,0.668097,0.65,0.43426305,1473.4545286500,1
HBN3R2TJ,West,MG Advanced,3393.00,small,167,open,aging,0.668097,0.65,0.43426305,1473.4545286500,1
7A3R2M9T,West,GTX Plus Pro,5482.00,medium,167,open,aging,0.707048,0.65,0.45958120,2519.4241384000,1
O28I4VDY,East,GTX Plus Basic,1096.00,small,166,open,aging,0.668097,0.65,0.43426305,475.9523028000,1
XRWMLGOG,West,MG Advanced,3393.00,small,166,open,aging,0.668097,0.65,0.43426305,1473.4545286500,1
MIXJ9F4F,West,GTX Plus Basic,1096.00,small,166,open,aging,0.668097,0.65,0.43426305,475.9523028000,1
39EYEBMK,East,GTX Basic,550.00,small,166,open,aging,0.668097,0.65,0.43426305,238.8446775000,1
LAYVBSH4,Central,GTX Basic,550.00,small,165,open,aging,0.668097,0.65,0.43426305,238.8446775000,1
055Z2OAS,Central,MG Special,55.00,small,165,open,aging,0.668097,0.65,0.43426305,23.8844677500,1
Q9VC6GV0,Central,MG Special,55.00,small,165,open,aging,0.668097,0.65,0.43426305,23.8844677500,1
8D8JOXP6,Central,MG Special,55.00,small,165,open,aging,0.668097,0.65,0.43426305,23.8844677500,1
IPHP2GVT,Central,MG Special,55.00,small,165,open,aging,0.668097,0.65,0.43426305,23.8844677500,1
X8M3SCVF,Central,GTX Basic,550.00,small,165,open,aging,0.668097,0.65,0.43426305,238.8446775000,1
I3KQNE9V,Central,GTX Plus Pro,5482.00,medium,165,open,aging,0.707048,0.65,0.45958120,2519.4241384000,1
NU4ACGMY,Central,GTXPro,0.00,unknown,165,open,aging,0.631501,0.65,0.41047565,0.0000000000,1
CCLIVXMG,West,GTXPro,0.00,unknown,165,open,aging,0.631501,0.65,0.41047565,0.0000000000,1
LDK61ORQ,West,MG Special,55.00,small,165,open,aging,0.668097,0.65,0.43426305,23.8844677500,1
PQOHTS9I,Central,GTXPro,0.00,unknown,165,open,aging,0.631501,0.65,0.41047565,0.0000000000,1
LORMJLTE,Central,GTX Plus Basic,1096.00,small,165,open,aging,0.668097,0.65,0.43426305,475.9523028000,1
HIVUC1C4,Central,MG Special,55.00,small,165,open,aging,0.668097,0.65,0.43426305,23.8844677500,1
E3XLWCWX,Central,GTX Plus Pro,5482.00,medium,165,open,aging,0.707048,0.65,0.45958120,2519.4241384000,1
7LD79NYD,Central,MG Advanced,3393.00,small,165,open,aging,0.668097,0.65,0.43426305,1473.4545286500,1
BKOWQMMV,Central,GTX Basic,550.00,small,165,open,aging,0.668097,0.65,0.43426305,238.8446775000,1
2WDSO6PG,Central,GTX Basic,550.00,small,165,open,aging,0.668097,0.65,0.43426305,238.8446775000,1
IQFDPIND,Central,GTX Basic,550.00,small,165,open,aging,0.668097,0.65,0.43426305,238.8446775000,1
JHCA115A,West,GTXPro,0.00,unknown,165,open,aging,0.631501,0.65,0.41047565,0.0000000000,1
DMG5EOFC,East,MG Advanced,3393.00,small,165,open,aging,0.668097,0.65,0.43426305,1473.4545286500,1
ZGFB0IF1,Central,GTX Plus Basic,1096.00,small,164,open,aging,0.668097,0.65,0.43426305,475.9523028000,1
LD4F6QTP,Central,GTX Plus Pro,5482.00,medium,164,open,aging,0.707048,0.65,0.45958120,2519.4241384000,1
1FEHFRKX,Central,GTX Plus Pro,5482.00,medium,164,open,aging,0.707048,0.65,0.45958120,2519.4241384000,1
DNBR1VHP,Central,MG Special,55.00,small,164,open,aging,0.668097,0.65,0.43426305,23.8844677500,1
1R2CLEGQ,Central,MG Special,55.00,small,164,open,aging,0.668097,0.65,0.43426305,23.8844677500,1
NSO0UHK1,East,GTX Plus Basic,1096.00,small,164,open,aging,0.668097,0.65,0.43426305,475.9523028000,1
LHBWJAD3,Central,GTX Plus Basic,1096.00,small,164,open,aging,0.668097,0.65,0.43426305,475.9523028000,1
KRWKDPWW,Central,GTX Plus Basic,1096.00,small,164,open,aging,0.668097,0.65,0.43426305,475.9523028000,1
6V7FT2YU,Central,GTXPro,0.00,unknown,164,open,aging,0.631501,0.65,0.41047565,0.0000000000,1
OI3UIKVF,West,GTX Plus Basic,1096.00,small,164,open,aging,0.668097,0.65,0.43426305,475.9523028000,1
GY10EROJ,Central,GTX Basic,550.00,small,164,open,aging,0.668097,0.65,0.43426305,238.8446775000,1
90G292UY,Central,GTX Basic,550.00,small,164,open,aging,0.668097,0.65,0.43426305,238.8446775000,1
JDHHDOX8,Central,GTX Basic,550.00,small,164,open,aging,0.668097,0.65,0.43426305,238.8446775000,1
KTWP0SMT,Central,GTX Basic,550.00,small,164,open,aging,0.668097,0.65,0.43426305,238.8446775000,1
29W6WPLA,Central,GTX Plus Basic,1096.00,small,164,open,aging,0.668097,0.65,0.43426305,475.9523028000,1
CDVDL9I5,Central,GTX Plus Basic,1096.00,small,164,open,aging,0.668097,0.65,0.43426305,475.9523028000,1
PJ75Q8VM,Central,GTXPro,0.00,unknown,164,open,aging,0.631501,0.65,0.41047565,0.0000000000,1
0NSRB3EO,Central,MG Special,55.00,small,164,open,aging,0.668097,0.65,0.43426305,23.8844677500,1
TDJ3N8EJ,West,MG Advanced,3393.00,small,164,open,aging,0.668097,0.65,0.43426305,1473.4545286500,1
7439NGIG,Central,GTXPro,0.00,unknown,164,open,aging,0.631501,0.65,0.41047565,0.0000000000,1
3JW6CZ7K,Central,GTX Basic,550.00,small,164,open,aging,0.668097,0.65,0.43426305,238.8446775000,1
F3EOBN5A,Central,GTX Plus Pro,5482.00,medium,164,open,aging,0.707048,0.65,0.45958120,2519.4241384000,1
AERVH1AC,Central,GTX Plus Basic,1096.00,small,164,open,aging,0.668097,0.65,0.43426305,475.9523028000,1
BBOWBQA6,Central,GTX Plus Pro,5482.00,medium,164,open,aging,0.707048,0.65,0.45958120,2519.4241384000,1
GEQ7KT9J,East,GTX Plus Basic,1096.00,small,164,open,aging,0.668097,0.65,0.43426305,475.9523028000,1
S50ETCN7,Central,GTX Plus Basic,1096.00,small,163,open,aging,0.668097,0.65,0.43426305,475.9523028000,1
0KRVN3V5,Central,MG Advanced,3393.00,small,163,open,aging,0.668097,0.65,0.43426305,1473.4545286500,1
UJ58VMZT,Central,GTX Plus Basic,1096.00,small,163,open,aging,0.668097,0.65,0.43426305,475.9523028000,1
E8GD44YC,Central,GTX Plus Basic,1096.00,small,163,open,aging,0.668097,0.65,0.43426305,475.9523028000,1
A3T91VUM,Central,MG Special,55.00,small,163,open,aging,0.668097,0.65,0.43426305,23.8844677500,1
S6YZO6UQ,Central,GTXPro,0.00,unknown,163,open,aging,0.631501,0.65,0.41047565,0.0000000000,1
PI45UJKA,Central,GTXPro,0.00,unknown,163,open,aging,0.631501,0.65,0.41047565,0.0000000000,1
T9QD8U1Y,Central,MG Special,55.00,small,163,open,aging,0.668097,0.65,0.43426305,23.8844677500,1
WLDFQR7Z,Central,MG Advanced,3393.00,small,163,open,aging,0.668097,0.65,0.43426305,1473.4545286500,1
PNISVWNN,Central,MG Advanced,3393.00,small,163,open,aging,0.668097,0.65,0.43426305,1473.4545286500,1
0HVUV9OY,Central,GTX Basic,550.00,small,163,open,aging,0.668097,0.65,0.43426305,238.8446775000,1
GVJFKHNL,Central,MG Special,55.00,small,163,open,aging,0.668097,0.65,0.43426305,23.8844677500,1
COSC7XVA,Central,MG Advanced,3393.00,small,163,open,aging,0.668097,0.65,0.43426305,1473.4545286500,1
WARBRUXU,Central,GTX Basic,550.00,small,163,open,aging,0.668097,0.65,0.43426305,238.8446775000,1
02K37JAK,Central,GTX Plus Basic,1096.00,small,163,open,aging,0.668097,0.65,0.43426305,475.9523028000,1
6F5TIV66,Central,GTX Plus Basic,1096.00,small,163,open,aging,0.668097,0.65,0.43426305,475.9523028000,1
HTEAOHFO,West,GTX Basic,550.00,small,163,open,aging,0.668097,0.65,0.43426305,238.8446775000,1
VJ9K12PY,Central,MG Special,55.00,small,163,open,aging,0.668097,0.65,0.43426305,23.8844677500,1
MV7I9RKH,Central,GTX Plus Basic,1096.00,small,163,open,aging,0.668097,0.65,0.43426305,475.9523028000,1
CBQRKYZP,Central,GTX Plus Pro,5482.00,medium,163,open,aging,0.707048,0.65,0.45958120,2519.4241384000,1
ETLF2H4K,West,GTX Plus Basic,1096.00,small,163,open,aging,0.668097,0.65,0.43426305,475.9523028000,1
XVB2CGL6,West,GTXPro,0.00,unknown,163,open,aging,0.631501,0.65,0.41047565,0.0000000000,1
GE4QGOCI,Central,MG Special,55.00,small,163,open,aging,0.668097,0.65,0.43426305,23.8844677500,1
3YDXZ4FA,Central,GTX Plus Pro,5482.00,medium,163,open,aging,0.707048,0.65,0.45958120,2519.4241384000,1
EUBMHJGQ,Central,MG Special,55.00,small,163,open,aging,0.668097,0.65,0.43426305,23.8844677500,1
R69OYH4Z,West,GTXPro,0.00,unknown,163,open,aging,0.631501,0.65,0.41047565,0.0000000000,1
S0Z4QVL2,West,GTXPro,0.00,unknown,163,open,aging,0.631501,0.65,0.41047565,0.0000000000,1
I9SPENCQ,East,GTX Plus Basic,1096.00,small,163,open,aging,0.668097,0.65,0.43426305,475.9523028000,1
REAFB3C3,West,GTX Basic,550.00,small,163,open,aging,0.668097,0.65,0.43426305,238.8446775000,1
0Z8ZAS2M,West,GTX Basic,550.00,small,163,open,aging,0.668097,0.65,0.43426305,238.8446775000,1
VRCYXSP1,West,GTX Basic,550.00,small,163,open,aging,0.668097,0.65,0.43426305,238.8446775000,1
QRR70537,Central,GTX Basic,550.00,small,162,open,aging,0.668097,0.65,0.43426305,238.8446775000,1
T4AW06MM,Central,GTX Plus Pro,5482.00,medium,162,open,aging,0.707048,0.65,0.45958120,2519.4241384000,1
FEFNNXH1,Central,MG Special,55.00,small,162,open,aging,0.668097,0.65,0.43426305,23.8844677500,1
3DATPTEH,Central,MG Special,55.00,small,162,open,aging,0.668097,0.65,0.43426305,23.8844677500,1
FT5U6NIG,Central,MG Special,55.00,small,162,open,aging,0.668097,0.65,0.43426305,23.8844677500,1
RQF6II3D,Central,MG Special,55.00,small,162,open,aging,0.668097,0.65,0.43426305,23.8844677500,1
E9J482PX,Central,MG Advanced,3393.00,small,162,open,aging,0.668097,0.65,0.43426305,1473.4545286500,1
8QDSXHQ8,Central,GTX Basic,550.00,small,162,open,aging,0.668097,0.65,0.43426305,238.8446775000,1
5DQZSOBE,Central,GTX Plus Basic,1096.00,small,162,open,aging,0.668097,0.65,0.43426305,475.9523028000,1
OT5G3M9A,Central,MG Advanced,3393.00,small,162,open,aging,0.668097,0.65,0.43426305,1473.4545286500,1
TQQDICC6,Central,GTX Basic,550.00,small,162,open,aging,0.668097,0.65,0.43426305,238.8446775000,1
P66UXGPS,Central,GTX Plus Basic,1096.00,small,162,open,aging,0.668097,0.65,0.43426305,475.9523028000,1
FY5MBCWQ,Central,GTXPro,0.00,unknown,162,open,aging,0.631501,0.65,0.41047565,0.0000000000,1
UAX2OR58,Central,MG Special,55.00,small,162,open,aging,0.668097,0.65,0.43426305,23.8844677500,1
YBY3PA1S,Central,GTX Basic,550.00,small,162,open,aging,0.668097,0.65,0.43426305,238.8446775000,1
751V8OFM,Central,GTX Plus Basic,1096.00,small,162,open,aging,0.668097,0.65,0.43426305,475.9523028000,1
33BMGHPN,Central,MG Special,55.00,small,162,open,aging,0.668097,0.65,0.43426305,23.8844677500,1
XNHTLVT1,Central,MG Special,55.00,small,162,open,aging,0.668097,0.65,0.43426305,23.8844677500,1
8TFYRWZ6,Central,MG Advanced,3393.00,small,162,open,aging,0.668097,0.65,0.43426305,1473.4545286500,1
E26Z10W7,West,MG Special,55.00,small,162,open,aging,0.668097,0.65,0.43426305,23.8844677500,1
ZTQD4PLQ,Central,GTX Plus Basic,1096.00,small,162,open,aging,0.668097,0.65,0.43426305,475.9523028000,1
2CZUU9E0,Central,GTX Basic,550.00,small,162,open,aging,0.668097,0.65,0.43426305,238.8446775000,1
I2ESAAIK,Central,GTX Plus Basic,1096.00,small,162,open,aging,0.668097,0.65,0.43426305,475.9523028000,1
IMLG35AP,Central,GTX Plus Pro,5482.00,medium,162,open,aging,0.707048,0.65,0.45958120,2519.4241384000,1
0T2CY70E,Central,MG Advanced,3393.00,small,162,open,aging,0.668097,0.65,0.43426305,1473.4545286500,1
AWCGYWTE,Central,MG Special,55.00,small,162,open,aging,0.668097,0.65,0.43426305,23.8844677500,1
UJTU7DUB,Central,MG Special,55.00,small,162,open,aging,0.668097,0.65,0.43426305,23.8844677500,1
JOLNKYNH,Central,MG Advanced,3393.00,small,162,open,aging,0.668097,0.65,0.43426305,1473.4545286500,1
TV2M081C,Central,MG Advanced,3393.00,small,162,open,aging,0.668097,0.65,0.43426305,1473.4545286500,1
SJGOQMLT,Central,MG Advanced,3393.00,small,162,open,aging,0.668097,0.65,0.43426305,1473.4545286500,1
MM79TSUR,Central,MG Special,55.00,small,162,open,aging,0.668097,0.65,0.43426305,23.8844677500,1
INLVV78V,Central,MG Special,55.00,small,162,open,aging,0.668097,0.65,0.43426305,23.8844677500,1
4JTH72JR,Central,MG Special,55.00,small,162,open,aging,0.668097,0.65,0.43426305,23.8844677500,1
TTKPNDTP,Central,MG Advanced,3393.00,small,162,open,aging,0.668097,0.65,0.43426305,1473.4545286500,1
QELHQ898,West,GTX Plus Basic,1096.00,small,162,open,aging,0.668097,0.65,0.43426305,475.9523028000,1
J732416R,Central,MG Special,55.00,small,161,open,aging,0.668097,0.65,0.43426305,23.8844677500,1
IAUXJ05J,Central,MG Special,55.00,small,161,open,aging,0.668097,0.65,0.43426305,23.8844677500,1
G7H64S20,Central,MG Advanced,3393.00,small,161,open,aging,0.668097,0.65,0.43426305,1473.4545286500,1
9Q7NSPTF,East,GTX Plus Pro,5482.00,medium,161,open,aging,0.707048,0.65,0.45958120,2519.4241384000,1
ZRCQXB38,Central,GTX Basic,550.00,small,161,open,aging,0.668097,0.65,0.43426305,238.8446775000,1
EJJCUJ3P,Central,GTX Plus Basic,1096.00,small,161,open,aging,0.668097,0.65,0.43426305,475.9523028000,1
ODFL6HOF,Central,GTX Plus Basic,1096.00,small,161,open,aging,0.668097,0.65,0.43426305,475.9523028000,1
Q1HNDPKW,Central,GTXPro,0.00,unknown,161,open,aging,0.631501,0.65,0.41047565,0.0000000000,1
6GG9CSTV,Central,MG Special,55.00,small,161,open,aging,0.668097,0.65,0.43426305,23.8844677500,1
5WSQ6D2E,Central,MG Special,55.00,small,161,open,aging,0.668097,0.65,0.43426305,23.8844677500,1
K6MTPSB5,Central,GTX Basic,550.00,small,161,open,aging,0.668097,0.65,0.43426305,238.8446775000,1
D2QPN9LN,Central,GTX Basic,550.00,small,161,open,aging,0.668097,0.65,0.43426305,238.8446775000,1
021Z2J9L,West,GTK 500,26768.00,large,161,open,aging,0.600000,0.65,0.39000000,10439.5200000000,1
EYBMEX1Z,Central,GTX Basic,550.00,small,161,open,aging,0.668097,0.65,0.43426305,238.8446775000,1
G1M1KVHU,Central,GTX Plus Basic,1096.00,small,161,open,aging,0.668097,0.65,0.43426305,475.9523028000,1
LXS3Z82E,Central,MG Advanced,3393.00,small,161,open,aging,0.668097,0.65,0.43426305,1473.4545286500,1
S3LATQVJ,Central,GTX Plus Basic,1096.00,small,161,open,aging,0.668097,0.65,0.43426305,475.9523028000,1
P3Z2LYCL,Central,MG Special,55.00,small,161,open,aging,0.668097,0.65,0.43426305,23.8844677500,1
MIGDLH14,West,GTX Basic,550.00,small,161,open,aging,0.668097,0.65,0.43426305,238.8446775000,1
7FZ9CBZ3,Central,GTX Plus Pro,5482.00,medium,160,open,aging,0.707048,0.65,0.45958120,2519.4241384000,1
513PSPBN,Central,GTX Plus Pro,5482.00,medium,160,open,aging,0.707048,0.65,0.45958120,2519.4241384000,1
11LIZUQE,East,MG Advanced,3393.00,small,160,open,aging,0.668097,0.65,0.43426305,1473.4545286500,1
0TC6I9SJ,Central,GTXPro,0.00,unknown,160,open,aging,0.631501,0.65,0.41047565,0.0000000000,1
WGFTBY3W,Central,GTXPro,0.00,unknown,160,open,aging,0.631501,0.65,0.41047565,0.0000000000,1
NCCB118E,Central,GTXPro,0.00,unknown,160,open,aging,0.631501,0.65,0.41047565,0.0000000000,1
WSQHC199,Central,MG Special,55.00,small,160,open,aging,0.668097,0.65,0.43426305,23.8844677500,1
VV6T07G4,Central,MG Advanced,3393.00,small,160,open,aging,0.668097,0.65,0.43426305,1473.4545286500,1
7OZ7L8BB,Central,GTX Basic,550.00,small,160,open,aging,0.668097,0.65,0.43426305,238.8446775000,1
RTWAUR7C,Central,GTX Plus Pro,5482.00,medium,160,open,aging,0.707048,0.65,0.45958120,2519.4241384000,1
QGXJLNK1,Central,GTX Basic,550.00,small,160,open,aging,0.668097,0.65,0.43426305,238.8446775000,1
E3Z74U5K,Central,GTX Basic,550.00,small,160,open,aging,0.668097,0.65,0.43426305,238.8446775000,1
Q3HHDSDS,Central,GTX Basic,550.00,small,160,open,aging,0.668097,0.65,0.43426305,238.8446775000,1
0S6OQ9AO,Central,GTX Plus Basic,1096.00,small,160,open,aging,0.668097,0.65,0.43426305,475.9523028000,1
7AFBJFP5,West,MG Special,55.00,small,160,open,aging,0.668097,0.65,0.43426305,23.8844677500,1
7MP6KLZO,Central,GTX Basic,550.00,small,160,open,aging,0.668097,0.65,0.43426305,238.8446775000,1
2TYZRE2R,Central,MG Special,55.00,small,160,open,aging,0.668097,0.65,0.43426305,23.8844677500,1
H2FCUPHJ,Central,GTXPro,0.00,unknown,160,open,aging,0.631501,0.65,0.41047565,0.0000000000,1
806KPNNN,Central,GTX Basic,550.00,small,160,open,aging,0.668097,0.65,0.43426305,238.8446775000,1
8Y4LJOJ0,Central,GTX Plus Basic,1096.00,small,160,open,aging,0.668097,0.65,0.43426305,475.9523028000,1
Z7EBMMAE,Central,MG Special,55.00,small,160,open,aging,0.668097,0.65,0.43426305,23.8844677500,1
KT4OEP4X,Central,MG Special,55.00,small,160,open,aging,0.668097,0.65,0.43426305,23.8844677500,1
ODHVHXKS,Central,MG Special,55.00,small,160,open,aging,0.668097,0.65,0.43426305,23.8844677500,1
SZS2IPM3,Central,MG Advanced,3393.00,small,160,open,aging,0.668097,0.65,0.43426305,1473.4545286500,1
YY2DWBG5,Central,MG Advanced,3393.00,small,160,open,aging,0.668097,0.65,0.43426305,1473.4545286500,1
P91SQBST,Central,MG Special,55.00,small,159,open,aging,0.668097,0.65,0.43426305,23.8844677500,1
4DLY9ZDH,Central,MG Advanced,3393.00,small,159,open,aging,0.668097,0.65,0.43426305,1473.4545286500,1
ZNEQXZZK,Central,MG Advanced,3393.00,small,159,open,aging,0.668097,0.65,0.43426305,1473.4545286500,1
VVO21D4Z,Central,GTX Basic,550.00,small,159,open,aging,0.668097,0.65,0.43426305,238.8446775000,1
SXFE42KG,Central,MG Advanced,3393.00,small,159,open,aging,0.668097,0.65,0.43426305,1473.4545286500,1
APIB681L,Central,GTX Basic,550.00,small,159,open,aging,0.668097,0.65,0.43426305,238.8446775000,1
TFSKOBH7,Central,GTX Basic,550.00,small,159,open,aging,0.668097,0.65,0.43426305,238.8446775000,1
LUTZ8UQM,Central,GTXPro,0.00,unknown,159,open,aging,0.631501,0.65,0.41047565,0.0000000000,1
1QKDD1OI,Central,GTXPro,0.00,unknown,159,open,aging,0.631501,0.65,0.41047565,0.0000000000,1
2GFL3TAF,Central,GTXPro,0.00,unknown,159,open,aging,0.631501,0.65,0.41047565,0.0000000000,1
CUSWE9PB,Central,GTXPro,0.00,unknown,159,open,aging,0.631501,0.65,0.41047565,0.0000000000,1
XFCKQ7RI,Central,MG Advanced,3393.00,small,159,open,aging,0.668097,0.65,0.43426305,1473.4545286500,1
PQL5GITI,Central,GTX Basic,550.00,small,159,open,aging,0.668097,0.65,0.43426305,238.8446775000,1
8AK3KGFA,Central,MG Advanced,3393.00,small,159,open,aging,0.668097,0.65,0.43426305,1473.4545286500,1
7F2DDW3C,West,MG Advanced,3393.00,small,159,open,aging,0.668097,0.65,0.43426305,1473.4545286500,1
BEDNZXVE,Central,GTX Basic,550.00,small,159,open,aging,0.668097,0.65,0.43426305,238.8446775000,1
CGFLLZZI,West,MG Special,55.00,small,159,open,aging,0.668097,0.65,0.43426305,23.8844677500,1
GZ6SFRAT,Central,MG Special,55.00,small,159,open,aging,0.668097,0.65,0.43426305,23.8844677500,1
JH643YRI,Central,MG Advanced,3393.00,small,159,open,aging,0.668097,0.65,0.43426305,1473.4545286500,1
YCQTM2BQ,Central,MG Advanced,3393.00,small,159,open,aging,0.668097,0.65,0.43426305,1473.4545286500,1
Y3TOQUQI,Central,GTX Basic,550.00,small,159,open,aging,0.668097,0.65,0.43426305,238.8446775000,1
RV5Y8DRY,Central,GTX Plus Pro,5482.00,medium,159,open,aging,0.707048,0.65,0.45958120,2519.4241384000,1
HJRM13DI,Central,MG Special,55.00,small,159,open,aging,0.668097,0.65,0.43426305,23.8844677500,1
G2XP6IGJ,Central,GTX Basic,550.00,small,159,open,aging,0.668097,0.65,0.43426305,238.8446775000,1
MLD3WEJC,Central,MG Advanced,3393.00,small,159,open,aging,0.668097,0.65,0.43426305,1473.4545286500,1
DZP0MNRM,Central,GTX Plus Basic,1096.00,small,159,open,aging,0.668097,0.65,0.43426305,475.9523028000,1
OBC504T8,Central,GTX Plus Basic,1096.00,small,159,open,aging,0.668097,0.65,0.43426305,475.9523028000,1
CMW6IQJI,Central,MG Advanced,3393.00,small,159,open,aging,0.668097,0.65,0.43426305,1473.4545286500,1
8ODHXBNE,West,MG Special,55.00,small,159,open,aging,0.668097,0.65,0.43426305,23.8844677500,1
VO1YR5CY,Central,GTX Basic,550.00,small,159,open,aging,0.668097,0.65,0.43426305,238.8446775000,1
FHPRER2D,Central,MG Special,55.00,small,159,open,aging,0.668097,0.65,0.43426305,23.8844677500,1
UVCHXUIG,Central,MG Special,55.00,small,158,open,aging,0.668097,0.65,0.43426305,23.8844677500,1
V02WMIWK,Central,MG Special,55.00,small,158,open,aging,0.668097,0.65,0.43426305,23.8844677500,1
37UCYEDY,East,GTX Plus Basic,1096.00,small,158,open,aging,0.668097,0.65,0.43426305,475.9523028000,1
1976N63N,Central,GTX Plus Basic,1096.00,small,158,open,aging,0.668097,0.65,0.43426305,475.9523028000,1
7TFHGN6O,Central,GTX Plus Pro,5482.00,medium,158,open,aging,0.707048,0.65,0.45958120,2519.4241384000,1
L6223VHA,Central,GTXPro,0.00,unknown,158,open,aging,0.631501,0.65,0.41047565,0.0000000000,1
TJ7PNIXL,Central,GTXPro,0.00,unknown,158,open,aging,0.631501,0.65,0.41047565,0.0000000000,1
VMBM5EKL,Central,GTXPro,0.00,unknown,158,open,aging,0.631501,0.65,0.41047565,0.0000000000,1
8TD2LLOF,Central,MG Advanced,3393.00,small,158,open,aging,0.668097,0.65,0.43426305,1473.4545286500,1
7RLLNAYC,Central,MG Special,55.00,small,158,open,aging,0.668097,0.65,0.43426305,23.8844677500,1
BRDB1I76,Central,MG Special,55.00,small,158,open,aging,0.668097,0.65,0.43426305,23.8844677500,1
EFKPYBI9,Central,MG Advanced,3393.00,small,158,open,aging,0.668097,0.65,0.43426305,1473.4545286500,1
PW9DTZON,West,GTXPro,0.00,unknown,158,open,aging,0.631501,0.65,0.41047565,0.0000000000,1
G0DTQHIC,Central,GTX Basic,550.00,small,158,open,aging,0.668097,0.65,0.43426305,238.8446775000,1
FPLXC8Z3,West,GTX Plus Pro,5482.00,medium,158,open,aging,0.707048,0.65,0.45958120,2519.4241384000,1
OD895EQM,Central,GTX Plus Pro,5482.00,medium,158,open,aging,0.707048,0.65,0.45958120,2519.4241384000,1
KPH05GU8,Central,MG Advanced,3393.00,small,158,open,aging,0.668097,0.65,0.43426305,1473.4545286500,1
VBB0LCEN,Central,MG Advanced,3393.00,small,158,open,aging,0.668097,0.65,0.43426305,1473.4545286500,1
IK7LMFER,Central,MG Special,55.00,small,158,open,aging,0.668097,0.65,0.43426305,23.8844677500,1
P3K1DVYB,Central,MG Advanced,3393.00,small,158,open,aging,0.668097,0.65,0.43426305,1473.4545286500,1
BB1PRS3T,Central,MG Advanced,3393.00,small,158,open,aging,0.668097,0.65,0.43426305,1473.4545286500,1
WQ5U8PPM,Central,GTX Plus Basic,1096.00,small,158,open,aging,0.668097,0.65,0.43426305,475.9523028000,1
Q5GNQ823,West,GTXPro,0.00,unknown,158,open,aging,0.631501,0.65,0.41047565,0.0000000000,1
T50TV9SO,West,GTX Basic,550.00,small,158,open,aging,0.668097,0.65,0.43426305,238.8446775000,1
N9GIC5PC,Central,GTX Plus Pro,5482.00,medium,157,open,aging,0.707048,0.65,0.45958120,2519.4241384000,1
1T5WFCEJ,Central,GTX Plus Pro,5482.00,medium,157,open,aging,0.707048,0.65,0.45958120,2519.4241384000,1
1XJFMYCW,Central,MG Special,55.00,small,157,open,aging,0.668097,0.65,0.43426305,23.8844677500,1
YYU1J6E1,Central,MG Special,55.00,small,157,open,aging,0.668097,0.65,0.43426305,23.8844677500,1
KPYCCBQA,Central,GTX Plus Basic,1096.00,small,157,open,aging,0.668097,0.65,0.43426305,475.9523028000,1
SSK95WLX,Central,GTX Plus Basic,1096.00,small,157,open,aging,0.668097,0.65,0.43426305,475.9523028000,1
PQ104BT2,Central,GTXPro,0.00,unknown,157,open,aging,0.631501,0.65,0.41047565,0.0000000000,1
GQ7H31ZJ,Central,GTXPro,0.00,unknown,157,open,aging,0.631501,0.65,0.41047565,0.0000000000,1
9B7FS6YL,Central,GTXPro,0.00,unknown,157,open,aging,0.631501,0.65,0.41047565,0.0000000000,1
M6JT5RL8,Central,GTXPro,0.00,unknown,157,open,aging,0.631501,0.65,0.41047565,0.0000000000,1
45H84LNT,Central,GTXPro,0.00,unknown,157,open,aging,0.631501,0.65,0.41047565,0.0000000000,1
E8MIFXOH,Central,GTXPro,0.00,unknown,157,open,aging,0.631501,0.65,0.41047565,0.0000000000,1
UO8DLVVQ,Central,GTXPro,0.00,unknown,157,open,aging,0.631501,0.65,0.41047565,0.0000000000,1
R7H0M07R,Central,MG Advanced,3393.00,small,157,open,aging,0.668097,0.65,0.43426305,1473.4545286500,1
JQ5AOYQ8,Central,MG Advanced,3393.00,small,157,open,aging,0.668097,0.65,0.43426305,1473.4545286500,1
G7RZTAMV,Central,GTX Plus Pro,5482.00,medium,157,open,aging,0.707048,0.65,0.45958120,2519.4241384000,1
82K9NWKO,Central,MG Advanced,3393.00,small,157,open,aging,0.668097,0.65,0.43426305,1473.4545286500,1
RFXH6VDX,West,GTX Plus Basic,1096.00,small,157,open,aging,0.668097,0.65,0.43426305,475.9523028000,1
64KHY8MT,Central,GTX Basic,550.00,small,157,open,aging,0.668097,0.65,0.43426305,238.8446775000,1
5PWO4RPC,Central,GTX Basic,550.00,small,157,open,aging,0.668097,0.65,0.43426305,238.8446775000,1
PU62ZGX4,Central,GTX Plus Basic,1096.00,small,157,open,aging,0.668097,0.65,0.43426305,475.9523028000,1
EVDKJDY3,Central,GTX Plus Basic,1096.00,small,157,open,aging,0.668097,0.65,0.43426305,475.9523028000,1
WX546S1D,Central,GTX Basic,550.00,small,157,open,aging,0.668097,0.65,0.43426305,238.8446775000,1
S2Y2Q1D2,Central,GTX Plus Basic,1096.00,small,157,open,aging,0.668097,0.65,0.43426305,475.9523028000,1
PYRLUYIQ,Central,GTX Plus Basic,1096.00,small,157,open,aging,0.668097,0.65,0.43426305,475.9523028000,1
EN8JHUXA,Central,GTX Basic,550.00,small,157,open,aging,0.668097,0.65,0.43426305,238.8446775000,1
I3IRJZRL,Central,GTX Basic,550.00,small,157,open,aging,0.668097,0.65,0.43426305,238.8446775000,1
51H02FX1,Central,MG Special,55.00,small,157,open,aging,0.668097,0.65,0.43426305,23.8844677500,1
9SRD5NCR,West,GTK 500,26768.00,large,157,open,aging,0.600000,0.65,0.39000000,10439.5200000000,1
18YA4UUP,Central,GTX Plus Pro,5482.00,medium,157,open,aging,0.707048,0.65,0.45958120,2519.4241384000,1
WVT3X6IC,Central,MG Special,55.00,small,157,open,aging,0.668097,0.65,0.43426305,23.8844677500,1
VD2KHXRY,West,GTXPro,0.00,unknown,157,open,aging,0.631501,0.65,0.41047565,0.0000000000,1
P7MSQO38,Central,GTX Basic,550.00,small,156,open,aging,0.668097,0.65,0.43426305,238.8446775000,1
10QE4JCA,Central,MG Special,55.00,small,156,open,aging,0.668097,0.65,0.43426305,23.8844677500,1
DXRG254A,East,GTX Basic,550.00,small,156,open,aging,0.668097,0.65,0.43426305,238.8446775000,1
X33HL9WS,East,GTX Plus Basic,1096.00,small,156,open,aging,0.668097,0.65,0.43426305,475.9523028000,1
9Z2WTTNY,Central,GTX Plus Basic,1096.00,small,156,open,aging,0.668097,0.65,0.43426305,475.9523028000,1
ZJLW1OPF,Central,GTXPro,0.00,unknown,156,open,aging,0.631501,0.65,0.41047565,0.0000000000,1
Q62JFLLD,Central,GTXPro,0.00,unknown,156,open,aging,0.631501,0.65,0.41047565,0.0000000000,1
3PPHOXTT,Central,MG Special,55.00,small,156,open,aging,0.668097,0.65,0.43426305,23.8844677500,1
N07XYH50,Central,GTXPro,0.00,unknown,156,open,aging,0.631501,0.65,0.41047565,0.0000000000,1
VIFA2I18,Central,GTX Basic,550.00,small,156,open,aging,0.668097,0.65,0.43426305,238.8446775000,1
7K31BXX3,Central,GTXPro,0.00,unknown,156,open,aging,0.631501,0.65,0.41047565,0.0000000000,1
V3G1HBTZ,Central,GTX Basic,550.00,small,156,open,aging,0.668097,0.65,0.43426305,238.8446775000,1
XV41LZYE,Central,GTX Basic,550.00,small,156,open,aging,0.668097,0.65,0.43426305,238.8446775000,1
0RI2I8ZL,Central,GTX Basic,550.00,small,156,open,aging,0.668097,0.65,0.43426305,238.8446775000,1
7W9S4DCZ,Central,MG Special,55.00,small,156,open,aging,0.668097,0.65,0.43426305,23.8844677500,1
3L3W9W8I,Central,GTX Basic,550.00,small,156,open,aging,0.668097,0.65,0.43426305,238.8446775000,1
WL6CZ7N4,Central,GTX Plus Basic,1096.00,small,156,open,aging,0.668097,0.65,0.43426305,475.9523028000,1
M5FP7HGQ,Central,MG Special,55.00,small,156,open,aging,0.668097,0.65,0.43426305,23.8844677500,1
SJ3QA8KP,Central,MG Advanced,3393.00,small,156,open,aging,0.668097,0.65,0.43426305,1473.4545286500,1
M2ZRU2UH,West,GTX Basic,550.00,small,156,open,aging,0.668097,0.65,0.43426305,238.8446775000,1
NX2EICNQ,Central,GTX Basic,550.00,small,156,open,aging,0.668097,0.65,0.43426305,238.8446775000,1
T0TDA2O1,Central,GTX Plus Pro,5482.00,medium,155,open,aging,0.707048,0.65,0.45958120,2519.4241384000,1
B1ZN2CFP,Central,MG Advanced,3393.00,small,155,open,aging,0.668097,0.65,0.43426305,1473.4545286500,1
3A2CCWEG,Central,MG Special,55.00,small,155,open,aging,0.668097,0.65,0.43426305,23.8844677500,1
4QQOSYGL,East,MG Advanced,3393.00,small,155,open,aging,0.668097,0.65,0.43426305,1473.4545286500,1
NJNY07JZ,Central,GTX Basic,550.00,small,155,open,aging,0.668097,0.65,0.43426305,238.8446775000,1
UWI771ZX,Central,GTX Plus Basic,1096.00,small,155,open,aging,0.668097,0.65,0.43426305,475.9523028000,1
YI1V6SOX,Central,GTXPro,0.00,unknown,155,open,aging,0.631501,0.65,0.41047565,0.0000000000,1
PNTHPFHY,Central,GTXPro,0.00,unknown,155,open,aging,0.631501,0.65,0.41047565,0.0000000000,1
2I7IFY8D,Central,GTXPro,0.00,unknown,155,open,aging,0.631501,0.65,0.41047565,0.0000000000,1
T1SITEI0,Central,MG Special,55.00,small,155,open,aging,0.668097,0.65,0.43426305,23.8844677500,1
3FI1J4VO,Central,MG Special,55.00,small,155,open,aging,0.668097,0.65,0.43426305,23.8844677500,1
7BKYKVF2,Central,GTX Plus Basic,1096.00,small,155,open,aging,0.668097,0.65,0.43426305,475.9523028000,1
6US3WW0M,Central,MG Special,55.00,small,155,open,aging,0.668097,0.65,0.43426305,23.8844677500,1
9M72KPA3,West,GTX Plus Basic,1096.00,small,155,open,aging,0.668097,0.65,0.43426305,475.9523028000,1
4OYGRQGO,West,MG Advanced,3393.00,small,155,open,aging,0.668097,0.65,0.43426305,1473.4545286500,1
SPMQ0BHA,Central,GTX Basic,550.00,small,155,open,aging,0.668097,0.65,0.43426305,238.8446775000,1
ERTQ4SN3,Central,MG Special,55.00,small,155,open,aging,0.668097,0.65,0.43426305,23.8844677500,1
FQI66XXN,Central,GTX Basic,550.00,small,155,open,aging,0.668097,0.65,0.43426305,238.8446775000,1
1RXGKOUE,Central,GTX Plus Pro,5482.00,medium,155,open,aging,0.707048,0.65,0.45958120,2519.4241384000,1
G40058T1,Central,MG Special,55.00,small,155,open,aging,0.668097,0.65,0.43426305,23.8844677500,1
TQZLDFIJ,Central,MG Special,55.00,small,155,open,aging,0.668097,0.65,0.43426305,23.8844677500,1
3SD04QJ4,East,MG Advanced,3393.00,small,155,open,aging,0.668097,0.65,0.43426305,1473.4545286500,1
ERD6D5K3,Central,GTX Basic,550.00,small,154,open,aging,0.668097,0.65,0.43426305,238.8446775000,1
VVM42VWQ,Central,GTX Basic,550.00,small,154,open,aging,0.668097,0.65,0.43426305,238.8446775000,1
MK380H70,Central,MG Special,55.00,small,154,open,aging,0.668097,0.65,0.43426305,23.8844677500,1
5SNCUQ8Z,Central,MG Special,55.00,small,154,open,aging,0.668097,0.65,0.43426305,23.8844677500,1
SP9W5IND,East,MG Special,55.00,small,154,open,aging,0.668097,0.65,0.43426305,23.8844677500,1
P9EJ68SM,East,GTX Plus Basic,1096.00,small,154,open,aging,0.668097,0.65,0.43426305,475.9523028000,1
IG540SIB,Central,MG Advanced,3393.00,small,154,open,aging,0.668097,0.65,0.43426305,1473.4545286500,1
CUZDYOOO,Central,GTX Basic,550.00,small,154,open,aging,0.668097,0.65,0.43426305,238.8446775000,1
EY7OI10Z,Central,GTX Plus Basic,1096.00,small,154,open,aging,0.668097,0.65,0.43426305,475.9523028000,1
R55U5QI4,Central,GTX Plus Pro,5482.00,medium,154,open,aging,0.707048,0.65,0.45958120,2519.4241384000,1
TJ95PY76,Central,GTXPro,0.00,unknown,154,open,aging,0.631501,0.65,0.41047565,0.0000000000,1
R6OZIG5J,Central,MG Advanced,3393.00,small,154,open,aging,0.668097,0.65,0.43426305,1473.4545286500,1
DVT7NPEH,Central,MG Advanced,3393.00,small,154,open,aging,0.668097,0.65,0.43426305,1473.4545286500,1
S9JXWIBD,Central,GTX Plus Basic,1096.00,small,154,open,aging,0.668097,0.65,0.43426305,475.9523028000,1
0XBGT413,Central,GTXPro,0.00,unknown,154,open,aging,0.631501,0.65,0.41047565,0.0000000000,1
RTOIXNPC,Central,MG Special,55.00,small,154,open,aging,0.668097,0.65,0.43426305,23.8844677500,1
7COYG1Z2,West,MG Special,55.00,small,154,open,aging,0.668097,0.65,0.43426305,23.8844677500,1
OVLGWURN,West,GTX Basic,550.00,small,154,open,aging,0.668097,0.65,0.43426305,238.8446775000,1
UHIIYU2J,Central,GTX Basic,550.00,small,154,open,aging,0.668097,0.65,0.43426305,238.8446775000,1
5W29OCB8,Central,MG Special,55.00,small,154,open,aging,0.668097,0.65,0.43426305,23.8844677500,1
R7I947IZ,Central,GTX Plus Basic,1096.00,small,154,open,aging,0.668097,0.65,0.43426305,475.9523028000,1
754UOV5F,Central,MG Special,55.00,small,154,open,aging,0.668097,0.65,0.43426305,23.8844677500,1
MTN3BOMC,West,GTX Plus Basic,1096.00,small,154,open,aging,0.668097,0.65,0.43426305,475.9523028000,1
ABT1TDH1,Central,GTX Basic,550.00,small,154,open,aging,0.668097,0.65,0.43426305,238.8446775000,1
DJFMG9QI,Central,MG Special,55.00,small,154,open,aging,0.668097,0.65,0.43426305,23.8844677500,1
GWQX8BSZ,Central,GTX Basic,550.00,small,154,open,aging,0.668097,0.65,0.43426305,238.8446775000,1
D9NLFAEG,Central,GTX Basic,550.00,small,154,open,aging,0.668097,0.65,0.43426305,238.8446775000,1
TX5SADEI,Central,GTX Plus Basic,1096.00,small,154,open,aging,0.668097,0.65,0.43426305,475.9523028000,1
I5AKI9KC,Central,MG Special,55.00,small,154,open,aging,0.668097,0.65,0.43426305,23.8844677500,1
0M3NCPQX,Central,MG Special,55.00,small,154,open,aging,0.668097,0.65,0.43426305,23.8844677500,1
RN7M3757,Central,MG Advanced,3393.00,small,154,open,aging,0.668097,0.65,0.43426305,1473.4545286500,1
OJ42ZCHR,East,MG Special,55.00,small,154,open,aging,0.668097,0.65,0.43426305,23.8844677500,1
QD4ONE04,Central,MG Special,55.00,small,153,open,aging,0.668097,0.65,0.43426305,23.8844677500,1
0PT4RY4P,Central,MG Advanced,3393.00,small,153,open,aging,0.668097,0.65,0.43426305,1473.4545286500,1
FSEV7ZJC,Central,GTXPro,0.00,unknown,153,open,aging,0.631501,0.65,0.41047565,0.0000000000,1
OEP0IJ6S,Central,GTXPro,0.00,unknown,153,open,aging,0.631501,0.65,0.41047565,0.0000000000,1
YWGU40CP,Central,MG Special,55.00,small,153,open,aging,0.668097,0.65,0.43426305,23.8844677500,1
ICG3THQK,Central,GTX Basic,550.00,small,153,open,aging,0.668097,0.65,0.43426305,238.8446775000,1
WOO9JXOQ,Central,MG Advanced,3393.00,small,153,open,aging,0.668097,0.65,0.43426305,1473.4545286500,1
OBDEDIXA,West,MG Advanced,3393.00,small,153,open,aging,0.668097,0.65,0.43426305,1473.4545286500,1
1O72EKFY,West,GTX Plus Pro,5482.00,medium,153,open,aging,0.707048,0.65,0.45958120,2519.4241384000,1
4XXAK1QL,Central,GTX Basic,550.00,small,153,open,aging,0.668097,0.65,0.43426305,238.8446775000,1
WU81R3XH,Central,GTX Basic,550.00,small,153,open,aging,0.668097,0.65,0.43426305,238.8446775000,1
HHWZEWDV,Central,GTX Plus Basic,1096.00,small,153,open,aging,0.668097,0.65,0.43426305,475.9523028000,1
EMH2I8XE,Central,MG Advanced,3393.00,small,153,open,aging,0.668097,0.65,0.43426305,1473.4545286500,1
UBO7V799,Central,MG Advanced,3393.00,small,153,open,aging,0.668097,0.65,0.43426305,1473.4545286500,1
DZQW0KQ4,West,GTX Plus Pro,5482.00,medium,153,open,aging,0.707048,0.65,0.45958120,2519.4241384000,1
OAUUCC2N,Central,GTX Plus Basic,1096.00,small,153,open,aging,0.668097,0.65,0.43426305,475.9523028000,1
283MDYKM,Central,GTX Plus Basic,1096.00,small,153,open,aging,0.668097,0.65,0.43426305,475.9523028000,1
56LUBQTV,Central,MG Advanced,3393.00,small,153,open,aging,0.668097,0.65,0.43426305,1473.4545286500,1
Q65B52C5,Central,GTX Basic,550.00,small,153,open,aging,0.668097,0.65,0.43426305,238.8446775000,1
STI8KYWL,Central,GTX Plus Basic,1096.00,small,153,open,aging,0.668097,0.65,0.43426305,475.9523028000,1
K63TD0WD,Central,MG Special,55.00,small,153,open,aging,0.668097,0.65,0.43426305,23.8844677500,1
EP9JNNF1,East,MG Special,55.00,small,153,open,aging,0.668097,0.65,0.43426305,23.8844677500,1
I1R23P5F,Central,GTX Plus Basic,1096.00,small,152,open,aging,0.668097,0.65,0.43426305,475.9523028000,1
CFKXEPFN,Central,GTX Plus Basic,1096.00,small,152,open,aging,0.668097,0.65,0.43426305,475.9523028000,1
4ZB2W6O7,Central,MG Special,55.00,small,152,open,aging,0.668097,0.65,0.43426305,23.8844677500,1
H85L45JM,Central,MG Special,55.00,small,152,open,aging,0.668097,0.65,0.43426305,23.8844677500,1
A2YIYWNW,East,MG Advanced,3393.00,small,152,open,aging,0.668097,0.65,0.43426305,1473.4545286500,1
HISWL7B0,Central,GTXPro,0.00,unknown,152,open,aging,0.631501,0.65,0.41047565,0.0000000000,1
BSKNQJOJ,Central,GTXPro,0.00,unknown,152,open,aging,0.631501,0.65,0.41047565,0.0000000000,1
1FLN8BTI,Central,MG Special,55.00,small,152,open,aging,0.668097,0.65,0.43426305,23.8844677500,1
VAL8O4PH,Central,MG Special,55.00,small,152,open,aging,0.668097,0.65,0.43426305,23.8844677500,1
RZXMIHGO,Central,GTX Basic,550.00,small,152,open,aging,0.668097,0.65,0.43426305,238.8446775000,1
IW6S2BN0,Central,GTX Plus Basic,1096.00,small,152,open,aging,0.668097,0.65,0.43426305,475.9523028000,1
G78ZK6XI,Central,MG Special,55.00,small,152,open,aging,0.668097,0.65,0.43426305,23.8844677500,1
9C3YHNBY,Central,MG Advanced,3393.00,small,152,open,aging,0.668097,0.65,0.43426305,1473.4545286500,1
U4L1277G,West,GTX Plus Basic,1096.00,small,152,open,aging,0.668097,0.65,0.43426305,475.9523028000,1
YE7F777U,Central,GTX Basic,550.00,small,152,open,aging,0.668097,0.65,0.43426305,238.8446775000,1
DO6VKC2G,Central,GTK 500,26768.00,large,152,open,aging,0.600000,0.65,0.39000000,10439.5200000000,1
MBYOJR5A,Central,GTX Plus Pro,5482.00,medium,152,open,aging,0.707048,0.65,0.45958120,2519.4241384000,1
NBJR3GVR,Central,GTXPro,0.00,unknown,152,open,aging,0.631501,0.65,0.41047565,0.0000000000,1
Y7244XW7,Central,MG Special,55.00,small,152,open,aging,0.668097,0.65,0.43426305,23.8844677500,1
22HV3N2W,Central,GTX Plus Basic,1096.00,small,152,open,aging,0.668097,0.65,0.43426305,475.9523028000,1
FKY3O5O1,Central,GTXPro,0.00,unknown,152,open,aging,0.631501,0.65,0.41047565,0.0000000000,1
WRKPDK7O,Central,GTX Plus Pro,5482.00,medium,152,open,aging,0.707048,0.65,0.45958120,2519.4241384000,1
3FWZBSW1,Central,MG Special,55.00,small,152,open,aging,0.668097,0.65,0.43426305,23.8844677500,1
VIY7P8J6,Central,MG Special,55.00,small,152,open,aging,0.668097,0.65,0.43426305,23.8844677500,1
PR1H7NHK,Central,MG Special,55.00,small,152,open,aging,0.668097,0.65,0.43426305,23.8844677500,1
A9TEJW6U,Central,MG Special,55.00,small,152,open,aging,0.668097,0.65,0.43426305,23.8844677500,1
1DC9PQ4S,Central,MG Special,55.00,small,152,open,aging,0.668097,0.65,0.43426305,23.8844677500,1
JGXK8P6T,West,MG Advanced,3393.00,small,152,open,aging,0.668097,0.65,0.43426305,1473.4545286500,1
URQYDGX8,Central,GTX Basic,550.00,small,151,open,aging,0.668097,0.65,0.43426305,238.8446775000,1
KIKG1BGV,Central,MG Advanced,3393.00,small,151,open,aging,0.668097,0.65,0.43426305,1473.4545286500,1
2E2FDZHG,Central,GTXPro,0.00,unknown,151,open,aging,0.631501,0.65,0.41047565,0.0000000000,1
8LP076IV,Central,MG Special,55.00,small,151,open,aging,0.668097,0.65,0.43426305,23.8844677500,1
CWXHKUV5,Central,MG Special,55.00,small,151,open,aging,0.668097,0.65,0.43426305,23.8844677500,1
N909ADDC,West,MG Advanced,3393.00,small,151,open,aging,0.668097,0.65,0.43426305,1473.4545286500,1
ULJG457F,Central,MG Special,55.00,small,150,open,aging,0.668097,0.65,0.43426305,23.8844677500,1
AZN2K0V9,Central,MG Advanced,3393.00,small,150,open,aging,0.668097,0.65,0.43426305,1473.4545286500,1
6TGCOE5O,East,GTX Plus Pro,5482.00,medium,150,open,aging,0.707048,0.65,0.45958120,2519.4241384000,1
QIEAKLRU,Central,MG Advanced,3393.00,small,150,open,aging,0.668097,0.65,0.43426305,1473.4545286500,1
A04V2WB3,West,GTK 500,26768.00,large,150,open,aging,0.600000,0.65,0.39000000,10439.5200000000,1
TIPXNDS2,Central,MG Special,55.00,small,150,open,aging,0.668097,0.65,0.43426305,23.8844677500,1
3G61D5KV,Central,MG Special,55.00,small,150,open,aging,0.668097,0.65,0.43426305,23.8844677500,1
6RZ5GSAB,Central,GTX Basic,550.00,small,150,open,aging,0.668097,0.65,0.43426305,238.8446775000,1
RD6Y5R4P,West,MG Special,55.00,small,150,open,aging,0.668097,0.65,0.43426305,23.8844677500,1
7VSFD2MV,West,GTX Basic,550.00,small,150,open,aging,0.668097,0.65,0.43426305,238.8446775000,1
3BA9OPGY,Central,MG Special,55.00,small,150,open,aging,0.668097,0.65,0.43426305,23.8844677500,1
LDQITW5C,Central,MG Advanced,3393.00,small,150,open,aging,0.668097,0.65,0.43426305,1473.4545286500,1
9V2SW5MV,Central,MG Advanced,3393.00,small,150,open,aging,0.668097,0.65,0.43426305,1473.4545286500,1
0R5KAHNB,Central,MG Advanced,3393.00,small,150,open,aging,0.668097,0.65,0.43426305,1473.4545286500,1
ATMWAQL5,Central,GTX Plus Basic,1096.00,small,150,open,aging,0.668097,0.65,0.43426305,475.9523028000,1
SUUVV6RP,Central,MG Special,55.00,small,150,open,aging,0.668097,0.65,0.43426305,23.8844677500,1
XB1ZV04H,Central,GTX Basic,550.00,small,150,open,aging,0.668097,0.65,0.43426305,238.8446775000,1
Q1TS5ZKD,Central,MG Special,55.00,small,150,open,aging,0.668097,0.65,0.43426305,23.8844677500,1
NNH4EBG8,West,MG Special,55.00,small,150,open,aging,0.668097,0.65,0.43426305,23.8844677500,1
5UFU5IO4,East,MG Special,55.00,small,149,open,aging,0.668097,0.65,0.43426305,23.8844677500,1
VLYT262U,East,GTX Plus Basic,1096.00,small,149,open,aging,0.668097,0.65,0.43426305,475.9523028000,1
UM1OU73X,Central,GTXPro,0.00,unknown,149,open,aging,0.631501,0.65,0.41047565,0.0000000000,1
69U39SXU,Central,GTXPro,0.00,unknown,149,open,aging,0.631501,0.65,0.41047565,0.0000000000,1
ZCUMC0XC,Central,MG Special,55.00,small,149,open,aging,0.668097,0.65,0.43426305,23.8844677500,1
V1KABF71,Central,GTX Plus Basic,1096.00,small,149,open,aging,0.668097,0.65,0.43426305,475.9523028000,1
CPOA6FVA,Central,GTX Basic,550.00,small,149,open,aging,0.668097,0.65,0.43426305,238.8446775000,1
5VW9YVTU,Central,GTX Basic,550.00,small,149,open,aging,0.668097,0.65,0.43426305,238.8446775000,1
FUI9BIS3,Central,MG Advanced,3393.00,small,149,open,aging,0.668097,0.65,0.43426305,1473.4545286500,1
49SUORYW,Central,GTX Plus Basic,1096.00,small,149,open,aging,0.668097,0.65,0.43426305,475.9523028000,1
51VR0RD3,East,MG Special,55.00,small,149,open,aging,0.668097,0.65,0.43426305,23.8844677500,1
4PNXMXXC,Central,GTX Basic,550.00,small,148,open,aging,0.668097,0.65,0.43426305,238.8446775000,1
OVA9HMN1,Central,GTX Plus Pro,5482.00,medium,148,open,aging,0.707048,0.65,0.45958120,2519.4241384000,1
DAAHNY6T,Central,MG Special,55.00,small,148,open,aging,0.668097,0.65,0.43426305,23.8844677500,1
80QJ0BQH,Central,MG Special,55.00,small,148,open,aging,0.668097,0.65,0.43426305,23.8844677500,1
MOAP4XN7,East,GTXPro,0.00,unknown,148,open,aging,0.631501,0.65,0.41047565,0.0000000000,1
2N2MUDOA,East,GTXPro,0.00,unknown,148,open,aging,0.631501,0.65,0.41047565,0.0000000000,1
RCJRB8W8,Central,GTX Plus Pro,5482.00,medium,148,open,aging,0.707048,0.65,0.45958120,2519.4241384000,1
5NGPM4C3,Central,GTX Plus Pro,5482.00,medium,148,open,aging,0.707048,0.65,0.45958120,2519.4241384000,1
7DOGGIXI,West,MG Special,55.00,small,148,open,aging,0.668097,0.65,0.43426305,23.8844677500,1
NY7Z4I06,West,GTX Plus Pro,5482.00,medium,148,open,aging,0.707048,0.65,0.45958120,2519.4241384000,1
9P180HVQ,Central,GTX Basic,550.00,small,148,open,aging,0.668097,0.65,0.43426305,238.8446775000,1
ACGLK2YE,Central,GTX Plus Basic,1096.00,small,148,open,aging,0.668097,0.65,0.43426305,475.9523028000,1
3A54O8JT,Central,MG Special,55.00,small,148,open,aging,0.668097,0.65,0.43426305,23.8844677500,1
R9GI5SJ5,West,MG Advanced,3393.00,small,148,open,aging,0.668097,0.65,0.43426305,1473.4545286500,1
WO1OYV0Z,East,GTX Plus Pro,5482.00,medium,147,open,aging,0.707048,0.65,0.45958120,2519.4241384000,1
ZGK1AWBD,East,MG Special,55.00,small,147,open,aging,0.668097,0.65,0.43426305,23.8844677500,1
AV72Y65Y,Central,MG Special,55.00,small,147,open,aging,0.668097,0.65,0.43426305,23.8844677500,1
A8NDGVJE,Central,GTXPro,0.00,unknown,147,open,aging,0.631501,0.65,0.41047565,0.0000000000,1
7FFV8D9U,Central,GTXPro,0.00,unknown,147,open,aging,0.631501,0.65,0.41047565,0.0000000000,1
04T6SOQW,West,GTX Basic,550.00,small,147,open,aging,0.668097,0.65,0.43426305,238.8446775000,1
SLMY2KDA,West,GTXPro,0.00,unknown,147,open,aging,0.631501,0.65,0.41047565,0.0000000000,1
PDMZ1I99,Central,MG Advanced,3393.00,small,147,open,aging,0.668097,0.65,0.43426305,1473.4545286500,1
AD2YEH7W,Central,GTX Plus Pro,5482.00,medium,147,open,aging,0.707048,0.65,0.45958120,2519.4241384000,1
98K99UW9,East,GTX Plus Pro,5482.00,medium,147,open,aging,0.707048,0.65,0.45958120,2519.4241384000,1
OMJHW2J1,Central,MG Advanced,3393.00,small,147,open,aging,0.668097,0.65,0.43426305,1473.4545286500,1
G6CMP5I9,Central,MG Advanced,3393.00,small,147,open,aging,0.668097,0.65,0.43426305,1473.4545286500,1
OSG9KZGB,Central,GTX Plus Basic,1096.00,small,146,open,aging,0.668097,0.65,0.43426305,475.9523028000,1
693K7IAT,East,GTX Basic,550.00,small,146,open,aging,0.668097,0.65,0.43426305,238.8446775000,1
WD7Q5D3G,West,GTX Plus Basic,1096.00,small,146,open,aging,0.668097,0.65,0.43426305,475.9523028000,1
ZC987DAQ,West,MG Advanced,3393.00,small,146,open,aging,0.668097,0.65,0.43426305,1473.4545286500,1
I6M40320,Central,GTX Plus Basic,1096.00,small,146,open,aging,0.668097,0.65,0.43426305,475.9523028000,1
SYA1A4E5,Central,GTXPro,0.00,unknown,146,open,aging,0.631501,0.65,0.41047565,0.0000000000,1
9AESK6QV,West,GTX Basic,550.00,small,146,open,aging,0.668097,0.65,0.43426305,238.8446775000,1
Q8QGD2OG,Central,MG Advanced,3393.00,small,145,open,aging,0.668097,0.65,0.43426305,1473.4545286500,1
FH3UXT3T,Central,GTXPro,0.00,unknown,145,open,aging,0.631501,0.65,0.41047565,0.0000000000,1
CLRPASVW,West,GTX Basic,550.00,small,145,open,aging,0.668097,0.65,0.43426305,238.8446775000,1
FS60AX8A,Central,GTX Basic,550.00,small,145,open,aging,0.668097,0.65,0.43426305,238.8446775000,1
O7LSETHG,East,MG Advanced,3393.00,small,145,open,aging,0.668097,0.65,0.43426305,1473.4545286500,1
FCBSZ6FJ,Central,GTX Plus Pro,5482.00,medium,144,open,aging,0.707048,0.65,0.45958120,2519.4241384000,1
S931EBRN,East,GTX Basic,550.00,small,144,open,aging,0.668097,0.65,0.43426305,238.8446775000,1
MUSSD9WD,Central,GTX Plus Basic,1096.00,small,144,open,aging,0.668097,0.65,0.43426305,475.9523028000,1
9B20R6A5,Central,GTXPro,0.00,unknown,144,open,aging,0.631501,0.65,0.41047565,0.0000000000,1
BJH89YWM,Central,GTX Basic,550.00,small,144,open,aging,0.668097,0.65,0.43426305,238.8446775000,1
EVXPG3V5,Central,GTX Basic,550.00,small,144,open,aging,0.668097,0.65,0.43426305,238.8446775000,1
FSNL204U,Central,GTX Plus Pro,5482.00,medium,144,open,aging,0.707048,0.65,0.45958120,2519.4241384000,1
RC4LEDIA,Central,MG Advanced,3393.00,small,144,open,aging,0.668097,0.65,0.43426305,1473.4545286500,1
298J5EM0,West,GTX Basic,550.00,small,144,open,aging,0.668097,0.65,0.43426305,238.8446775000,1
Z4OOTJAJ,Central,GTX Plus Pro,5482.00,medium,143,open,aging,0.707048,0.65,0.45958120,2519.4241384000,1
988J5AUI,West,GTX Plus Basic,1096.00,small,143,open,aging,0.668097,0.65,0.43426305,475.9523028000,1
MBPJUJ7F,Central,GTX Basic,550.00,small,143,open,aging,0.668097,0.65,0.43426305,238.8446775000,1
2KWJIZX6,Central,GTX Plus Basic,1096.00,small,143,open,aging,0.668097,0.65,0.43426305,475.9523028000,1
99EA6HXJ,West,GTX Basic,550.00,small,143,open,aging,0.668097,0.65,0.43426305,238.8446775000,1
J31SUXQJ,Central,GTX Plus Pro,5482.00,medium,143,open,aging,0.707048,0.65,0.45958120,2519.4241384000,1
DYO98F6J,Central,MG Special,55.00,small,143,open,aging,0.668097,0.65,0.43426305,23.8844677500,1
EEB0JYIQ,Central,GTX Plus Basic,1096.00,small,143,open,aging,0.668097,0.65,0.43426305,475.9523028000,1
68EYCEV4,East,GTXPro,0.00,unknown,143,open,aging,0.631501,0.65,0.41047565,0.0000000000,1
P4D1NK6D,West,GTX Basic,550.00,small,142,open,aging,0.668097,0.65,0.43426305,238.8446775000,1
5MAXF8FK,Central,GTX Plus Pro,5482.00,medium,142,open,aging,0.707048,0.65,0.45958120,2519.4241384000,1
Z7Q2USU1,West,MG Special,55.00,small,142,open,aging,0.668097,0.65,0.43426305,23.8844677500,1
8CBTC1PX,Central,MG Advanced,3393.00,small,142,open,aging,0.668097,0.65,0.43426305,1473.4545286500,1
UMF3KRCL,West,GTX Basic,550.00,small,142,open,aging,0.668097,0.65,0.43426305,238.8446775000,1
VJSI29OF,Central,MG Special,55.00,small,142,open,aging,0.668097,0.65,0.43426305,23.8844677500,1
6KEWAQMX,East,GTXPro,0.00,unknown,141,open,aging,0.631501,0.65,0.41047565,0.0000000000,1
QFRZLXF3,Central,MG Special,55.00,small,141,open,aging,0.668097,0.65,0.43426305,23.8844677500,1
8MUD1WS1,Central,MG Advanced,3393.00,small,141,open,aging,0.668097,0.65,0.43426305,1473.4545286500,1
HMWIP0F2,Central,MG Special,55.00,small,141,open,aging,0.668097,0.65,0.43426305,23.8844677500,1
27REMGYU,West,GTX Basic,550.00,small,141,open,aging,0.668097,0.65,0.43426305,238.8446775000,1
O0L6JUYE,Central,GTX Basic,550.00,small,141,open,aging,0.668097,0.65,0.43426305,238.8446775000,1
ZR436XWW,West,GTX Plus Basic,1096.00,small,141,open,aging,0.668097,0.65,0.43426305,475.9523028000,1
44Q1W18Y,Central,MG Special,55.00,small,141,open,aging,0.668097,0.65,0.43426305,23.8844677500,1
LT111IZL,Central,MG Special,55.00,small,141,open,aging,0.668097,0.65,0.43426305,23.8844677500,1
QHY85D44,Central,MG Special,55.00,small,141,open,aging,0.668097,0.65,0.43426305,23.8844677500,1
7ZN8YCH8,Central,MG Special,55.00,small,141,open,aging,0.668097,0.65,0.43426305,23.8844677500,1
B96E3BBD,West,GTX Basic,550.00,small,141,open,aging,0.668097,0.65,0.43426305,238.8446775000,1
MQEFGUOG,West,GTX Basic,550.00,small,141,open,aging,0.668097,0.65,0.43426305,238.8446775000,1
3C6E0D28,West,GTX Plus Pro,5482.00,medium,141,open,aging,0.707048,0.65,0.45958120,2519.4241384000,1
58W7CZGD,West,GTXPro,0.00,unknown,141,open,aging,0.631501,0.65,0.41047565,0.0000000000,1
EEQV0YY4,East,GTX Basic,550.00,small,141,open,aging,0.668097,0.65,0.43426305,238.8446775000,1
0OHEJOI5,East,MG Advanced,3393.00,small,140,open,aging,0.668097,0.65,0.43426305,1473.4545286500,1
QMFN71BT,Central,GTX Plus Basic,1096.00,small,140,open,aging,0.668097,0.65,0.43426305,475.9523028000,1
7O1UQ19W,Central,GTX Basic,550.00,small,140,open,aging,0.668097,0.65,0.43426305,238.8446775000,1
LFJVV393,West,GTX Plus Basic,1096.00,small,140,open,aging,0.668097,0.65,0.43426305,475.9523028000,1
QQPAK72N,West,GTX Plus Pro,5482.00,medium,140,open,aging,0.707048,0.65,0.45958120,2519.4241384000,1
5CAP1055,West,GTX Plus Pro,5482.00,medium,140,open,aging,0.707048,0.65,0.45958120,2519.4241384000,1
DFSFEADV,Central,GTX Basic,550.00,small,140,open,aging,0.668097,0.65,0.43426305,238.8446775000,1
PXNDLIL2,Central,MG Special,55.00,small,140,open,aging,0.668097,0.65,0.43426305,23.8844677500,1
7FVBMH48,West,MG Advanced,3393.00,small,140,open,aging,0.668097,0.65,0.43426305,1473.4545286500,1
V0G393Q6,Central,GTX Plus Basic,1096.00,small,140,open,aging,0.668097,0.65,0.43426305,475.9523028000,1
9CPUX0D0,Central,GTXPro,0.00,unknown,140,open,aging,0.631501,0.65,0.41047565,0.0000000000,1
USS2SNQI,West,MG Special,55.00,small,140,open,aging,0.668097,0.65,0.43426305,23.8844677500,1
HQKWQ004,Central,MG Advanced,3393.00,small,140,open,aging,0.668097,0.65,0.43426305,1473.4545286500,1
SAMPTSH0,Central,GTX Plus Basic,1096.00,small,139,open,aging,0.668097,0.65,0.43426305,475.9523028000,1
NSX4NR40,Central,GTX Plus Pro,5482.00,medium,139,open,aging,0.707048,0.65,0.45958120,2519.4241384000,1
NPORW46K,Central,MG Special,55.00,small,139,open,aging,0.668097,0.65,0.43426305,23.8844677500,1
0GS0L5VR,Central,MG Special,55.00,small,139,open,aging,0.668097,0.65,0.43426305,23.8844677500,1
LBO52V0N,East,GTXPro,0.00,unknown,139,open,aging,0.631501,0.65,0.41047565,0.0000000000,1
FJE58EP1,Central,GTXPro,0.00,unknown,139,open,aging,0.631501,0.65,0.41047565,0.0000000000,1
AILB4LIX,Central,GTXPro,0.00,unknown,139,open,aging,0.631501,0.65,0.41047565,0.0000000000,1
8FGW6RSX,West,MG Special,55.00,small,139,open,aging,0.668097,0.65,0.43426305,23.8844677500,1
CYV6MJL9,West,MG Advanced,3393.00,small,139,open,aging,0.668097,0.65,0.43426305,1473.4545286500,1
Y8ZUSC9C,Central,GTX Basic,550.00,small,139,open,aging,0.668097,0.65,0.43426305,238.8446775000,1
VHT6G2BS,Central,GTX Plus Basic,1096.00,small,139,open,aging,0.668097,0.65,0.43426305,475.9523028000,1
KBPKLB2X,Central,GTXPro,0.00,unknown,139,open,aging,0.631501,0.65,0.41047565,0.0000000000,1
EZDMNAK8,Central,MG Advanced,3393.00,small,139,open,aging,0.668097,0.65,0.43426305,1473.4545286500,1
I6PXHXST,Central,MG Advanced,3393.00,small,139,open,aging,0.668097,0.65,0.43426305,1473.4545286500,1
AMP2GT6F,West,GTXPro,0.00,unknown,139,open,aging,0.631501,0.65,0.41047565,0.0000000000,1
PQJZNRKK,East,GTXPro,0.00,unknown,139,open,aging,0.631501,0.65,0.41047565,0.0000000000,1
E617EXPD,West,MG Advanced,3393.00,small,139,open,aging,0.668097,0.65,0.43426305,1473.4545286500,1
JEWIBFH9,East,MG Advanced,3393.00,small,139,open,aging,0.668097,0.65,0.43426305,1473.4545286500,1
B08R55ET,Central,MG Special,55.00,small,138,open,aging,0.668097,0.65,0.43426305,23.8844677500,1
ICR59VIJ,East,MG Advanced,3393.00,small,138,open,aging,0.668097,0.65,0.43426305,1473.4545286500,1
TQJJDWWH,West,MG Advanced,3393.00,small,138,open,aging,0.668097,0.65,0.43426305,1473.4545286500,1
XGHMOHYQ,Central,GTX Basic,550.00,small,138,open,aging,0.668097,0.65,0.43426305,238.8446775000,1
5378T3K3,West,GTX Plus Pro,5482.00,medium,138,open,aging,0.707048,0.65,0.45958120,2519.4241384000,1
1MQ3015O,Central,GTX Plus Basic,1096.00,small,138,open,aging,0.668097,0.65,0.43426305,475.9523028000,1
PYQ3VX08,Central,GTXPro,0.00,unknown,138,open,aging,0.631501,0.65,0.41047565,0.0000000000,1
W1XRTUT2,Central,MG Special,55.00,small,138,open,aging,0.668097,0.65,0.43426305,23.8844677500,1
6SMB6SDY,West,GTXPro,0.00,unknown,138,open,aging,0.631501,0.65,0.41047565,0.0000000000,1
041Q1IZL,West,GTXPro,0.00,unknown,138,open,aging,0.631501,0.65,0.41047565,0.0000000000,1
SU1NDYXR,East,GTX Plus Basic,1096.00,small,137,open,aging,0.668097,0.65,0.43426305,475.9523028000,1
V7W8CA47,West,MG Special,55.00,small,137,open,aging,0.668097,0.65,0.43426305,23.8844677500,1
KR22DD8M,East,GTX Basic,550.00,small,136,open,aging,0.668097,0.65,0.43426305,238.8446775000,1
SY61BAXZ,East,GTX Plus Basic,1096.00,small,136,open,aging,0.668097,0.65,0.43426305,475.9523028000,1
FKVC924F,East,GTXPro,0.00,unknown,136,open,aging,0.631501,0.65,0.41047565,0.0000000000,1
LXVCMY4C,East,GTXPro,0.00,unknown,136,open,aging,0.631501,0.65,0.41047565,0.0000000000,1
QJ1DIUN7,West,MG Special,55.00,small,136,open,aging,0.668097,0.65,0.43426305,23.8844677500,1
L4R7LDY1,East,MG Special,55.00,small,136,open,aging,0.668097,0.65,0.43426305,23.8844677500,1
XNKIZY9J,East,MG Advanced,3393.00,small,135,open,aging,0.668097,0.65,0.43426305,1473.4545286500,1
X9L0T199,West,GTXPro,0.00,unknown,135,open,aging,0.631501,0.65,0.41047565,0.0000000000,1
VYR4EWHR,West,GTX Basic,550.00,small,135,open,aging,0.668097,0.65,0.43426305,238.8446775000,1
PODXJ4SP,West,GTX Basic,550.00,small,135,open,aging,0.668097,0.65,0.43426305,238.8446775000,1
MAH5U65E,West,MG Advanced,3393.00,small,135,open,aging,0.668097,0.65,0.43426305,1473.4545286500,1
NZJXKD9H,East,MG Special,55.00,small,134,open,aging,0.668097,0.65,0.43426305,23.8844677500,1
H7GXKD3O,West,GTX Plus Basic,1096.00,small,134,open,aging,0.668097,0.65,0.43426305,475.9523028000,1
QPUPBL50,West,GTX Basic,550.00,small,133,open,aging,0.668097,0.65,0.43426305,238.8446775000,1
7P069DNF,West,GTX Plus Basic,1096.00,small,133,open,aging,0.668097,0.65,0.43426305,475.9523028000,1
TUKHDOGS,West,GTXPro,0.00,unknown,133,open,aging,0.631501,0.65,0.41047565,0.0000000000,1
9D43V124,West,MG Special,55.00,small,133,open,aging,0.668097,0.65,0.43426305,23.8844677500,1
1VFT3UCK,East,GTX Plus Basic,1096.00,small,132,open,aging,0.668097,0.65,0.43426305,475.9523028000,1
R2V49PU5,West,GTX Plus Basic,1096.00,small,132,open,aging,0.668097,0.65,0.43426305,475.9523028000,1
RFQFJLNJ,West,MG Special,55.00,small,132,open,aging,0.668097,0.65,0.43426305,23.8844677500,1
23J295J4,West,MG Special,55.00,small,132,open,aging,0.668097,0.65,0.43426305,23.8844677500,1
8P3O8A9H,West,MG Special,55.00,small,132,open,aging,0.668097,0.65,0.43426305,23.8844677500,1
5P4O1IU6,East,MG Advanced,3393.00,small,131,open,aging,0.668097,0.65,0.43426305,1473.4545286500,1
TZPE6M07,East,MG Advanced,3393.00,small,131,open,aging,0.668097,0.65,0.43426305,1473.4545286500,1
G03J67Z1,West,GTX Plus Basic,1096.00,small,131,open,aging,0.668097,0.65,0.43426305,475.9523028000,1
TM70L0W8,West,GTXPro,0.00,unknown,131,open,aging,0.631501,0.65,0.41047565,0.0000000000,1
WK1319MB,East,MG Advanced,3393.00,small,130,open,aging,0.668097,0.65,0.43426305,1473.4545286500,1
S53EVWFC,East,GTXPro,0.00,unknown,130,open,aging,0.631501,0.65,0.41047565,0.0000000000,1
YB4YJTK4,West,GTX Basic,550.00,small,130,open,aging,0.668097,0.65,0.43426305,238.8446775000,1
P6NQ2LZK,West,GTX Basic,550.00,small,130,open,aging,0.668097,0.65,0.43426305,238.8446775000,1
0XYUJ7HF,West,MG Special,55.00,small,130,open,aging,0.668097,0.65,0.43426305,23.8844677500,1
QKW7MDJK,East,GTXPro,0.00,unknown,130,open,aging,0.631501,0.65,0.41047565,0.0000000000,1
UIOJX7O0,East,GTXPro,0.00,unknown,129,open,aging,0.631501,0.65,0.41047565,0.0000000000,1
CN8X0DLA,East,GTX Plus Basic,1096.00,small,129,open,aging,0.668097,0.65,0.43426305,475.9523028000,1
HF1GSBT4,East,GTX Plus Pro,5482.00,medium,129,open,aging,0.707048,0.65,0.45958120,2519.4241384000,1
Z8Z77GN3,West,GTXPro,0.00,unknown,129,open,aging,0.631501,0.65,0.41047565,0.0000000000,1
LKJZEISS,West,GTX Basic,550.00,small,129,open,aging,0.668097,0.65,0.43426305,238.8446775000,1
Y0M8X7BV,East,GTX Plus Pro,5482.00,medium,128,open,aging,0.707048,0.65,0.45958120,2519.4241384000,1
TWEVVI99,East,GTX Plus Basic,1096.00,small,128,open,aging,0.668097,0.65,0.43426305,475.9523028000,1
0H9C9J03,West,GTX Plus Basic,1096.00,small,128,open,aging,0.668097,0.65,0.43426305,475.9523028000,1
VGSH1TSW,East,MG Special,55.00,small,128,open,aging,0.668097,0.65,0.43426305,23.8844677500,1
WZ3FJA3V,West,GTX Plus Basic,1096.00,small,128,open,aging,0.668097,0.65,0.43426305,475.9523028000,1
TLLW2ZRM,West,GTXPro,0.00,unknown,128,open,aging,0.631501,0.65,0.41047565,0.0000000000,1
2F41W100,East,GTX Plus Basic,1096.00,small,127,open,aging,0.668097,0.65,0.43426305,475.9523028000,1
059K86LU,West,GTX Plus Pro,5482.00,medium,127,open,aging,0.707048,0.65,0.45958120,2519.4241384000,1
8PLXH354,West,MG Special,55.00,small,127,open,aging,0.668097,0.65,0.43426305,23.8844677500,1
RU5X1LZM,West,GTXPro,0.00,unknown,127,open,aging,0.631501,0.65,0.41047565,0.0000000000,1
OO9U4C0Y,East,GTX Plus Basic,1096.00,small,126,open,aging,0.668097,0.65,0.43426305,475.9523028000,1
WZN26QZQ,East,GTX Plus Pro,5482.00,medium,126,open,aging,0.707048,0.65,0.45958120,2519.4241384000,1
7K1KXMBT,West,GTXPro,0.00,unknown,126,open,aging,0.631501,0.65,0.41047565,0.0000000000,1
TCJA7XF2,West,MG Special,55.00,small,126,open,aging,0.668097,0.65,0.43426305,23.8844677500,1
TGSLH2ZD,West,GTX Basic,550.00,small,126,open,aging,0.668097,0.65,0.43426305,238.8446775000,1
OLXEYM3P,West,GTX Basic,550.00,small,126,open,aging,0.668097,0.65,0.43426305,238.8446775000,1
3ORQ2R0R,West,GTXPro,0.00,unknown,125,open,aging,0.631501,0.65,0.41047565,0.0000000000,1
7868JVH9,East,GTX Plus Basic,1096.00,small,124,open,aging,0.668097,0.65,0.43426305,475.9523028000,1
RYNZ2WOK,West,MG Advanced,3393.00,small,124,open,aging,0.668097,0.65,0.43426305,1473.4545286500,1
PTZ9QLEF,East,GTX Basic,550.00,small,124,open,aging,0.668097,0.65,0.43426305,238.8446775000,1
R65LGLJ0,East,MG Special,55.00,small,123,open,aging,0.668097,0.65,0.43426305,23.8844677500,1
XXD7OQOH,West,MG Special,55.00,small,123,open,aging,0.668097,0.65,0.43426305,23.8844677500,1
LMU41E2W,West,MG Special,55.00,small,123,open,aging,0.668097,0.65,0.43426305,23.8844677500,1
1Y58TSUU,East,MG Special,55.00,small,123,open,aging,0.668097,0.65,0.43426305,23.8844677500,1
WNTAT1OT,East,GTX Basic,550.00,small,122,open,aging,0.668097,0.65,0.43426305,238.8446775000,1
EDM7CEZ6,West,GTXPro,0.00,unknown,122,open,aging,0.631501,0.65,0.41047565,0.0000000000,1
XBPJ6M4K,West,GTX Basic,550.00,small,122,open,aging,0.668097,0.65,0.43426305,238.8446775000,1
XRZNF1LQ,West,GTXPro,0.00,unknown,122,open,aging,0.631501,0.65,0.41047565,0.0000000000,1
6CT660FF,West,GTX Plus Basic,1096.00,small,122,open,aging,0.668097,0.65,0.43426305,475.9523028000,1
NUS67BOQ,East,GTX Basic,550.00,small,122,open,aging,0.668097,0.65,0.43426305,238.8446775000,1
RTX8ZJXT,West,GTX Basic,550.00,small,122,open,aging,0.668097,0.65,0.43426305,238.8446775000,1
6C6Z3HRA,West,GTX Basic,550.00,small,122,open,aging,0.668097,0.65,0.43426305,238.8446775000,1
102XKYAC,East,GTXPro,0.00,unknown,121,open,aging,0.631501,0.65,0.41047565,0.0000000000,1
A5SCVK7E,East,GTX Plus Pro,5482.00,medium,121,open,aging,0.707048,0.65,0.45958120,2519.4241384000,1
ASZNII2J,West,MG Special,55.00,small,121,open,aging,0.668097,0.65,0.43426305,23.8844677500,1
KAGK2GQJ,West,GTX Plus Pro,5482.00,medium,121,open,aging,0.707048,0.65,0.45958120,2519.4241384000,1
6OD1J7MW,West,GTX Plus Pro,5482.00,medium,120,open,slightly_aged,0.707048,0.85,0.60099080,3294.6315656000,0
J0G6ZLYZ,West,GTX Plus Pro,5482.00,medium,120,open,slightly_aged,0.707048,0.85,0.60099080,3294.6315656000,0
LOQ46F0T,East,GTX Basic,550.00,small,119,open,slightly_aged,0.668097,0.85,0.56788245,312.3353475000,0
JKAYQ4HQ,West,MG Special,55.00,small,119,open,slightly_aged,0.668097,0.85,0.56788245,31.2335347500,0
DZP41ANW,West,GTX Plus Basic,1096.00,small,119,open,slightly_aged,0.668097,0.85,0.56788245,622.3991652000,0
GRYHHER0,West,MG Special,55.00,small,119,open,slightly_aged,0.668097,0.85,0.56788245,31.2335347500,0
H8XH5MFQ,West,GTX Plus Pro,5482.00,medium,119,open,slightly_aged,0.707048,0.85,0.60099080,3294.6315656000,0
YPM5PZMD,West,MG Special,55.00,small,119,open,slightly_aged,0.668097,0.85,0.56788245,31.2335347500,0
OGHK250E,East,GTX Basic,550.00,small,119,open,slightly_aged,0.668097,0.85,0.56788245,312.3353475000,0
KXR63BV7,East,GTXPro,0.00,unknown,118,open,slightly_aged,0.631501,0.85,0.53677585,0.0000000000,0
VKIR68JX,East,GTX Plus Basic,1096.00,small,118,open,slightly_aged,0.668097,0.85,0.56788245,622.3991652000,0
W533W8G6,West,GTX Basic,550.00,small,118,open,slightly_aged,0.668097,0.85,0.56788245,312.3353475000,0
RW3CJO8D,West,MG Advanced,3393.00,small,118,open,slightly_aged,0.668097,0.85,0.56788245,1926.8251528500,0
5E274CQS,East,GTXPro,0.00,unknown,117,open,slightly_aged,0.631501,0.85,0.53677585,0.0000000000,0
7GDSUY9K,West,GTX Plus Pro,5482.00,medium,117,open,slightly_aged,0.707048,0.85,0.60099080,3294.6315656000,0
H5J7C2FE,West,GTX Basic,550.00,small,117,open,slightly_aged,0.668097,0.85,0.56788245,312.3353475000,0
1UW6ILCH,West,GTX Basic,550.00,small,117,open,slightly_aged,0.668097,0.85,0.56788245,312.3353475000,0
X6NSKI7H,East,GTX Basic,550.00,small,116,open,slightly_aged,0.668097,0.85,0.56788245,312.3353475000,0
FH30JK3J,East,GTX Plus Basic,1096.00,small,116,open,slightly_aged,0.668097,0.85,0.56788245,622.3991652000,0
ZPXE49AP,East,GTX Basic,550.00,small,116,open,slightly_aged,0.668097,0.85,0.56788245,312.3353475000,0
U1XSUD1P,West,GTX Basic,550.00,small,116,open,slightly_aged,0.668097,0.85,0.56788245,312.3353475000,0
OM8LELJW,West,GTX Basic,550.00,small,116,open,slightly_aged,0.668097,0.85,0.56788245,312.3353475000,0
WEES59KH,East,MG Special,55.00,small,116,open,slightly_aged,0.668097,0.85,0.56788245,31.2335347500,0
95YT659K,West,MG Special,55.00,small,116,open,slightly_aged,0.668097,0.85,0.56788245,31.2335347500,0
IOPIJ6C6,East,GTX Plus Basic,1096.00,small,115,open,slightly_aged,0.668097,0.85,0.56788245,622.3991652000,0
QEZ2X87C,West,MG Special,55.00,small,115,open,slightly_aged,0.668097,0.85,0.56788245,31.2335347500,0
S8FODURJ,West,GTX Basic,550.00,small,115,open,slightly_aged,0.668097,0.85,0.56788245,312.3353475000,0
EJGRLQP8,West,GTXPro,0.00,unknown,114,open,slightly_aged,0.631501,0.85,0.53677585,0.0000000000,0
8DDR4MUL,West,MG Advanced,3393.00,small,114,open,slightly_aged,0.668097,0.85,0.56788245,1926.8251528500,0
H0RRUQZ6,West,MG Special,55.00,small,114,open,slightly_aged,0.668097,0.85,0.56788245,31.2335347500,0
NJC4XMEN,West,GTX Plus Basic,1096.00,small,113,open,slightly_aged,0.668097,0.85,0.56788245,622.3991652000,0
IMLFM79C,West,GTX Plus Basic,1096.00,small,113,open,slightly_aged,0.668097,0.85,0.56788245,622.3991652000,0
ZGW9SCQ0,West,MG Advanced,3393.00,small,112,open,slightly_aged,0.668097,0.85,0.56788245,1926.8251528500,0
34XWXEQE,West,GTXPro,0.00,unknown,112,open,slightly_aged,0.631501,0.85,0.53677585,0.0000000000,0
8NG46N94,West,GTXPro,0.00,unknown,112,open,slightly_aged,0.631501,0.85,0.53677585,0.0000000000,0
XT8HCGAD,West,MG Special,55.00,small,112,open,slightly_aged,0.668097,0.85,0.56788245,31.2335347500,0
WIQQUZRQ,West,MG Special,55.00,small,112,open,slightly_aged,0.668097,0.85,0.56788245,31.2335347500,0
LOHJU3OB,West,GTXPro,0.00,unknown,112,open,slightly_aged,0.631501,0.85,0.53677585,0.0000000000,0
0558PJL2,East,GTX Basic,550.00,small,111,open,slightly_aged,0.668097,0.85,0.56788245,312.3353475000,0
JB60NPU9,East,GTXPro,0.00,unknown,111,open,slightly_aged,0.631501,0.85,0.53677585,0.0000000000,0
77IBMLTB,West,GTX Plus Pro,5482.00,medium,111,open,slightly_aged,0.707048,0.85,0.60099080,3294.6315656000,0
S2XTTF3B,West,MG Special,55.00,small,111,open,slightly_aged,0.668097,0.85,0.56788245,31.2335347500,0
8XY5IA68,East,GTXPro,0.00,unknown,111,open,slightly_aged,0.631501,0.85,0.53677585,0.0000000000,0
RKOQZJZR,West,GTX Plus Basic,1096.00,small,111,open,slightly_aged,0.668097,0.85,0.56788245,622.3991652000,0
8V5OCDHN,East,GTX Basic,550.00,small,110,open,slightly_aged,0.668097,0.85,0.56788245,312.3353475000,0
I35REHYN,West,GTX Basic,550.00,small,110,open,slightly_aged,0.668097,0.85,0.56788245,312.3353475000,0
Y3AAS62P,West,GTX Plus Basic,1096.00,small,110,open,slightly_aged,0.668097,0.85,0.56788245,622.3991652000,0
3NC5XSDF,East,MG Advanced,3393.00,small,110,open,slightly_aged,0.668097,0.85,0.56788245,1926.8251528500,0
5X3TSUA9,East,GTX Plus Basic,1096.00,small,109,open,slightly_aged,0.668097,0.85,0.56788245,622.3991652000,0
9DY57A6F,East,GTXPro,0.00,unknown,109,open,slightly_aged,0.631501,0.85,0.53677585,0.0000000000,0
EQ0PLA0O,West,MG Special,55.00,small,109,open,slightly_aged,0.668097,0.85,0.56788245,31.2335347500,0
VRWH3YJV,West,GTX Plus Pro,5482.00,medium,108,open,slightly_aged,0.707048,0.85,0.60099080,3294.6315656000,0
JBECEURV,West,GTX Basic,550.00,small,108,open,slightly_aged,0.668097,0.85,0.56788245,312.3353475000,0
ER0U0TOC,East,GTX Basic,550.00,small,107,open,slightly_aged,0.668097,0.85,0.56788245,312.3353475000,0
24K085JJ,West,GTX Plus Basic,1096.00,small,107,open,slightly_aged,0.668097,0.85,0.56788245,622.3991652000,0
NBBIFIKB,East,MG Advanced,3393.00,small,107,open,slightly_aged,0.668097,0.85,0.56788245,1926.8251528500,0
R6Q5JOLX,East,GTX Plus Pro,5482.00,medium,106,open,slightly_aged,0.707048,0.85,0.60099080,3294.6315656000,0
DY8DMZZ9,West,GTX Plus Pro,5482.00,medium,106,open,slightly_aged,0.707048,0.85,0.60099080,3294.6315656000,0
KQ83VL8T,East,GTX Plus Basic,1096.00,small,105,open,slightly_aged,0.668097,0.85,0.56788245,622.3991652000,0
PAQ6EKHB,West,GTX Basic,550.00,small,105,open,slightly_aged,0.668097,0.85,0.56788245,312.3353475000,0
8LA72RM8,West,MG Advanced,3393.00,small,105,open,slightly_aged,0.668097,0.85,0.56788245,1926.8251528500,0
UU7N7LZK,West,MG Advanced,3393.00,small,104,open,slightly_aged,0.668097,0.85,0.56788245,1926.8251528500,0
ZBDT3T2H,West,GTX Basic,550.00,small,104,open,slightly_aged,0.668097,0.85,0.56788245,312.3353475000,0
WSO3NMK5,West,MG Advanced,3393.00,small,104,open,slightly_aged,0.668097,0.85,0.56788245,1926.8251528500,0
01XZ9CRY,West,GTX Plus Pro,5482.00,medium,104,open,slightly_aged,0.707048,0.85,0.60099080,3294.6315656000,0
HJY0TQ7X,West,MG Special,55.00,small,104,open,slightly_aged,0.668097,0.85,0.56788245,31.2335347500,0
A7OVC1WK,East,GTX Plus Pro,5482.00,medium,103,open,slightly_aged,0.707048,0.85,0.60099080,3294.6315656000,0
V1SX6HOD,West,GTX Plus Basic,1096.00,small,103,open,slightly_aged,0.668097,0.85,0.56788245,622.3991652000,0
WVKBXWA9,East,MG Advanced,3393.00,small,103,open,slightly_aged,0.668097,0.85,0.56788245,1926.8251528500,0
PSMWYTMB,East,MG Advanced,3393.00,small,102,open,slightly_aged,0.668097,0.85,0.56788245,1926.8251528500,0
NRK892VX,West,GTX Plus Pro,5482.00,medium,102,open,slightly_aged,0.707048,0.85,0.60099080,3294.6315656000,0
5F1RM2YM,West,MG Special,55.00,small,102,open,slightly_aged,0.668097,0.85,0.56788245,31.2335347500,0
197EQMY8,West,GTXPro,0.00,unknown,102,open,slightly_aged,0.631501,0.85,0.53677585,0.0000000000,0
61IKUAZI,West,GTX Plus Basic,1096.00,small,102,open,slightly_aged,0.668097,0.85,0.56788245,622.3991652000,0
D9MZMDOL,West,MG Special,55.00,small,102,open,slightly_aged,0.668097,0.85,0.56788245,31.2335347500,0
2FM8HJDM,West,MG Advanced,3393.00,small,102,open,slightly_aged,0.668097,0.85,0.56788245,1926.8251528500,0
4R4QF0ZU,West,GTXPro,0.00,unknown,102,open,slightly_aged,0.631501,0.85,0.53677585,0.0000000000,0
IDKBZCAF,East,GTXPro,0.00,unknown,101,open,slightly_aged,0.631501,0.85,0.53677585,0.0000000000,0
LFI3BGEE,East,GTX Plus Pro,5482.00,medium,100,open,slightly_aged,0.707048,0.85,0.60099080,3294.6315656000,0
1LHU0876,West,MG Advanced,3393.00,small,100,open,slightly_aged,0.668097,0.85,0.56788245,1926.8251528500,0
K2NPVZL8,West,GTX Basic,550.00,small,99,open,slightly_aged,0.668097,0.85,0.56788245,312.3353475000,0
7FLPKZN7,West,GTXPro,0.00,unknown,99,open,slightly_aged,0.631501,0.85,0.53677585,0.0000000000,0
3Q15OHQB,West,MG Advanced,3393.00,small,99,open,slightly_aged,0.668097,0.85,0.56788245,1926.8251528500,0
EJVD09HQ,West,MG Special,55.00,small,97,open,slightly_aged,0.668097,0.85,0.56788245,31.2335347500,0
P8QXRXMR,West,GTXPro,0.00,unknown,97,open,slightly_aged,0.631501,0.85,0.53677585,0.0000000000,0
G7QIQDSA,East,GTXPro,0.00,unknown,96,open,slightly_aged,0.631501,0.85,0.53677585,0.0000000000,0
JXUSPNPV,West,GTX Plus Basic,1096.00,small,96,open,slightly_aged,0.668097,0.85,0.56788245,622.3991652000,0
FSYTM6YE,West,GTXPro,0.00,unknown,95,open,slightly_aged,0.631501,0.85,0.53677585,0.0000000000,0
1LY8CAXD,West,GTK 500,26768.00,large,95,open,slightly_aged,0.600000,0.85,0.51000000,13651.6800000000,0
SMP2K39G,West,GTXPro,0.00,unknown,94,open,slightly_aged,0.631501,0.85,0.53677585,0.0000000000,0
9JTFD4FZ,East,GTX Plus Pro,5482.00,medium,94,open,slightly_aged,0.707048,0.85,0.60099080,3294.6315656000,0
C51GWGUE,East,GTX Plus Basic,1096.00,small,93,open,slightly_aged,0.668097,0.85,0.56788245,622.3991652000,0
NS6JLCZ2,East,GTXPro,0.00,unknown,93,open,slightly_aged,0.631501,0.85,0.53677585,0.0000000000,0
LZ3B174J,West,MG Special,55.00,small,93,open,slightly_aged,0.668097,0.85,0.56788245,31.2335347500,0
NX28C8EI,West,GTX Plus Pro,5482.00,medium,92,open,slightly_aged,0.707048,0.85,0.60099080,3294.6315656000,0
WV2YBM8V,West,GTX Basic,550.00,small,92,open,slightly_aged,0.668097,0.85,0.56788245,312.3353475000,0
NMLTE4CS,West,GTX Plus Pro,5482.00,medium,92,open,slightly_aged,0.707048,0.85,0.60099080,3294.6315656000,0
4SOUOUKH,West,GTX Plus Pro,5482.00,medium,92,open,slightly_aged,0.707048,0.85,0.60099080,3294.6315656000,0
EM1BA4EK,East,GTX Basic,550.00,small,91,open,slightly_aged,0.668097,0.85,0.56788245,312.3353475000,0
GWOOPZE8,East,GTX Plus Basic,1096.00,small,91,open,slightly_aged,0.668097,0.85,0.56788245,622.3991652000,0
GXIVJQPG,East,GTX Plus Basic,1096.00,small,91,open,slightly_aged,0.668097,0.85,0.56788245,622.3991652000,0
MG1YUTUE,West,MG Special,55.00,small,91,open,slightly_aged,0.668097,0.85,0.56788245,31.2335347500,0
QNB3SCN9,East,GTX Plus Pro,5482.00,medium,91,open,slightly_aged,0.707048,0.85,0.60099080,3294.6315656000,0
MYD4PBM9,West,GTX Basic,550.00,small,89,open,slightly_aged,0.668097,0.85,0.56788245,312.3353475000,0
E2CJIO85,West,GTX Plus Pro,5482.00,medium,89,open,slightly_aged,0.707048,0.85,0.60099080,3294.6315656000,0
EP5QRHID,East,MG Advanced,3393.00,small,88,open,slightly_aged,0.668097,0.85,0.56788245,1926.8251528500,0
5WAKI1NB,East,GTX Basic,550.00,small,88,open,slightly_aged,0.668097,0.85,0.56788245,312.3353475000,0
LDJ6VTNW,East,GTX Plus Basic,1096.00,small,88,open,slightly_aged,0.668097,0.85,0.56788245,622.3991652000,0
1L68AC0E,East,GTXPro,0.00,unknown,88,open,slightly_aged,0.631501,0.85,0.53677585,0.0000000000,0
06C1N1F7,West,MG Special,55.00,small,87,open,slightly_aged,0.668097,0.85,0.56788245,31.2335347500,0
VVE9HGLD,West,GTXPro,0.00,unknown,87,open,slightly_aged,0.631501,0.85,0.53677585,0.0000000000,0
JIEO87ZV,East,MG Advanced,3393.00,small,86,open,slightly_aged,0.668097,0.85,0.56788245,1926.8251528500,0
MIA65OVY,West,MG Special,55.00,small,86,open,slightly_aged,0.668097,0.85,0.56788245,31.2335347500,0
L9EVLHSJ,West,GTX Plus Basic,1096.00,small,84,open,slightly_aged,0.668097,0.85,0.56788245,622.3991652000,0
O691ZXXH,West,MG Special,55.00,small,84,open,slightly_aged,0.668097,0.85,0.56788245,31.2335347500,0
QDBJOE9M,West,MG Special,55.00,small,84,open,slightly_aged,0.668097,0.85,0.56788245,31.2335347500,0
ZEYGDEBG,East,GTXPro,0.00,unknown,83,open,slightly_aged,0.631501,0.85,0.53677585,0.0000000000,0
0HUWQWOJ,West,MG Special,55.00,small,83,open,slightly_aged,0.668097,0.85,0.56788245,31.2335347500,0
8SLDCS0F,West,MG Special,55.00,small,81,open,slightly_aged,0.668097,0.85,0.56788245,31.2335347500,0
OHOWVHYX,West,MG Advanced,3393.00,small,81,open,slightly_aged,0.668097,0.85,0.56788245,1926.8251528500,0
F761DF0M,West,GTX Basic,550.00,small,81,open,slightly_aged,0.668097,0.85,0.56788245,312.3353475000,0
4O3EPWFR,East,GTX Plus Basic,1096.00,small,80,open,slightly_aged,0.668097,0.85,0.56788245,622.3991652000,0
QCBO7C6E,West,GTX Plus Basic,1096.00,small,79,open,slightly_aged,0.668097,0.85,0.56788245,622.3991652000,0
ORYORRQV,West,GTX Basic,550.00,small,79,open,slightly_aged,0.668097,0.85,0.56788245,312.3353475000,0
NGG8O0JX,West,GTX Basic,550.00,small,79,open,slightly_aged,0.668097,0.85,0.56788245,312.3353475000,0
DYYJW46L,West,GTX Plus Pro,5482.00,medium,78,open,slightly_aged,0.707048,0.85,0.60099080,3294.6315656000,0
XSTGL252,East,GTXPro,0.00,unknown,77,open,slightly_aged,0.631501,0.85,0.53677585,0.0000000000,0
4ZKFSG5F,East,GTX Basic,550.00,small,76,open,slightly_aged,0.668097,0.85,0.56788245,312.3353475000,0
5TCGN3GX,East,GTX Plus Basic,1096.00,small,76,open,slightly_aged,0.668097,0.85,0.56788245,622.3991652000,0
Y6NI5EBV,West,GTX Plus Basic,1096.00,small,75,open,slightly_aged,0.668097,0.85,0.56788245,622.3991652000,0
OFC7ZTU8,West,GTXPro,0.00,unknown,75,open,slightly_aged,0.631501,0.85,0.53677585,0.0000000000,0
RVUJPYY8,West,MG Special,55.00,small,74,open,slightly_aged,0.668097,0.85,0.56788245,31.2335347500,0
YQJGEI71,West,GTX Plus Pro,5482.00,medium,73,open,slightly_aged,0.707048,0.85,0.60099080,3294.6315656000,0
BZGJ44FH,West,GTXPro,0.00,unknown,73,open,slightly_aged,0.631501,0.85,0.53677585,0.0000000000,0
4S17VJ7O,West,MG Advanced,3393.00,small,73,open,slightly_aged,0.668097,0.85,0.56788245,1926.8251528500,0
B2FSFXKA,West,MG Special,55.00,small,73,open,slightly_aged,0.668097,0.85,0.56788245,31.2335347500,0
W72TPY7P,West,MG Special,55.00,small,73,open,slightly_aged,0.668097,0.85,0.56788245,31.2335347500,0
SLILSQJV,West,GTX Plus Basic,1096.00,small,73,open,slightly_aged,0.668097,0.85,0.56788245,622.3991652000,0
RYWETTBK,West,GTX Basic,550.00,small,72,open,slightly_aged,0.668097,0.85,0.56788245,312.3353475000,0
2DY9U1V7,East,GTXPro,0.00,unknown,72,open,slightly_aged,0.631501,0.85,0.53677585,0.0000000000,0
GL2FM1RM,West,GTX Basic,550.00,small,70,open,slightly_aged,0.668097,0.85,0.56788245,312.3353475000,0
JJGRAQ2K,West,GTX Plus Pro,5482.00,medium,69,open,slightly_aged,0.707048,0.85,0.60099080,3294.6315656000,0
X7MN9ROG,West,GTX Plus Pro,5482.00,medium,69,open,slightly_aged,0.707048,0.85,0.60099080,3294.6315656000,0
S7UVZXM3,East,MG Special,55.00,small,68,open,slightly_aged,0.668097,0.85,0.56788245,31.2335347500,0
HWOBBZWQ,East,GTX Basic,550.00,small,68,open,slightly_aged,0.668097,0.85,0.56788245,312.3353475000,0
OYH46MQB,East,GTX Basic,550.00,small,67,open,slightly_aged,0.668097,0.85,0.56788245,312.3353475000,0
HXGDBNAV,West,MG Advanced,3393.00,small,67,open,slightly_aged,0.668097,0.85,0.56788245,1926.8251528500,0
31IV2B9O,West,GTX Basic,550.00,small,66,open,slightly_aged,0.668097,0.85,0.56788245,312.3353475000,0
4D0K5T7T,West,GTXPro,0.00,unknown,66,open,slightly_aged,0.631501,0.85,0.53677585,0.0000000000,0
P5C842B5,West,GTX Plus Pro,5482.00,medium,64,open,slightly_aged,0.707048,0.85,0.60099080,3294.6315656000,0
7EHJYKWE,West,GTX Basic,550.00,small,64,open,slightly_aged,0.668097,0.85,0.56788245,312.3353475000,0
0N11U6L3,East,GTX Plus Basic,1096.00,small,62,open,slightly_aged,0.668097,0.85,0.56788245,622.3991652000,0
W5FH95XO,West,MG Special,55.00,small,62,open,slightly_aged,0.668097,0.85,0.56788245,31.2335347500,0
O1SCOU11,West,MG Special,55.00,small,61,open,slightly_aged,0.668097,0.85,0.56788245,31.2335347500,0
OMCFUDOU,West,GTXPro,0.00,unknown,61,open,slightly_aged,0.631501,0.85,0.53677585,0.0000000000,0
HN6TZPAF,East,GTX Plus Pro,5482.00,medium,61,open,slightly_aged,0.707048,0.85,0.60099080,3294.6315656000,0
854QZNWK,East,MG Special,55.00,small,60,open,healthy,0.668097,1.00,0.66809700,36.7453350000,0
46UHJGY0,East,MG Special,55.00,small,59,open,healthy,0.668097,1.00,0.66809700,36.7453350000,0
N2249A7T,West,GTXPro,0.00,unknown,59,open,healthy,0.631501,1.00,0.63150100,0.0000000000,0
E1LFK6E3,West,GTX Basic,550.00,small,58,open,healthy,0.668097,1.00,0.66809700,367.4533500000,0
XSEG5T4H,West,GTX Plus Basic,1096.00,small,58,open,healthy,0.668097,1.00,0.66809700,732.2343120000,0
WJO52I18,East,GTXPro,0.00,unknown,57,open,healthy,0.631501,1.00,0.63150100,0.0000000000,0
SQ71BWHG,West,GTXPro,0.00,unknown,57,open,healthy,0.631501,1.00,0.63150100,0.0000000000,0
ON821ADT,West,GTXPro,0.00,unknown,57,open,healthy,0.631501,1.00,0.63150100,0.0000000000,0
T7N0RX05,West,GTX Plus Pro,5482.00,medium,57,open,healthy,0.707048,1.00,0.70704800,3876.0371360000,0
RN67OVFW,West,GTX Basic,550.00,small,57,open,healthy,0.668097,1.00,0.66809700,367.4533500000,0
IBB0VGUN,East,MG Special,55.00,small,56,open,healthy,0.668097,1.00,0.66809700,36.7453350000,0
0CR37ETK,East,MG Advanced,3393.00,small,56,open,healthy,0.668097,1.00,0.66809700,2266.8531210000,0
MA56XGWR,East,GTX Basic,550.00,small,56,open,healthy,0.668097,1.00,0.66809700,367.4533500000,0
NNNEMOZ5,West,GTX Plus Pro,5482.00,medium,56,open,healthy,0.707048,1.00,0.70704800,3876.0371360000,0
QD7MU7DD,East,GTXPro,0.00,unknown,56,open,healthy,0.631501,1.00,0.63150100,0.0000000000,0
I5VHXAWW,East,GTX Plus Pro,5482.00,medium,55,open,healthy,0.707048,1.00,0.70704800,3876.0371360000,0
J9PCNCUP,West,GTX Basic,550.00,small,55,open,healthy,0.668097,1.00,0.66809700,367.4533500000,0
1BW8S7JD,East,MG Special,55.00,small,55,open,healthy,0.668097,1.00,0.66809700,36.7453350000,0
C2FSIMZP,East,GTXPro,0.00,unknown,54,open,healthy,0.631501,1.00,0.63150100,0.0000000000,0
PMK11X5L,East,GTX Plus Basic,1096.00,small,53,open,healthy,0.668097,1.00,0.66809700,732.2343120000,0
W4XB23IP,East,GTX Basic,550.00,small,52,open,healthy,0.668097,1.00,0.66809700,367.4533500000,0
6JBM1ZKO,West,GTXPro,0.00,unknown,52,open,healthy,0.631501,1.00,0.63150100,0.0000000000,0
0KWYQTQQ,West,MG Special,55.00,small,51,open,healthy,0.668097,1.00,0.66809700,36.7453350000,0
G1W97XZA,West,GTX Plus Basic,1096.00,small,48,open,healthy,0.668097,1.00,0.66809700,732.2343120000,0
NXXKM7C7,East,GTX Plus Basic,1096.00,small,47,open,healthy,0.668097,1.00,0.66809700,732.2343120000,0
7XRWWM0X,West,MG Special,55.00,small,46,open,healthy,0.668097,1.00,0.66809700,36.7453350000,0
BREOLQD9,East,MG Advanced,3393.00,small,45,open,healthy,0.668097,1.00,0.66809700,2266.8531210000,0
62PCN0KS,West,GTX Plus Basic,1096.00,small,45,open,healthy,0.668097,1.00,0.66809700,732.2343120000,0
J962I0KG,East,GTX Plus Basic,1096.00,small,41,open,healthy,0.668097,1.00,0.66809700,732.2343120000,0
PQ84ANKD,East,MG Special,55.00,small,41,open,healthy,0.668097,1.00,0.66809700,36.7453350000,0
J1G2SZKD,West,GTX Basic,550.00,small,39,open,healthy,0.668097,1.00,0.66809700,367.4533500000,0
YMWG4Z3S,West,GTX Plus Basic,1096.00,small,38,open,healthy,0.668097,1.00,0.66809700,732.2343120000,0
PV3TH2FF,West,MG Special,55.00,small,38,open,healthy,0.668097,1.00,0.66809700,36.7453350000,0
4ZQTMS3Z,East,MG Special,55.00,small,38,open,healthy,0.668097,1.00,0.66809700,36.7453350000,0
D55HTKRU,West,GTXPro,0.00,unknown,37,open,healthy,0.631501,1.00,0.63150100,0.0000000000,0
7S8SLZDY,West,MG Special,55.00,small,34,open,healthy,0.668097,1.00,0.66809700,36.7453350000,0
L8XNQONA,West,GTX Basic,550.00,small,34,open,healthy,0.668097,1.00,0.66809700,367.4533500000,0
JVF7HZMV,West,GTX Plus Basic,1096.00,small,33,open,healthy,0.668097,1.00,0.66809700,732.2343120000,0
GQDS81G1,East,GTX Plus Pro,5482.00,medium,31,open,healthy,0.707048,1.00,0.70704800,3876.0371360000,0
LC93MVYP,West,GTX Basic,550.00,small,30,open,healthy,0.668097,1.00,0.66809700,367.4533500000,0
07GUKIG3,East,MG Special,55.00,small,26,open,healthy,0.668097,1.00,0.66809700,36.7453350000,0
RS31U03Y,West,GTX Plus Basic,1096.00,small,24,open,healthy,0.668097,1.00,0.66809700,732.2343120000,0
VL8YNHD7,West,GTX Plus Basic,1096.00,small,23,open,healthy,0.668097,1.00,0.66809700,732.2343120000,0
GMY4U7RD,West,GTX Basic,550.00,small,22,open,healthy,0.668097,1.00,0.66809700,367.4533500000,0
FZWU2I30,West,GTX Plus Pro,5482.00,medium,21,open,healthy,0.707048,1.00,0.70704800,3876.0371360000,0
PM2BF2KB,East,GTX Plus Basic,1096.00,small,18,open,healthy,0.668097,1.00,0.66809700,732.2343120000,0
IQR162ZT,West,GTX Plus Basic,1096.00,small,18,open,healthy,0.668097,1.00,0.66809700,732.2343120000,0
K9KGXL2E,West,MG Advanced,3393.00,small,18,open,healthy,0.668097,1.00,0.66809700,2266.8531210000,0
TOJ902PF,East,GTX Plus Basic,1096.00,small,16,open,healthy,0.668097,1.00,0.66809700,732.2343120000,0
J5BCAQ1Z,West,GTX Basic,550.00,small,16,open,healthy,0.668097,1.00,0.66809700,367.4533500000,0
RTWE19SU,West,GTXPro,0.00,unknown,14,open,healthy,0.631501,1.00,0.63150100,0.0000000000,0
T6MPH7JC,East,MG Special,55.00,small,14,open,healthy,0.668097,1.00,0.66809700,36.7453350000,0
NGTVHTFH,East,GTXPro,0.00,unknown,12,open,healthy,0.631501,1.00,0.63150100,0.0000000000,0
HB740BLB,West,MG Special,55.00,small,11,open,healthy,0.668097,1.00,0.66809700,36.7453350000,0
HCQK8NQ8,East,GTX Plus Basic,1096.00,small,11,open,healthy,0.668097,1.00,0.66809700,732.2343120000,0
RDHTQLNI,East,GTX Plus Pro,5482.00,medium,10,open,healthy,0.707048,1.00,0.70704800,3876.0371360000,0
DB801ISB,West,MG Special,55.00,small,9,open,healthy,0.668097,1.00,0.66809700,36.7453350000,0
6CWZFOHJ,Central,GTX Basic,550.00,small,,open,unknown,0.668097,0.50,0.33404850,183.7266750000,1
3LCLVRVV,Central,GTX Basic,550.00,small,,open,unknown,0.668097,0.50,0.33404850,183.7266750000,1
YIU1B39V,Central,GTX Basic,550.00,small,,open,unknown,0.668097,0.50,0.33404850,183.7266750000,1
8E0VRCLW,Central,GTX Basic,550.00,small,,open,unknown,0.668097,0.50,0.33404850,183.7266750000,1
G99CS23F,Central,GTX Basic,550.00,small,,open,unknown,0.668097,0.50,0.33404850,183.7266750000,1
XRJ54GNR,Central,GTX Basic,550.00,small,,open,unknown,0.668097,0.50,0.33404850,183.7266750000,1
GR9S7VHI,Central,GTX Basic,550.00,small,,open,unknown,0.668097,0.50,0.33404850,183.7266750000,1
Q9UWOC28,Central,GTX Plus Basic,1096.00,small,,open,unknown,0.668097,0.50,0.33404850,366.1171560000,1
YL29KX3L,Central,GTX Plus Basic,1096.00,small,,open,unknown,0.668097,0.50,0.33404850,366.1171560000,1
OJDZN6UK,Central,GTX Plus Basic,1096.00,small,,open,unknown,0.668097,0.50,0.33404850,366.1171560000,1
OM60BJ4S,Central,GTX Plus Basic,1096.00,small,,open,unknown,0.668097,0.50,0.33404850,366.1171560000,1
9PDR4X2R,Central,GTX Plus Pro,5482.00,medium,,open,unknown,0.707048,0.50,0.35352400,1938.0185680000,1
9P9ISECL,Central,GTX Plus Pro,5482.00,medium,,open,unknown,0.707048,0.50,0.35352400,1938.0185680000,1
0D8Y5JA0,Central,GTX Plus Pro,5482.00,medium,,open,unknown,0.707048,0.50,0.35352400,1938.0185680000,1
GNN53C6D,Central,GTX Plus Pro,5482.00,medium,,open,unknown,0.707048,0.50,0.35352400,1938.0185680000,1
6KHIXTAD,Central,GTX Plus Pro,5482.00,medium,,open,unknown,0.707048,0.50,0.35352400,1938.0185680000,1
5C59O9GU,Central,MG Special,55.00,small,,open,unknown,0.668097,0.50,0.33404850,18.3726675000,1
ZQRBJVZF,Central,MG Special,55.00,small,,open,unknown,0.668097,0.50,0.33404850,18.3726675000,1
I93XL6Q9,Central,MG Special,55.00,small,,open,unknown,0.668097,0.50,0.33404850,18.3726675000,1
UMD1BA4S,Central,MG Special,55.00,small,,open,unknown,0.668097,0.50,0.33404850,18.3726675000,1
E6DGJSDW,Central,MG Special,55.00,small,,open,unknown,0.668097,0.50,0.33404850,18.3726675000,1
JHNDPI2N,Central,MG Special,55.00,small,,open,unknown,0.668097,0.50,0.33404850,18.3726675000,1
GI94RTL5,Central,MG Special,55.00,small,,open,unknown,0.668097,0.50,0.33404850,18.3726675000,1
10ALJD82,Central,MG Special,55.00,small,,open,unknown,0.668097,0.50,0.33404850,18.3726675000,1
Z89NKUC7,Central,MG Special,55.00,small,,open,unknown,0.668097,0.50,0.33404850,18.3726675000,1
47P0HBNM,Central,MG Special,55.00,small,,open,unknown,0.668097,0.50,0.33404850,18.3726675000,1
4H8GZ075,Central,MG Special,55.00,small,,open,unknown,0.668097,0.50,0.33404850,18.3726675000,1
UDAUS3DF,Central,MG Special,55.00,small,,open,unknown,0.668097,0.50,0.33404850,18.3726675000,1
F4W7Z1UU,Central,MG Special,55.00,small,,open,unknown,0.668097,0.50,0.33404850,18.3726675000,1
DW5BQ220,Central,MG Special,55.00,small,,open,unknown,0.668097,0.50,0.33404850,18.3726675000,1
4ENCEYPG,Central,MG Special,55.00,small,,open,unknown,0.668097,0.50,0.33404850,18.3726675000,1
EU4DPJGN,Central,MG Special,55.00,small,,open,unknown,0.668097,0.50,0.33404850,18.3726675000,1
426EL41A,Central,MG Special,55.00,small,,open,unknown,0.668097,0.50,0.33404850,18.3726675000,1
OXKLRULK,Central,MG Special,55.00,small,,open,unknown,0.668097,0.50,0.33404850,18.3726675000,1
D3ZJX20X,Central,MG Special,55.00,small,,open,unknown,0.668097,0.50,0.33404850,18.3726675000,1
V9JDJ861,Central,MG Special,55.00,small,,open,unknown,0.668097,0.50,0.33404850,18.3726675000,1
DYXD1AXO,Central,MG Special,55.00,small,,open,unknown,0.668097,0.50,0.33404850,18.3726675000,1
JSTHYUCD,Central,MG Special,55.00,small,,open,unknown,0.668097,0.50,0.33404850,18.3726675000,1
JC7DDV56,Central,MG Special,55.00,small,,open,unknown,0.668097,0.50,0.33404850,18.3726675000,1
ASDR6QEZ,Central,MG Special,55.00,small,,open,unknown,0.668097,0.50,0.33404850,18.3726675000,1
5ELMZN3E,Central,MG Special,55.00,small,,open,unknown,0.668097,0.50,0.33404850,18.3726675000,1
7Q90C2VN,Central,MG Special,55.00,small,,open,unknown,0.668097,0.50,0.33404850,18.3726675000,1
ZIMT5RQ2,Central,MG Special,55.00,small,,open,unknown,0.668097,0.50,0.33404850,18.3726675000,1
WTD6O2OR,Central,MG Advanced,3393.00,small,,open,unknown,0.668097,0.50,0.33404850,1133.4265605000,1
OEG8QG42,Central,MG Advanced,3393.00,small,,open,unknown,0.668097,0.50,0.33404850,1133.4265605000,1
BG0BLC6S,Central,MG Advanced,3393.00,small,,open,unknown,0.668097,0.50,0.33404850,1133.4265605000,1
5Q2BX622,Central,MG Advanced,3393.00,small,,open,unknown,0.668097,0.50,0.33404850,1133.4265605000,1
RSY2XLKK,Central,MG Advanced,3393.00,small,,open,unknown,0.668097,0.50,0.33404850,1133.4265605000,1
FEEOZHT8,Central,MG Advanced,3393.00,small,,open,unknown,0.668097,0.50,0.33404850,1133.4265605000,1
D382N39B,Central,MG Advanced,3393.00,small,,open,unknown,0.668097,0.50,0.33404850,1133.4265605000,1
YYUJ1DCF,Central,MG Advanced,3393.00,small,,open,unknown,0.668097,0.50,0.33404850,1133.4265605000,1
OH0HJ6KK,Central,MG Advanced,3393.00,small,,open,unknown,0.668097,0.50,0.33404850,1133.4265605000,1
5TGQL49J,Central,MG Advanced,3393.00,small,,open,unknown,0.668097,0.50,0.33404850,1133.4265605000,1
Y7WAFW9D,Central,MG Advanced,3393.00,small,,open,unknown,0.668097,0.50,0.33404850,1133.4265605000,1
I8NC3RFB,Central,MG Advanced,3393.00,small,,open,unknown,0.668097,0.50,0.33404850,1133.4265605000,1
38K5251H,Central,GTX Basic,550.00,small,,open,unknown,0.668097,0.50,0.33404850,183.7266750000,1
QR63ME8L,Central,GTX Basic,550.00,small,,open,unknown,0.668097,0.50,0.33404850,183.7266750000,1
I79B9KJ2,Central,GTX Plus Basic,1096.00,small,,open,unknown,0.668097,0.50,0.33404850,366.1171560000,1
LABZ0UGB,Central,GTX Plus Basic,1096.00,small,,open,unknown,0.668097,0.50,0.33404850,366.1171560000,1
3R4W7ZVY,Central,GTX Plus Basic,1096.00,small,,open,unknown,0.668097,0.50,0.33404850,366.1171560000,1
2SZX9B7J,Central,GTX Plus Pro,5482.00,medium,,open,unknown,0.707048,0.50,0.35352400,1938.0185680000,1
0ZG6U7MQ,Central,GTX Plus Pro,5482.00,medium,,open,unknown,0.707048,0.50,0.35352400,1938.0185680000,1
KQPNPH8A,Central,GTX Plus Pro,5482.00,medium,,open,unknown,0.707048,0.50,0.35352400,1938.0185680000,1
SGI0VM1F,Central,GTX Plus Pro,5482.00,medium,,open,unknown,0.707048,0.50,0.35352400,1938.0185680000,1
DS5HZHDA,Central,MG Special,55.00,small,,open,unknown,0.668097,0.50,0.33404850,18.3726675000,1
TLZGG7G5,Central,MG Special,55.00,small,,open,unknown,0.668097,0.50,0.33404850,18.3726675000,1
8NI8O26G,Central,MG Special,55.00,small,,open,unknown,0.668097,0.50,0.33404850,18.3726675000,1
9BM1CGBV,Central,MG Special,55.00,small,,open,unknown,0.668097,0.50,0.33404850,18.3726675000,1
GSBUIL1E,Central,MG Special,55.00,small,,open,unknown,0.668097,0.50,0.33404850,18.3726675000,1
9F9NDO41,Central,MG Special,55.00,small,,open,unknown,0.668097,0.50,0.33404850,18.3726675000,1
IAV71BEX,Central,MG Advanced,3393.00,small,,open,unknown,0.668097,0.50,0.33404850,1133.4265605000,1
SJE81OUR,Central,MG Advanced,3393.00,small,,open,unknown,0.668097,0.50,0.33404850,1133.4265605000,1
R0MBBXL8,Central,MG Advanced,3393.00,small,,open,unknown,0.668097,0.50,0.33404850,1133.4265605000,1
NR2EDMKC,Central,MG Advanced,3393.00,small,,open,unknown,0.668097,0.50,0.33404850,1133.4265605000,1
SU8FTFLS,Central,MG Advanced,3393.00,small,,open,unknown,0.668097,0.50,0.33404850,1133.4265605000,1
61GDYW9T,Central,MG Advanced,3393.00,small,,open,unknown,0.668097,0.50,0.33404850,1133.4265605000,1
TFCQZ28G,Central,MG Advanced,3393.00,small,,open,unknown,0.668097,0.50,0.33404850,1133.4265605000,1
IXW68X6Z,Central,MG Advanced,3393.00,small,,open,unknown,0.668097,0.50,0.33404850,1133.4265605000,1
F77XD7IZ,Central,MG Advanced,3393.00,small,,open,unknown,0.668097,0.50,0.33404850,1133.4265605000,1
LEJWV2Y5,Central,GTX Basic,550.00,small,,open,unknown,0.668097,0.50,0.33404850,183.7266750000,1
CAONNFXN,Central,GTX Basic,550.00,small,,open,unknown,0.668097,0.50,0.33404850,183.7266750000,1
R8V3ALA8,Central,GTX Basic,550.00,small,,open,unknown,0.668097,0.50,0.33404850,183.7266750000,1
CPEYUW7V,Central,GTX Basic,550.00,small,,open,unknown,0.668097,0.50,0.33404850,183.7266750000,1
5ZATE1WV,Central,GTX Basic,550.00,small,,open,unknown,0.668097,0.50,0.33404850,183.7266750000,1
R1HFBU5H,Central,GTX Basic,550.00,small,,open,unknown,0.668097,0.50,0.33404850,183.7266750000,1
03P9VXWG,Central,GTX Basic,550.00,small,,open,unknown,0.668097,0.50,0.33404850,183.7266750000,1
RMJG8OS2,Central,GTX Basic,550.00,small,,open,unknown,0.668097,0.50,0.33404850,183.7266750000,1
9L0WKMJ2,Central,GTX Basic,550.00,small,,open,unknown,0.668097,0.50,0.33404850,183.7266750000,1
VAM56BG4,Central,GTX Plus Basic,1096.00,small,,open,unknown,0.668097,0.50,0.33404850,366.1171560000,1
ZTCQWF53,Central,GTX Plus Basic,1096.00,small,,open,unknown,0.668097,0.50,0.33404850,366.1171560000,1
LKDSEQ2Q,Central,GTX Plus Basic,1096.00,small,,open,unknown,0.668097,0.50,0.33404850,366.1171560000,1
I2LEEFAM,Central,GTX Plus Basic,1096.00,small,,open,unknown,0.668097,0.50,0.33404850,366.1171560000,1
1LWG4COF,Central,GTX Plus Basic,1096.00,small,,open,unknown,0.668097,0.50,0.33404850,366.1171560000,1
FEL7FQQG,Central,GTX Plus Basic,1096.00,small,,open,unknown,0.668097,0.50,0.33404850,366.1171560000,1
0TQP0E65,Central,GTX Plus Basic,1096.00,small,,open,unknown,0.668097,0.50,0.33404850,366.1171560000,1
P95E1DOX,Central,GTX Plus Basic,1096.00,small,,open,unknown,0.668097,0.50,0.33404850,366.1171560000,1
JCRT0QHO,Central,GTX Plus Basic,1096.00,small,,open,unknown,0.668097,0.50,0.33404850,366.1171560000,1
MTGV7WOM,Central,GTX Plus Basic,1096.00,small,,open,unknown,0.668097,0.50,0.33404850,366.1171560000,1
IEMOIN3K,Central,GTX Plus Basic,1096.00,small,,open,unknown,0.668097,0.50,0.33404850,366.1171560000,1
XTXMQMRC,Central,GTX Plus Basic,1096.00,small,,open,unknown,0.668097,0.50,0.33404850,366.1171560000,1
OQX98BBL,Central,GTX Plus Basic,1096.00,small,,open,unknown,0.668097,0.50,0.33404850,366.1171560000,1
RH0FJYPZ,Central,GTX Plus Basic,1096.00,small,,open,unknown,0.668097,0.50,0.33404850,366.1171560000,1
HD6YD6P9,Central,GTX Plus Basic,1096.00,small,,open,unknown,0.668097,0.50,0.33404850,366.1171560000,1
64OXRCSR,Central,GTX Plus Basic,1096.00,small,,open,unknown,0.668097,0.50,0.33404850,366.1171560000,1
EG3X1ACF,Central,GTX Plus Basic,1096.00,small,,open,unknown,0.668097,0.50,0.33404850,366.1171560000,1
TJ64MOUR,Central,GTX Plus Basic,1096.00,small,,open,unknown,0.668097,0.50,0.33404850,366.1171560000,1
FY0SHNZY,Central,GTX Plus Basic,1096.00,small,,open,unknown,0.668097,0.50,0.33404850,366.1171560000,1
V2V69I86,Central,GTX Plus Basic,1096.00,small,,open,unknown,0.668097,0.50,0.33404850,366.1171560000,1
OAECXU4A,Central,GTX Plus Basic,1096.00,small,,open,unknown,0.668097,0.50,0.33404850,366.1171560000,1
XETF5BVH,Central,GTX Plus Pro,5482.00,medium,,open,unknown,0.707048,0.50,0.35352400,1938.0185680000,1
FU2PQZR4,Central,GTX Plus Pro,5482.00,medium,,open,unknown,0.707048,0.50,0.35352400,1938.0185680000,1
CVMNBKGH,Central,GTX Plus Pro,5482.00,medium,,open,unknown,0.707048,0.50,0.35352400,1938.0185680000,1
LZW4N9KF,Central,GTX Plus Pro,5482.00,medium,,open,unknown,0.707048,0.50,0.35352400,1938.0185680000,1
A4TA5P1B,Central,GTX Plus Pro,5482.00,medium,,open,unknown,0.707048,0.50,0.35352400,1938.0185680000,1
KIKV29M0,Central,GTX Plus Pro,5482.00,medium,,open,unknown,0.707048,0.50,0.35352400,1938.0185680000,1
PCXGIH9X,Central,GTX Plus Pro,5482.00,medium,,open,unknown,0.707048,0.50,0.35352400,1938.0185680000,1
ODSFN0YA,Central,GTX Plus Pro,5482.00,medium,,open,unknown,0.707048,0.50,0.35352400,1938.0185680000,1
6RQUXORL,Central,GTX Plus Pro,5482.00,medium,,open,unknown,0.707048,0.50,0.35352400,1938.0185680000,1
74LCNGIK,Central,GTX Plus Pro,5482.00,medium,,open,unknown,0.707048,0.50,0.35352400,1938.0185680000,1
28EJ0L9T,Central,GTX Plus Pro,5482.00,medium,,open,unknown,0.707048,0.50,0.35352400,1938.0185680000,1
UH9TR8Y1,Central,GTX Plus Pro,5482.00,medium,,open,unknown,0.707048,0.50,0.35352400,1938.0185680000,1
JVXGG70X,Central,GTX Plus Pro,5482.00,medium,,open,unknown,0.707048,0.50,0.35352400,1938.0185680000,1
SYP74C5W,Central,GTXPro,0.00,unknown,,open,unknown,0.631501,0.50,0.31575050,0.0000000000,1
R0Q5BZ9Y,Central,GTXPro,0.00,unknown,,open,unknown,0.631501,0.50,0.31575050,0.0000000000,1
OT0GOR3I,Central,GTXPro,0.00,unknown,,open,unknown,0.631501,0.50,0.31575050,0.0000000000,1
6RN7I8ZF,Central,GTXPro,0.00,unknown,,open,unknown,0.631501,0.50,0.31575050,0.0000000000,1
YBWUG6QP,Central,GTXPro,0.00,unknown,,open,unknown,0.631501,0.50,0.31575050,0.0000000000,1
8XE8GGIW,Central,GTXPro,0.00,unknown,,open,unknown,0.631501,0.50,0.31575050,0.0000000000,1
IHKIAB1W,Central,GTXPro,0.00,unknown,,open,unknown,0.631501,0.50,0.31575050,0.0000000000,1
YKBJP191,Central,GTXPro,0.00,unknown,,open,unknown,0.631501,0.50,0.31575050,0.0000000000,1
P7UPCSTC,Central,GTXPro,0.00,unknown,,open,unknown,0.631501,0.50,0.31575050,0.0000000000,1
GEQ8IGKW,Central,GTXPro,0.00,unknown,,open,unknown,0.631501,0.50,0.31575050,0.0000000000,1
EYR5E7LO,Central,GTXPro,0.00,unknown,,open,unknown,0.631501,0.50,0.31575050,0.0000000000,1
LO8L5ELD,Central,GTXPro,0.00,unknown,,open,unknown,0.631501,0.50,0.31575050,0.0000000000,1
S1U1RD6K,Central,GTXPro,0.00,unknown,,open,unknown,0.631501,0.50,0.31575050,0.0000000000,1
R6HYAPR6,Central,GTXPro,0.00,unknown,,open,unknown,0.631501,0.50,0.31575050,0.0000000000,1
A8NXNY0M,Central,GTXPro,0.00,unknown,,open,unknown,0.631501,0.50,0.31575050,0.0000000000,1
4ROECHG6,Central,GTXPro,0.00,unknown,,open,unknown,0.631501,0.50,0.31575050,0.0000000000,1
FVVATY89,Central,GTXPro,0.00,unknown,,open,unknown,0.631501,0.50,0.31575050,0.0000000000,1
BV75OM0B,Central,GTXPro,0.00,unknown,,open,unknown,0.631501,0.50,0.31575050,0.0000000000,1
ZGTCQT1A,Central,GTXPro,0.00,unknown,,open,unknown,0.631501,0.50,0.31575050,0.0000000000,1
GR8JTX1T,Central,GTXPro,0.00,unknown,,open,unknown,0.631501,0.50,0.31575050,0.0000000000,1
2IRZM0LB,Central,GTXPro,0.00,unknown,,open,unknown,0.631501,0.50,0.31575050,0.0000000000,1
99YRLZM0,Central,GTXPro,0.00,unknown,,open,unknown,0.631501,0.50,0.31575050,0.0000000000,1
VJILDVVF,Central,GTXPro,0.00,unknown,,open,unknown,0.631501,0.50,0.31575050,0.0000000000,1
A9DGDN56,Central,GTXPro,0.00,unknown,,open,unknown,0.631501,0.50,0.31575050,0.0000000000,1
D01U08PR,Central,GTXPro,0.00,unknown,,open,unknown,0.631501,0.50,0.31575050,0.0000000000,1
LFD1ZGJ8,Central,GTXPro,0.00,unknown,,open,unknown,0.631501,0.50,0.31575050,0.0000000000,1
4YJKB8EC,Central,GTXPro,0.00,unknown,,open,unknown,0.631501,0.50,0.31575050,0.0000000000,1
DIGG7U6M,Central,GTXPro,0.00,unknown,,open,unknown,0.631501,0.50,0.31575050,0.0000000000,1
VMXGBINH,Central,GTXPro,0.00,unknown,,open,unknown,0.631501,0.50,0.31575050,0.0000000000,1
N6BT2U29,Central,GTXPro,0.00,unknown,,open,unknown,0.631501,0.50,0.31575050,0.0000000000,1
T12MT0HL,Central,GTXPro,0.00,unknown,,open,unknown,0.631501,0.50,0.31575050,0.0000000000,1
HZVVOITE,Central,GTXPro,0.00,unknown,,open,unknown,0.631501,0.50,0.31575050,0.0000000000,1
P6Z4X54S,Central,GTXPro,0.00,unknown,,open,unknown,0.631501,0.50,0.31575050,0.0000000000,1
910NLQ80,Central,GTXPro,0.00,unknown,,open,unknown,0.631501,0.50,0.31575050,0.0000000000,1
8IPMP8NT,Central,GTXPro,0.00,unknown,,open,unknown,0.631501,0.50,0.31575050,0.0000000000,1
7YOJ4KU7,Central,GTXPro,0.00,unknown,,open,unknown,0.631501,0.50,0.31575050,0.0000000000,1
3K70RL7Q,Central,GTXPro,0.00,unknown,,open,unknown,0.631501,0.50,0.31575050,0.0000000000,1
DX1M0XF0,Central,GTXPro,0.00,unknown,,open,unknown,0.631501,0.50,0.31575050,0.0000000000,1
5MNF16D8,Central,GTXPro,0.00,unknown,,open,unknown,0.631501,0.50,0.31575050,0.0000000000,1
PES548QV,Central,GTXPro,0.00,unknown,,open,unknown,0.631501,0.50,0.31575050,0.0000000000,1
XGMTNND1,Central,GTXPro,0.00,unknown,,open,unknown,0.631501,0.50,0.31575050,0.0000000000,1
6R94B0SG,Central,GTXPro,0.00,unknown,,open,unknown,0.631501,0.50,0.31575050,0.0000000000,1
8JL58ECD,Central,GTXPro,0.00,unknown,,open,unknown,0.631501,0.50,0.31575050,0.0000000000,1
KO7JWXCT,Central,GTXPro,0.00,unknown,,open,unknown,0.631501,0.50,0.31575050,0.0000000000,1
FGSBCJSC,Central,GTXPro,0.00,unknown,,open,unknown,0.631501,0.50,0.31575050,0.0000000000,1
65SMA4OZ,Central,GTXPro,0.00,unknown,,open,unknown,0.631501,0.50,0.31575050,0.0000000000,1
537X47QY,Central,GTXPro,0.00,unknown,,open,unknown,0.631501,0.50,0.31575050,0.0000000000,1
D95K3R9N,Central,GTXPro,0.00,unknown,,open,unknown,0.631501,0.50,0.31575050,0.0000000000,1
51HOGHF0,Central,GTXPro,0.00,unknown,,open,unknown,0.631501,0.50,0.31575050,0.0000000000,1
PRUFERA6,Central,GTXPro,0.00,unknown,,open,unknown,0.631501,0.50,0.31575050,0.0000000000,1
NST2FEF3,Central,GTXPro,0.00,unknown,,open,unknown,0.631501,0.50,0.31575050,0.0000000000,1
BBV196A3,Central,GTXPro,0.00,unknown,,open,unknown,0.631501,0.50,0.31575050,0.0000000000,1
E4YR0OE6,Central,GTXPro,0.00,unknown,,open,unknown,0.631501,0.50,0.31575050,0.0000000000,1
TR7WLH5Q,Central,MG Special,55.00,small,,open,unknown,0.668097,0.50,0.33404850,18.3726675000,1
M64OQCC3,Central,MG Special,55.00,small,,open,unknown,0.668097,0.50,0.33404850,18.3726675000,1
WR9CQB8E,Central,MG Special,55.00,small,,open,unknown,0.668097,0.50,0.33404850,18.3726675000,1
TWWD62O3,Central,MG Special,55.00,small,,open,unknown,0.668097,0.50,0.33404850,18.3726675000,1
7CZU8GS1,Central,MG Special,55.00,small,,open,unknown,0.668097,0.50,0.33404850,18.3726675000,1
APXWBOOT,Central,MG Special,55.00,small,,open,unknown,0.668097,0.50,0.33404850,18.3726675000,1
7N6AHU7C,Central,MG Special,55.00,small,,open,unknown,0.668097,0.50,0.33404850,18.3726675000,1
EJUQOEY5,Central,MG Advanced,3393.00,small,,open,unknown,0.668097,0.50,0.33404850,1133.4265605000,1
9HA8VBAP,Central,MG Advanced,3393.00,small,,open,unknown,0.668097,0.50,0.33404850,1133.4265605000,1
X4THRRSJ,Central,MG Advanced,3393.00,small,,open,unknown,0.668097,0.50,0.33404850,1133.4265605000,1
3PN3YSPK,Central,MG Advanced,3393.00,small,,open,unknown,0.668097,0.50,0.33404850,1133.4265605000,1
F6AOT0NK,Central,MG Advanced,3393.00,small,,open,unknown,0.668097,0.50,0.33404850,1133.4265605000,1
YI92HVHO,Central,MG Advanced,3393.00,small,,open,unknown,0.668097,0.50,0.33404850,1133.4265605000,1
39NJ6UC9,Central,MG Advanced,3393.00,small,,open,unknown,0.668097,0.50,0.33404850,1133.4265605000,1
1XR36ESV,Central,MG Advanced,3393.00,small,,open,unknown,0.668097,0.50,0.33404850,1133.4265605000,1
RJ21Q4HO,Central,GTX Basic,550.00,small,,open,unknown,0.668097,0.50,0.33404850,183.7266750000,1
NSYCCHCJ,Central,GTX Basic,550.00,small,,open,unknown,0.668097,0.50,0.33404850,183.7266750000,1
ATOYVLLB,Central,GTX Basic,550.00,small,,open,unknown,0.668097,0.50,0.33404850,183.7266750000,1
0M4K6F8Q,Central,GTX Basic,550.00,small,,open,unknown,0.668097,0.50,0.33404850,183.7266750000,1
TLJWMKEO,Central,GTX Plus Basic,1096.00,small,,open,unknown,0.668097,0.50,0.33404850,366.1171560000,1
NXJNQ3Z9,Central,GTX Plus Basic,1096.00,small,,open,unknown,0.668097,0.50,0.33404850,366.1171560000,1
HWKJ7TFJ,Central,GTX Plus Basic,1096.00,small,,open,unknown,0.668097,0.50,0.33404850,366.1171560000,1
Q62STRQQ,Central,GTX Plus Basic,1096.00,small,,open,unknown,0.668097,0.50,0.33404850,366.1171560000,1
9P9J2ANM,Central,GTX Plus Basic,1096.00,small,,open,unknown,0.668097,0.50,0.33404850,366.1171560000,1
OJWGRIXN,Central,GTX Plus Basic,1096.00,small,,open,unknown,0.668097,0.50,0.33404850,366.1171560000,1
EB393LSH,Central,GTX Plus Basic,1096.00,small,,open,unknown,0.668097,0.50,0.33404850,366.1171560000,1
566X0PLZ,Central,GTX Plus Basic,1096.00,small,,open,unknown,0.668097,0.50,0.33404850,366.1171560000,1
SFR7RG9V,Central,GTX Plus Basic,1096.00,small,,open,unknown,0.668097,0.50,0.33404850,366.1171560000,1
9RGWSKNU,Central,GTX Plus Pro,5482.00,medium,,open,unknown,0.707048,0.50,0.35352400,1938.0185680000,1
49T7VKA7,Central,GTX Plus Pro,5482.00,medium,,open,unknown,0.707048,0.50,0.35352400,1938.0185680000,1
BTDY3DHP,Central,GTX Plus Pro,5482.00,medium,,open,unknown,0.707048,0.50,0.35352400,1938.0185680000,1
UZ7DU3D9,Central,GTX Plus Pro,5482.00,medium,,open,unknown,0.707048,0.50,0.35352400,1938.0185680000,1
73CWPT9H,Central,GTX Plus Pro,5482.00,medium,,open,unknown,0.707048,0.50,0.35352400,1938.0185680000,1
B7KZYEII,Central,GTX Plus Pro,5482.00,medium,,open,unknown,0.707048,0.50,0.35352400,1938.0185680000,1
67CBAWHG,Central,GTX Plus Pro,5482.00,medium,,open,unknown,0.707048,0.50,0.35352400,1938.0185680000,1
2WTPSQTN,Central,GTX Plus Pro,5482.00,medium,,open,unknown,0.707048,0.50,0.35352400,1938.0185680000,1
V5PKXYWS,Central,GTX Plus Pro,5482.00,medium,,open,unknown,0.707048,0.50,0.35352400,1938.0185680000,1
EJCPWP6V,Central,GTXPro,0.00,unknown,,open,unknown,0.631501,0.50,0.31575050,0.0000000000,1
BJE7KCZ1,Central,GTXPro,0.00,unknown,,open,unknown,0.631501,0.50,0.31575050,0.0000000000,1
TK9J8AOZ,Central,GTXPro,0.00,unknown,,open,unknown,0.631501,0.50,0.31575050,0.0000000000,1
XARW0KTX,Central,GTXPro,0.00,unknown,,open,unknown,0.631501,0.50,0.31575050,0.0000000000,1
0C34Z5UZ,Central,GTXPro,0.00,unknown,,open,unknown,0.631501,0.50,0.31575050,0.0000000000,1
OA3RDG12,Central,GTXPro,0.00,unknown,,open,unknown,0.631501,0.50,0.31575050,0.0000000000,1
847RHYQE,Central,GTXPro,0.00,unknown,,open,unknown,0.631501,0.50,0.31575050,0.0000000000,1
P0B49XCI,Central,MG Special,55.00,small,,open,unknown,0.668097,0.50,0.33404850,18.3726675000,1
DOP1NORG,Central,MG Special,55.00,small,,open,unknown,0.668097,0.50,0.33404850,18.3726675000,1
BUOI3TBI,Central,MG Special,55.00,small,,open,unknown,0.668097,0.50,0.33404850,18.3726675000,1
F22C6LKO,Central,MG Special,55.00,small,,open,unknown,0.668097,0.50,0.33404850,18.3726675000,1
D8ZJ6F45,Central,MG Special,55.00,small,,open,unknown,0.668097,0.50,0.33404850,18.3726675000,1
HP50ZWIZ,Central,MG Special,55.00,small,,open,unknown,0.668097,0.50,0.33404850,18.3726675000,1
X3KQZM1K,Central,MG Special,55.00,small,,open,unknown,0.668097,0.50,0.33404850,18.3726675000,1
WA3U0EVI,Central,MG Special,55.00,small,,open,unknown,0.668097,0.50,0.33404850,18.3726675000,1
Q9CASEJL,Central,MG Special,55.00,small,,open,unknown,0.668097,0.50,0.33404850,18.3726675000,1
OIBR7UA7,Central,MG Special,55.00,small,,open,unknown,0.668097,0.50,0.33404850,18.3726675000,1
J5IXJWVU,Central,MG Advanced,3393.00,small,,open,unknown,0.668097,0.50,0.33404850,1133.4265605000,1
KFSKQ291,Central,MG Advanced,3393.00,small,,open,unknown,0.668097,0.50,0.33404850,1133.4265605000,1
ZT1234V3,Central,MG Advanced,3393.00,small,,open,unknown,0.668097,0.50,0.33404850,1133.4265605000,1
JQBN7PXK,Central,MG Advanced,3393.00,small,,open,unknown,0.668097,0.50,0.33404850,1133.4265605000,1
J5IF7CT6,Central,MG Advanced,3393.00,small,,open,unknown,0.668097,0.50,0.33404850,1133.4265605000,1
AAQ5H36J,Central,MG Advanced,3393.00,small,,open,unknown,0.668097,0.50,0.33404850,1133.4265605000,1
37PEZCGO,Central,MG Advanced,3393.00,small,,open,unknown,0.668097,0.50,0.33404850,1133.4265605000,1
X9NUTLTR,Central,MG Advanced,3393.00,small,,open,unknown,0.668097,0.50,0.33404850,1133.4265605000,1
L5PS6S68,Central,MG Advanced,3393.00,small,,open,unknown,0.668097,0.50,0.33404850,1133.4265605000,1
JLZCOLIE,Central,MG Advanced,3393.00,small,,open,unknown,0.668097,0.50,0.33404850,1133.4265605000,1
TN4KM3D1,Central,GTX Basic,550.00,small,,open,unknown,0.668097,0.50,0.33404850,183.7266750000,1
OIIFWY81,Central,GTX Basic,550.00,small,,open,unknown,0.668097,0.50,0.33404850,183.7266750000,1
WE2CEE8A,Central,GTX Basic,550.00,small,,open,unknown,0.668097,0.50,0.33404850,183.7266750000,1
NT38RBZY,Central,GTX Basic,550.00,small,,open,unknown,0.668097,0.50,0.33404850,183.7266750000,1
0XVL2UMH,Central,GTX Basic,550.00,small,,open,unknown,0.668097,0.50,0.33404850,183.7266750000,1
UFZFCBOS,Central,GTX Basic,550.00,small,,open,unknown,0.668097,0.50,0.33404850,183.7266750000,1
2BD1SDBX,Central,GTX Basic,550.00,small,,open,unknown,0.668097,0.50,0.33404850,183.7266750000,1
AE3YDLK3,Central,GTX Basic,550.00,small,,open,unknown,0.668097,0.50,0.33404850,183.7266750000,1
C54CWZIT,Central,GTX Basic,550.00,small,,open,unknown,0.668097,0.50,0.33404850,183.7266750000,1
D00AN5HY,Central,GTX Basic,550.00,small,,open,unknown,0.668097,0.50,0.33404850,183.7266750000,1
E6798P2J,Central,GTX Basic,550.00,small,,open,unknown,0.668097,0.50,0.33404850,183.7266750000,1
MR08TTTT,Central,GTX Basic,550.00,small,,open,unknown,0.668097,0.50,0.33404850,183.7266750000,1
7UVKZD60,Central,GTX Basic,550.00,small,,open,unknown,0.668097,0.50,0.33404850,183.7266750000,1
0RLU8I9Q,Central,GTX Basic,550.00,small,,open,unknown,0.668097,0.50,0.33404850,183.7266750000,1
ZT163LH3,Central,GTX Basic,550.00,small,,open,unknown,0.668097,0.50,0.33404850,183.7266750000,1
8Y3OMER4,Central,GTX Basic,550.00,small,,open,unknown,0.668097,0.50,0.33404850,183.7266750000,1
OQ1P1OLH,Central,GTX Basic,550.00,small,,open,unknown,0.668097,0.50,0.33404850,183.7266750000,1
UY93W9NZ,Central,GTX Basic,550.00,small,,open,unknown,0.668097,0.50,0.33404850,183.7266750000,1
NVH71LD4,Central,GTX Basic,550.00,small,,open,unknown,0.668097,0.50,0.33404850,183.7266750000,1
XVQ3OA99,Central,GTX Basic,550.00,small,,open,unknown,0.668097,0.50,0.33404850,183.7266750000,1
DJDJ5A58,Central,GTX Basic,550.00,small,,open,unknown,0.668097,0.50,0.33404850,183.7266750000,1
22TUMCKT,Central,GTX Basic,550.00,small,,open,unknown,0.668097,0.50,0.33404850,183.7266750000,1
ARBTXSEH,Central,GTX Plus Basic,1096.00,small,,open,unknown,0.668097,0.50,0.33404850,366.1171560000,1
P4D8H19O,Central,GTX Plus Basic,1096.00,small,,open,unknown,0.668097,0.50,0.33404850,366.1171560000,1
UD1GNRL4,Central,GTX Plus Basic,1096.00,small,,open,unknown,0.668097,0.50,0.33404850,366.1171560000,1
B2YZJ212,Central,GTX Plus Basic,1096.00,small,,open,unknown,0.668097,0.50,0.33404850,366.1171560000,1
94DGJSLN,Central,GTX Plus Basic,1096.00,small,,open,unknown,0.668097,0.50,0.33404850,366.1171560000,1
IRTO8ZJW,Central,GTX Plus Basic,1096.00,small,,open,unknown,0.668097,0.50,0.33404850,366.1171560000,1
OAMIMSUU,Central,GTX Plus Pro,5482.00,medium,,open,unknown,0.707048,0.50,0.35352400,1938.0185680000,1
B26TNOGQ,Central,GTX Plus Pro,5482.00,medium,,open,unknown,0.707048,0.50,0.35352400,1938.0185680000,1
QN1UL4N3,Central,GTX Plus Pro,5482.00,medium,,open,unknown,0.707048,0.50,0.35352400,1938.0185680000,1
FW2CVY2X,Central,GTX Plus Pro,5482.00,medium,,open,unknown,0.707048,0.50,0.35352400,1938.0185680000,1
9R8AKL0D,Central,GTXPro,0.00,unknown,,open,unknown,0.631501,0.50,0.31575050,0.0000000000,1
R14YE68N,Central,GTXPro,0.00,unknown,,open,unknown,0.631501,0.50,0.31575050,0.0000000000,1
8RQCHZ5O,Central,GTXPro,0.00,unknown,,open,unknown,0.631501,0.50,0.31575050,0.0000000000,1
90KRHC6T,Central,GTXPro,0.00,unknown,,open,unknown,0.631501,0.50,0.31575050,0.0000000000,1
8NLGRTU5,Central,GTXPro,0.00,unknown,,open,unknown,0.631501,0.50,0.31575050,0.0000000000,1
QMRDG7WP,Central,GTXPro,0.00,unknown,,open,unknown,0.631501,0.50,0.31575050,0.0000000000,1
F0K8UDEG,Central,GTXPro,0.00,unknown,,open,unknown,0.631501,0.50,0.31575050,0.0000000000,1
NUEPXB8Z,Central,GTXPro,0.00,unknown,,open,unknown,0.631501,0.50,0.31575050,0.0000000000,1
FBDS7GIZ,Central,GTXPro,0.00,unknown,,open,unknown,0.631501,0.50,0.31575050,0.0000000000,1
URRD7VUB,Central,MG Special,55.00,small,,open,unknown,0.668097,0.50,0.33404850,18.3726675000,1
11T4HX93,Central,MG Special,55.00,small,,open,unknown,0.668097,0.50,0.33404850,18.3726675000,1
0QMDTHBS,Central,MG Special,55.00,small,,open,unknown,0.668097,0.50,0.33404850,18.3726675000,1
GM5X0CSG,Central,MG Special,55.00,small,,open,unknown,0.668097,0.50,0.33404850,18.3726675000,1
E0HMRMZ9,Central,MG Special,55.00,small,,open,unknown,0.668097,0.50,0.33404850,18.3726675000,1
DYA87PL1,Central,MG Special,55.00,small,,open,unknown,0.668097,0.50,0.33404850,18.3726675000,1
CGRMC7OE,Central,MG Advanced,3393.00,small,,open,unknown,0.668097,0.50,0.33404850,1133.4265605000,1
0KSK9O00,Central,GTX Basic,550.00,small,,open,unknown,0.668097,0.50,0.33404850,183.7266750000,1
76WK0KFZ,Central,GTX Basic,550.00,small,,open,unknown,0.668097,0.50,0.33404850,183.7266750000,1
IMN2GUYV,Central,GTX Basic,550.00,small,,open,unknown,0.668097,0.50,0.33404850,183.7266750000,1
9HFEMESD,Central,GTX Basic,550.00,small,,open,unknown,0.668097,0.50,0.33404850,183.7266750000,1
00400B1S,Central,GTX Basic,550.00,small,,open,unknown,0.668097,0.50,0.33404850,183.7266750000,1
PELBIQ95,Central,GTX Basic,550.00,small,,open,unknown,0.668097,0.50,0.33404850,183.7266750000,1
HLE798LQ,Central,GTX Basic,550.00,small,,open,unknown,0.668097,0.50,0.33404850,183.7266750000,1
NB67WD27,Central,GTX Basic,550.00,small,,open,unknown,0.668097,0.50,0.33404850,183.7266750000,1
2RQOUJ9V,Central,GTX Basic,550.00,small,,open,unknown,0.668097,0.50,0.33404850,183.7266750000,1
6KW4PU0S,Central,GTX Basic,550.00,small,,open,unknown,0.668097,0.50,0.33404850,183.7266750000,1
Y533QVR5,Central,GTX Basic,550.00,small,,open,unknown,0.668097,0.50,0.33404850,183.7266750000,1
PAUK1IU0,Central,GTX Basic,550.00,small,,open,unknown,0.668097,0.50,0.33404850,183.7266750000,1
97WEHB4X,Central,GTX Basic,550.00,small,,open,unknown,0.668097,0.50,0.33404850,183.7266750000,1
Z4JQEOMT,Central,GTX Basic,550.00,small,,open,unknown,0.668097,0.50,0.33404850,183.7266750000,1
W2K1S9N3,Central,GTX Plus Basic,1096.00,small,,open,unknown,0.668097,0.50,0.33404850,366.1171560000,1
U0U1RIMI,Central,GTX Plus Basic,1096.00,small,,open,unknown,0.668097,0.50,0.33404850,366.1171560000,1
ZTFYF8PV,Central,GTX Plus Basic,1096.00,small,,open,unknown,0.668097,0.50,0.33404850,366.1171560000,1
Q620I4AZ,Central,GTX Plus Basic,1096.00,small,,open,unknown,0.668097,0.50,0.33404850,366.1171560000,1
L7PPTHLF,Central,GTX Plus Basic,1096.00,small,,open,unknown,0.668097,0.50,0.33404850,366.1171560000,1
8U9CA21G,Central,GTX Plus Basic,1096.00,small,,open,unknown,0.668097,0.50,0.33404850,366.1171560000,1
F14T88OP,Central,GTX Plus Pro,5482.00,medium,,open,unknown,0.707048,0.50,0.35352400,1938.0185680000,1
JZ4QLP1W,Central,MG Special,55.00,small,,open,unknown,0.668097,0.50,0.33404850,18.3726675000,1
HSGGBG9J,Central,MG Special,55.00,small,,open,unknown,0.668097,0.50,0.33404850,18.3726675000,1
O7MBZPN4,Central,MG Special,55.00,small,,open,unknown,0.668097,0.50,0.33404850,18.3726675000,1
XS7B6QT7,Central,MG Special,55.00,small,,open,unknown,0.668097,0.50,0.33404850,18.3726675000,1
N6JMQG0E,Central,MG Special,55.00,small,,open,unknown,0.668097,0.50,0.33404850,18.3726675000,1
TBNPWPNE,Central,MG Special,55.00,small,,open,unknown,0.668097,0.50,0.33404850,18.3726675000,1
M4WW6I1S,Central,MG Special,55.00,small,,open,unknown,0.668097,0.50,0.33404850,18.3726675000,1
GLQLEZJM,Central,MG Special,55.00,small,,open,unknown,0.668097,0.50,0.33404850,18.3726675000,1
ZKJIVMSG,Central,MG Advanced,3393.00,small,,open,unknown,0.668097,0.50,0.33404850,1133.4265605000,1
3TMNC3GW,Central,MG Advanced,3393.00,small,,open,unknown,0.668097,0.50,0.33404850,1133.4265605000,1
P25KLAD2,Central,MG Advanced,3393.00,small,,open,unknown,0.668097,0.50,0.33404850,1133.4265605000,1
NDJBDONI,Central,MG Advanced,3393.00,small,,open,unknown,0.668097,0.50,0.33404850,1133.4265605000,1
94ZZLWOH,Central,MG Advanced,3393.00,small,,open,unknown,0.668097,0.50,0.33404850,1133.4265605000,1
KKUHAY4O,Central,MG Advanced,3393.00,small,,open,unknown,0.668097,0.50,0.33404850,1133.4265605000,1
4V17GRKW,Central,MG Advanced,3393.00,small,,open,unknown,0.668097,0.50,0.33404850,1133.4265605000,1
EOJHYLXG,Central,MG Advanced,3393.00,small,,open,unknown,0.668097,0.50,0.33404850,1133.4265605000,1
4XQ43RJW,Central,MG Advanced,3393.00,small,,open,unknown,0.668097,0.50,0.33404850,1133.4265605000,1
MJK3UJ1B,Central,MG Advanced,3393.00,small,,open,unknown,0.668097,0.50,0.33404850,1133.4265605000,1
44JDHBI8,Central,MG Advanced,3393.00,small,,open,unknown,0.668097,0.50,0.33404850,1133.4265605000,1
ETJR6FUL,Central,GTX Basic,550.00,small,,open,unknown,0.668097,0.50,0.33404850,183.7266750000,1
9CYYLZ11,Central,GTX Basic,550.00,small,,open,unknown,0.668097,0.50,0.33404850,183.7266750000,1
RGW7PKJ6,Central,GTX Basic,550.00,small,,open,unknown,0.668097,0.50,0.33404850,183.7266750000,1
BW0NOLCK,Central,GTX Basic,550.00,small,,open,unknown,0.668097,0.50,0.33404850,183.7266750000,1
G7K3HJAT,Central,GTX Basic,550.00,small,,open,unknown,0.668097,0.50,0.33404850,183.7266750000,1
NBE5EMSV,Central,GTX Basic,550.00,small,,open,unknown,0.668097,0.50,0.33404850,183.7266750000,1
D00KRY2S,Central,GTX Basic,550.00,small,,open,unknown,0.668097,0.50,0.33404850,183.7266750000,1
ZB3JRI67,Central,GTX Basic,550.00,small,,open,unknown,0.668097,0.50,0.33404850,183.7266750000,1
4AUWVKUU,Central,GTX Basic,550.00,small,,open,unknown,0.668097,0.50,0.33404850,183.7266750000,1
I43F0Z77,Central,GTX Plus Basic,1096.00,small,,open,unknown,0.668097,0.50,0.33404850,366.1171560000,1
YYMKOAVY,Central,GTX Plus Basic,1096.00,small,,open,unknown,0.668097,0.50,0.33404850,366.1171560000,1
0HR4TEU4,Central,GTX Plus Basic,1096.00,small,,open,unknown,0.668097,0.50,0.33404850,366.1171560000,1
O8JCYJSV,Central,GTX Plus Basic,1096.00,small,,open,unknown,0.668097,0.50,0.33404850,366.1171560000,1
FMRVHL9O,Central,GTX Plus Basic,1096.00,small,,open,unknown,0.668097,0.50,0.33404850,366.1171560000,1
YMI68O7S,Central,GTX Plus Basic,1096.00,small,,open,unknown,0.668097,0.50,0.33404850,366.1171560000,1
VUFZB941,Central,GTX Plus Basic,1096.00,small,,open,unknown,0.668097,0.50,0.33404850,366.1171560000,1
EABYCHB3,Central,GTX Plus Basic,1096.00,small,,open,unknown,0.668097,0.50,0.33404850,366.1171560000,1
6Z6DMG2V,Central,GTX Plus Basic,1096.00,small,,open,unknown,0.668097,0.50,0.33404850,366.1171560000,1
BZ96Z7AI,Central,GTX Plus Basic,1096.00,small,,open,unknown,0.668097,0.50,0.33404850,366.1171560000,1
QY7GTG6Y,Central,GTX Plus Basic,1096.00,small,,open,unknown,0.668097,0.50,0.33404850,366.1171560000,1
VZ28EXFN,Central,GTX Plus Basic,1096.00,small,,open,unknown,0.668097,0.50,0.33404850,366.1171560000,1
KOPIWJO5,Central,GTX Plus Basic,1096.00,small,,open,unknown,0.668097,0.50,0.33404850,366.1171560000,1
465ZW6J2,Central,GTX Plus Basic,1096.00,small,,open,unknown,0.668097,0.50,0.33404850,366.1171560000,1
BVRUBA3A,Central,GTX Plus Pro,5482.00,medium,,open,unknown,0.707048,0.50,0.35352400,1938.0185680000,1
5JS1Z5BQ,Central,GTX Plus Pro,5482.00,medium,,open,unknown,0.707048,0.50,0.35352400,1938.0185680000,1
5EUHU5AF,Central,GTX Plus Pro,5482.00,medium,,open,unknown,0.707048,0.50,0.35352400,1938.0185680000,1
F11IGBLD,Central,GTX Plus Pro,5482.00,medium,,open,unknown,0.707048,0.50,0.35352400,1938.0185680000,1
CC70D9SD,Central,GTX Plus Pro,5482.00,medium,,open,unknown,0.707048,0.50,0.35352400,1938.0185680000,1
0BQTT5UF,Central,GTXPro,0.00,unknown,,open,unknown,0.631501,0.50,0.31575050,0.0000000000,1
M7UNLZEP,Central,GTXPro,0.00,unknown,,open,unknown,0.631501,0.50,0.31575050,0.0000000000,1
EG7S6ZOI,Central,GTXPro,0.00,unknown,,open,unknown,0.631501,0.50,0.31575050,0.0000000000,1
UND13JS5,Central,GTXPro,0.00,unknown,,open,unknown,0.631501,0.50,0.31575050,0.0000000000,1
HFVWQIMF,Central,GTXPro,0.00,unknown,,open,unknown,0.631501,0.50,0.31575050,0.0000000000,1
9YLUGU6I,Central,GTXPro,0.00,unknown,,open,unknown,0.631501,0.50,0.31575050,0.0000000000,1
SAUIIUTV,Central,GTXPro,0.00,unknown,,open,unknown,0.631501,0.50,0.31575050,0.0000000000,1
B5H6M7AP,Central,GTXPro,0.00,unknown,,open,unknown,0.631501,0.50,0.31575050,0.0000000000,1
COGXUYLL,Central,MG Special,55.00,small,,open,unknown,0.668097,0.50,0.33404850,18.3726675000,1
ZVO432VF,Central,MG Special,55.00,small,,open,unknown,0.668097,0.50,0.33404850,18.3726675000,1
1BB5LME9,Central,MG Special,55.00,small,,open,unknown,0.668097,0.50,0.33404850,18.3726675000,1
7WXPAXAV,Central,MG Special,55.00,small,,open,unknown,0.668097,0.50,0.33404850,18.3726675000,1
GSOR2INK,Central,MG Special,55.00,small,,open,unknown,0.668097,0.50,0.33404850,18.3726675000,1
BTH2O9OF,Central,MG Special,55.00,small,,open,unknown,0.668097,0.50,0.33404850,18.3726675000,1
HW367OVT,Central,MG Special,55.00,small,,open,unknown,0.668097,0.50,0.33404850,18.3726675000,1
O6NIPA7N,Central,MG Special,55.00,small,,open,unknown,0.668097,0.50,0.33404850,18.3726675000,1
MI3MV7PU,Central,MG Advanced,3393.00,small,,open,unknown,0.668097,0.50,0.33404850,1133.4265605000,1
A8PVW8RI,Central,MG Advanced,3393.00,small,,open,unknown,0.668097,0.50,0.33404850,1133.4265605000,1
S4V0T890,Central,MG Advanced,3393.00,small,,open,unknown,0.668097,0.50,0.33404850,1133.4265605000,1
AP74NF6M,Central,MG Advanced,3393.00,small,,open,unknown,0.668097,0.50,0.33404850,1133.4265605000,1
WJ7HDR4Q,Central,MG Advanced,3393.00,small,,open,unknown,0.668097,0.50,0.33404850,1133.4265605000,1
F1NWH30L,Central,MG Advanced,3393.00,small,,open,unknown,0.668097,0.50,0.33404850,1133.4265605000,1
7KQAH6UI,Central,MG Advanced,3393.00,small,,open,unknown,0.668097,0.50,0.33404850,1133.4265605000,1
2NO97U9Z,Central,MG Advanced,3393.00,small,,open,unknown,0.668097,0.50,0.33404850,1133.4265605000,1
BKI3OLP8,Central,MG Advanced,3393.00,small,,open,unknown,0.668097,0.50,0.33404850,1133.4265605000,1
KTSP63I0,Central,MG Advanced,3393.00,small,,open,unknown,0.668097,0.50,0.33404850,1133.4265605000,1
HKMMBDMW,Central,GTX Basic,550.00,small,,open,unknown,0.668097,0.50,0.33404850,183.7266750000,1
52V1RWCZ,Central,GTX Basic,550.00,small,,open,unknown,0.668097,0.50,0.33404850,183.7266750000,1
XS7L2AQE,Central,GTX Basic,550.00,small,,open,unknown,0.668097,0.50,0.33404850,183.7266750000,1
M22PCEKY,Central,GTX Basic,550.00,small,,open,unknown,0.668097,0.50,0.33404850,183.7266750000,1
IVTNXNYP,Central,GTX Basic,550.00,small,,open,unknown,0.668097,0.50,0.33404850,183.7266750000,1
HOXD9TTL,Central,GTX Basic,550.00,small,,open,unknown,0.668097,0.50,0.33404850,183.7266750000,1
H046CU4Z,Central,GTX Basic,550.00,small,,open,unknown,0.668097,0.50,0.33404850,183.7266750000,1
JF4MEWPX,Central,GTX Basic,550.00,small,,open,unknown,0.668097,0.50,0.33404850,183.7266750000,1
1HD5JJM3,Central,GTX Plus Basic,1096.00,small,,open,unknown,0.668097,0.50,0.33404850,366.1171560000,1
NWPSEF2I,Central,GTX Plus Basic,1096.00,small,,open,unknown,0.668097,0.50,0.33404850,366.1171560000,1
0E8D6TCQ,Central,GTX Plus Basic,1096.00,small,,open,unknown,0.668097,0.50,0.33404850,366.1171560000,1
7MKYTX69,Central,GTX Plus Pro,5482.00,medium,,open,unknown,0.707048,0.50,0.35352400,1938.0185680000,1
CLPDG9BG,Central,MG Special,55.00,small,,open,unknown,0.668097,0.50,0.33404850,18.3726675000,1
32NDDT4L,Central,MG Special,55.00,small,,open,unknown,0.668097,0.50,0.33404850,18.3726675000,1
1969NL80,Central,MG Special,55.00,small,,open,unknown,0.668097,0.50,0.33404850,18.3726675000,1
IKR0NSUE,Central,MG Special,55.00,small,,open,unknown,0.668097,0.50,0.33404850,18.3726675000,1
473F6L9F,Central,MG Special,55.00,small,,open,unknown,0.668097,0.50,0.33404850,18.3726675000,1
KN4LCS4D,Central,MG Special,55.00,small,,open,unknown,0.668097,0.50,0.33404850,18.3726675000,1
EL09RK8X,Central,MG Advanced,3393.00,small,,open,unknown,0.668097,0.50,0.33404850,1133.4265605000,1
Y9EBNML6,Central,MG Advanced,3393.00,small,,open,unknown,0.668097,0.50,0.33404850,1133.4265605000,1
9H2V1F1E,Central,MG Advanced,3393.00,small,,open,unknown,0.668097,0.50,0.33404850,1133.4265605000,1
2872DC79,Central,MG Advanced,3393.00,small,,open,unknown,0.668097,0.50,0.33404850,1133.4265605000,1
OYRF34VN,Central,MG Advanced,3393.00,small,,open,unknown,0.668097,0.50,0.33404850,1133.4265605000,1
HP8IWA1E,Central,MG Advanced,3393.00,small,,open,unknown,0.668097,0.50,0.33404850,1133.4265605000,1
M5ZYQFGR,Central,MG Advanced,3393.00,small,,open,unknown,0.668097,0.50,0.33404850,1133.4265605000,1
0CECGPEJ,Central,MG Advanced,3393.00,small,,open,unknown,0.668097,0.50,0.33404850,1133.4265605000,1
D6YEYMJC,Central,MG Advanced,3393.00,small,,open,unknown,0.668097,0.50,0.33404850,1133.4265605000,1
RLDCYEJU,Central,MG Advanced,3393.00,small,,open,unknown,0.668097,0.50,0.33404850,1133.4265605000,1
BIN9U8D9,Central,MG Advanced,3393.00,small,,open,unknown,0.668097,0.50,0.33404850,1133.4265605000,1
8O98HGMW,Central,MG Advanced,3393.00,small,,open,unknown,0.668097,0.50,0.33404850,1133.4265605000,1
SRYX0U85,Central,MG Advanced,3393.00,small,,open,unknown,0.668097,0.50,0.33404850,1133.4265605000,1
MON9ZE47,Central,GTX Basic,550.00,small,,open,unknown,0.668097,0.50,0.33404850,183.7266750000,1
FJHKS2T2,Central,GTX Basic,550.00,small,,open,unknown,0.668097,0.50,0.33404850,183.7266750000,1
HUG2KAHE,Central,GTX Basic,550.00,small,,open,unknown,0.668097,0.50,0.33404850,183.7266750000,1
PGN9I1HU,Central,GTX Basic,550.00,small,,open,unknown,0.668097,0.50,0.33404850,183.7266750000,1
647SQRGL,Central,GTX Basic,550.00,small,,open,unknown,0.668097,0.50,0.33404850,183.7266750000,1
TAKHOTRW,Central,GTX Basic,550.00,small,,open,unknown,0.668097,0.50,0.33404850,183.7266750000,1
TS9QPHNA,Central,GTX Basic,550.00,small,,open,unknown,0.668097,0.50,0.33404850,183.7266750000,1
UEI0RABV,Central,GTX Basic,550.00,small,,open,unknown,0.668097,0.50,0.33404850,183.7266750000,1
27ZK0L0F,Central,GTX Basic,550.00,small,,open,unknown,0.668097,0.50,0.33404850,183.7266750000,1
K38J8D75,Central,GTX Basic,550.00,small,,open,unknown,0.668097,0.50,0.33404850,183.7266750000,1
UIP7MXOR,Central,GTX Basic,550.00,small,,open,unknown,0.668097,0.50,0.33404850,183.7266750000,1
MNCY3CKD,Central,GTX Plus Basic,1096.00,small,,open,unknown,0.668097,0.50,0.33404850,366.1171560000,1
E0S2ZL6X,Central,GTX Plus Basic,1096.00,small,,open,unknown,0.668097,0.50,0.33404850,366.1171560000,1
XT9QCG8T,Central,GTX Plus Basic,1096.00,small,,open,unknown,0.668097,0.50,0.33404850,366.1171560000,1
52WACRCG,Central,GTX Plus Basic,1096.00,small,,open,unknown,0.668097,0.50,0.33404850,366.1171560000,1
0PXJYUT7,Central,GTX Plus Basic,1096.00,small,,open,unknown,0.668097,0.50,0.33404850,366.1171560000,1
D45LXDPW,Central,GTX Plus Basic,1096.00,small,,open,unknown,0.668097,0.50,0.33404850,366.1171560000,1
DDHNCZMO,Central,GTX Plus Pro,5482.00,medium,,open,unknown,0.707048,0.50,0.35352400,1938.0185680000,1
Z99W80UY,Central,GTX Plus Pro,5482.00,medium,,open,unknown,0.707048,0.50,0.35352400,1938.0185680000,1
K8ITR8PA,Central,GTX Plus Pro,5482.00,medium,,open,unknown,0.707048,0.50,0.35352400,1938.0185680000,1
G4B3UCWQ,Central,GTXPro,0.00,unknown,,open,unknown,0.631501,0.50,0.31575050,0.0000000000,1
8O212QCV,Central,GTXPro,0.00,unknown,,open,unknown,0.631501,0.50,0.31575050,0.0000000000,1
X2REWR7J,Central,GTXPro,0.00,unknown,,open,unknown,0.631501,0.50,0.31575050,0.0000000000,1
RKP2DVSU,Central,MG Special,55.00,small,,open,unknown,0.668097,0.50,0.33404850,18.3726675000,1
T3T4OE0A,Central,MG Special,55.00,small,,open,unknown,0.668097,0.50,0.33404850,18.3726675000,1
K7L1RE8B,Central,MG Special,55.00,small,,open,unknown,0.668097,0.50,0.33404850,18.3726675000,1
RPCZJOE2,Central,MG Special,55.00,small,,open,unknown,0.668097,0.50,0.33404850,18.3726675000,1
6IG2A8KD,Central,MG Special,55.00,small,,open,unknown,0.668097,0.50,0.33404850,18.3726675000,1
MFU6Y5HX,Central,MG Special,55.00,small,,open,unknown,0.668097,0.50,0.33404850,18.3726675000,1
Y0EKPBLQ,Central,MG Special,55.00,small,,open,unknown,0.668097,0.50,0.33404850,18.3726675000,1
8TLX2786,Central,MG Special,55.00,small,,open,unknown,0.668097,0.50,0.33404850,18.3726675000,1
Z9CW6K35,Central,MG Special,55.00,small,,open,unknown,0.668097,0.50,0.33404850,18.3726675000,1
YVFK9Q0W,Central,MG Advanced,3393.00,small,,open,unknown,0.668097,0.50,0.33404850,1133.4265605000,1
PF7M8CG2,Central,MG Advanced,3393.00,small,,open,unknown,0.668097,0.50,0.33404850,1133.4265605000,1
ZHPJ73Q6,Central,GTX Basic,550.00,small,,open,unknown,0.668097,0.50,0.33404850,183.7266750000,1
2TI0MAKP,Central,GTX Basic,550.00,small,,open,unknown,0.668097,0.50,0.33404850,183.7266750000,1
2G5ZMOYC,Central,GTX Basic,550.00,small,,open,unknown,0.668097,0.50,0.33404850,183.7266750000,1
EPOB4B15,Central,GTX Basic,550.00,small,,open,unknown,0.668097,0.50,0.33404850,183.7266750000,1
2WWMPY7O,Central,GTX Basic,550.00,small,,open,unknown,0.668097,0.50,0.33404850,183.7266750000,1
Z6VQW8TB,Central,GTX Basic,550.00,small,,open,unknown,0.668097,0.50,0.33404850,183.7266750000,1
FNLAOXF8,Central,GTX Basic,550.00,small,,open,unknown,0.668097,0.50,0.33404850,183.7266750000,1
C5B5WBY9,Central,GTX Plus Basic,1096.00,small,,open,unknown,0.668097,0.50,0.33404850,366.1171560000,1
6IO91583,Central,GTX Plus Basic,1096.00,small,,open,unknown,0.668097,0.50,0.33404850,366.1171560000,1
ZXNPF7PL,Central,GTX Plus Pro,5482.00,medium,,open,unknown,0.707048,0.50,0.35352400,1938.0185680000,1
NKFG3KKP,Central,GTX Plus Pro,5482.00,medium,,open,unknown,0.707048,0.50,0.35352400,1938.0185680000,1
JQ338VQC,Central,MG Special,55.00,small,,open,unknown,0.668097,0.50,0.33404850,18.3726675000,1
WJK0O5J9,Central,MG Special,55.00,small,,open,unknown,0.668097,0.50,0.33404850,18.3726675000,1
W2149WNZ,Central,MG Special,55.00,small,,open,unknown,0.668097,0.50,0.33404850,18.3726675000,1
6WNENPQM,Central,MG Special,55.00,small,,open,unknown,0.668097,0.50,0.33404850,18.3726675000,1
VW8CEV4C,Central,MG Special,55.00,small,,open,unknown,0.668097,0.50,0.33404850,18.3726675000,1
KLUS7RVS,Central,MG Special,55.00,small,,open,unknown,0.668097,0.50,0.33404850,18.3726675000,1
ROM4I2T0,Central,MG Special,55.00,small,,open,unknown,0.668097,0.50,0.33404850,18.3726675000,1
6QKBZAEQ,Central,MG Special,55.00,small,,open,unknown,0.668097,0.50,0.33404850,18.3726675000,1
5P4OCP0Q,Central,MG Special,55.00,small,,open,unknown,0.668097,0.50,0.33404850,18.3726675000,1
E54FFQBM,Central,MG Special,55.00,small,,open,unknown,0.668097,0.50,0.33404850,18.3726675000,1
8GNSME5U,Central,MG Special,55.00,small,,open,unknown,0.668097,0.50,0.33404850,18.3726675000,1
5697WKA6,Central,MG Special,55.00,small,,open,unknown,0.668097,0.50,0.33404850,18.3726675000,1
A5DN7SE1,Central,MG Special,55.00,small,,open,unknown,0.668097,0.50,0.33404850,18.3726675000,1
DGI6CB5K,Central,MG Special,55.00,small,,open,unknown,0.668097,0.50,0.33404850,18.3726675000,1
MTH7D617,Central,MG Special,55.00,small,,open,unknown,0.668097,0.50,0.33404850,18.3726675000,1
S6BD2RV6,Central,MG Special,55.00,small,,open,unknown,0.668097,0.50,0.33404850,18.3726675000,1
P43NZA0V,Central,MG Special,55.00,small,,open,unknown,0.668097,0.50,0.33404850,18.3726675000,1
TFPZNRS3,Central,MG Special,55.00,small,,open,unknown,0.668097,0.50,0.33404850,18.3726675000,1
SPTF1MZ4,Central,MG Special,55.00,small,,open,unknown,0.668097,0.50,0.33404850,18.3726675000,1
WI5RHGX9,Central,MG Special,55.00,small,,open,unknown,0.668097,0.50,0.33404850,18.3726675000,1
WAT7H38N,Central,MG Special,55.00,small,,open,unknown,0.668097,0.50,0.33404850,18.3726675000,1
1FAU5C6V,Central,MG Special,55.00,small,,open,unknown,0.668097,0.50,0.33404850,18.3726675000,1
Q5RRTVJK,Central,MG Special,55.00,small,,open,unknown,0.668097,0.50,0.33404850,18.3726675000,1
KIOF5EM0,Central,MG Special,55.00,small,,open,unknown,0.668097,0.50,0.33404850,18.3726675000,1
SH4FSTJV,Central,MG Special,55.00,small,,open,unknown,0.668097,0.50,0.33404850,18.3726675000,1
AV50UWVV,Central,MG Special,55.00,small,,open,unknown,0.668097,0.50,0.33404850,18.3726675000,1
KAZ72JJ0,Central,MG Special,55.00,small,,open,unknown,0.668097,0.50,0.33404850,18.3726675000,1
QVWEPN6J,Central,MG Special,55.00,small,,open,unknown,0.668097,0.50,0.33404850,18.3726675000,1
JD7ACALY,Central,MG Special,55.00,small,,open,unknown,0.668097,0.50,0.33404850,18.3726675000,1
NSGU1K3N,Central,MG Special,55.00,small,,open,unknown,0.668097,0.50,0.33404850,18.3726675000,1
UK00OVV2,Central,MG Special,55.00,small,,open,unknown,0.668097,0.50,0.33404850,18.3726675000,1
DWGARGA2,Central,MG Special,55.00,small,,open,unknown,0.668097,0.50,0.33404850,18.3726675000,1
A4M34F8C,Central,MG Special,55.00,small,,open,unknown,0.668097,0.50,0.33404850,18.3726675000,1
FCNN6UY0,Central,MG Advanced,3393.00,small,,open,unknown,0.668097,0.50,0.33404850,1133.4265605000,1
8M2O0Q8V,Central,MG Advanced,3393.00,small,,open,unknown,0.668097,0.50,0.33404850,1133.4265605000,1
WNWI8RJU,Central,MG Advanced,3393.00,small,,open,unknown,0.668097,0.50,0.33404850,1133.4265605000,1
4H6DFFO4,Central,MG Advanced,3393.00,small,,open,unknown,0.668097,0.50,0.33404850,1133.4265605000,1
IUM2FVA1,Central,MG Advanced,3393.00,small,,open,unknown,0.668097,0.50,0.33404850,1133.4265605000,1
9MIWFW5J,Central,MG Advanced,3393.00,small,,open,unknown,0.668097,0.50,0.33404850,1133.4265605000,1
6SLKZ8FI,Central,MG Advanced,3393.00,small,,open,unknown,0.668097,0.50,0.33404850,1133.4265605000,1
LIB4KUZJ,Central,MG Advanced,3393.00,small,,open,unknown,0.668097,0.50,0.33404850,1133.4265605000,1
18IUIUK0,Central,MG Advanced,3393.00,small,,open,unknown,0.668097,0.50,0.33404850,1133.4265605000,1
8I5ONXJX,Central,MG Advanced,3393.00,small,,open,unknown,0.668097,0.50,0.33404850,1133.4265605000,1
