OPPORTUNITY_ID,SALES_AGENT_NAME,MANAGER_NAME,REGIONAL_OFFICE,PRODUCT_NAME,ACCOUNT_NAME,DEAL_STAGE,ENGAGE_DATE,DEAL_AGE_DAYS,SALES_PRICE,CLOSE_VALUE_AMOUNT,DEAL_SIZE_BAND,PIPELINE_VALUE_ESTIMATE,DEAL_AGE_BAND,PIPELINE_HEALTH_STATUS
HAXMC4IX,James Ascencio,Summer Sewald,West,MG Advanced,,Engaging,2016-11-03,423,3393,,unknown,3393.00,180+ Days,stale_or_review
UP409DSB,Maureen Marcano,Summer Sewald,West,MG Advanced,Ganjaflex,Engaging,2016-11-10,416,3393,,unknown,3393.00,180+ Days,stale_or_review
EG7OFLFR,Kami Bicknell,Summer Sewald,West,GTX Basic,,Engaging,2016-11-14,412,550,,unknown,550.00,180+ Days,stale_or_review
OLVI7L8M,Cassey Cress,Rocco Neubert,East,GTXPro,,Engaging,2016-11-16,410,,,unknown,0.00,180+ Days,stale_or_review
F5U1ACDD,Kami Bicknell,Summer Sewald,West,GTX Plus Basic,,Engaging,2016-11-19,407,1096,,unknown,1096.00,180+ Days,stale_or_review
ZZY4516R,Hayden Neloms,Celia Rouche,West,MG Advanced,,Engaging,2016-11-20,406,3393,,unknown,3393.00,180+ Days,stale_or_review
0DRC1U9Q,Maureen Marcano,Summer Sewald,West,GTX Basic,Green-Plus,Engaging,2016-11-20,406,550,,unknown,550.00,180+ Days,stale_or_review
M7I5O9YU,Corliss Cosme,Cara Losch,East,GTX Basic,Cheers,Engaging,2016-11-23,403,550,,unknown,550.00,180+ Days,stale_or_review
GYB4W2AU,Elease Gluck,Celia Rouche,West,MG Advanced,,Engaging,2016-11-23,403,3393,,unknown,3393.00,180+ Days,stale_or_review
VDIU10RV,Markita Hansen,Celia Rouche,West,MG Special,Lexiqvolax,Engaging,2016-11-23,403,55,,unknown,55.00,180+ Days,stale_or_review
579LZ3F9,Daniell Hammack,Rocco Neubert,East,GTX Plus Basic,J-Texon,Engaging,2016-11-24,402,1096,,unknown,1096.00,180+ Days,stale_or_review
SU8JNMP4,Kami Bicknell,Summer Sewald,West,GTX Plus Basic,Bubba Gump,Engaging,2016-11-24,402,1096,,unknown,1096.00,180+ Days,stale_or_review
PFFHM7HR,Markita Hansen,Celia Rouche,West,MG Advanced,Opentech,Engaging,2016-11-27,399,3393,,unknown,3393.00,180+ Days,stale_or_review
CNM0H9FR,Zane Levy,Summer Sewald,West,GTX Basic,,Engaging,2016-12-02,394,550,,unknown,550.00,180+ Days,stale_or_review
UAE5ZC7O,Daniell Hammack,Rocco Neubert,East,GTX Plus Pro,,Engaging,2016-12-05,391,5482,,unknown,5482.00,180+ Days,stale_or_review
JUCNIG4H,James Ascencio,Summer Sewald,West,GTX Basic,,Engaging,2016-12-05,391,550,,unknown,550.00,180+ Days,stale_or_review
ICMXZOVL,Daniell Hammack,Rocco Neubert,East,GTXPro,Stanredtax,Engaging,2016-12-08,388,,,unknown,0.00,180+ Days,stale_or_review
IBEUTCSW,James Ascencio,Summer Sewald,West,MG Advanced,,Engaging,2016-12-08,388,3393,,unknown,3393.00,180+ Days,stale_or_review
O3KC8QI8,Kami Bicknell,Summer Sewald,West,GTX Plus Basic,,Engaging,2016-12-08,388,1096,,unknown,1096.00,180+ Days,stale_or_review
WALNFJ70,Kary Hendrixson,Summer Sewald,West,GTX Plus Pro,,Engaging,2016-12-08,388,5482,,unknown,5482.00,180+ Days,stale_or_review
MNVMY83P,Cassey Cress,Rocco Neubert,East,GTXPro,Plussunin,Engaging,2016-12-10,386,,,unknown,0.00,180+ Days,stale_or_review
ZOBJHMAF,Cassey Cress,Rocco Neubert,East,MG Advanced,,Engaging,2016-12-11,385,3393,,unknown,3393.00,180+ Days,stale_or_review
KD6MB4AP,Elease Gluck,Celia Rouche,West,MG Special,,Engaging,2016-12-11,385,55,,unknown,55.00,180+ Days,stale_or_review
A194RP0I,Rosalina Dieter,Celia Rouche,West,MG Advanced,,Engaging,2016-12-12,384,3393,,unknown,3393.00,180+ Days,stale_or_review
KV2OFRJT,Kami Bicknell,Summer Sewald,West,GTXPro,,Engaging,2016-12-13,383,,,unknown,0.00,180+ Days,stale_or_review
ERFRHR3Z,Hayden Neloms,Celia Rouche,West,MG Advanced,,Engaging,2016-12-14,382,3393,,unknown,3393.00,180+ Days,stale_or_review
J53D8EOL,Kary Hendrixson,Summer Sewald,West,GTX Plus Basic,Hottechi,Engaging,2016-12-14,382,1096,,unknown,1096.00,180+ Days,stale_or_review
J32XDDAW,Markita Hansen,Celia Rouche,West,GTX Basic,,Engaging,2016-12-14,382,550,,unknown,550.00,180+ Days,stale_or_review
1ZDDZD8B,Markita Hansen,Celia Rouche,West,MG Special,,Engaging,2016-12-15,381,55,,unknown,55.00,180+ Days,stale_or_review
EZVKSQ9C,Boris Faz,Rocco Neubert,East,GTX Plus Pro,Genco Pura Olive Oil Company,Engaging,2016-12-16,380,5482,,unknown,5482.00,180+ Days,stale_or_review
RJYG004O,Daniell Hammack,Rocco Neubert,East,GTX Basic,Domzoom,Engaging,2016-12-16,380,550,,unknown,550.00,180+ Days,stale_or_review
PYOFK7ZD,Cassey Cress,Rocco Neubert,East,GTX Basic,,Engaging,2016-12-17,379,550,,unknown,550.00,180+ Days,stale_or_review
DWUXMAGZ,Corliss Cosme,Cara Losch,East,GTX Plus Pro,,Engaging,2016-12-17,379,5482,,unknown,5482.00,180+ Days,stale_or_review
6SN2RQJX,Vicki Laflamme,Celia Rouche,West,MG Special,,Engaging,2016-12-17,379,55,,unknown,55.00,180+ Days,stale_or_review
NKPH3EFG,Cassey Cress,Rocco Neubert,East,MG Advanced,,Engaging,2016-12-18,378,3393,,unknown,3393.00,180+ Days,stale_or_review
N07K7DR7,Rosie Papadopoulos,Cara Losch,East,MG Special,Plexzap,Engaging,2016-12-18,378,55,,unknown,55.00,180+ Days,stale_or_review
125VIRMX,Elease Gluck,Celia Rouche,West,GTK 500,Warephase,Engaging,2016-12-19,377,26768,,unknown,26768.00,180+ Days,stale_or_review
3ECHUPQY,Daniell Hammack,Rocco Neubert,East,GTX Plus Basic,,Engaging,2016-12-20,376,1096,,unknown,1096.00,180+ Days,stale_or_review
K5CWSFCW,Elease Gluck,Celia Rouche,West,GTXPro,Blackzim,Engaging,2016-12-21,375,,,unknown,0.00,180+ Days,stale_or_review
4H2QMS78,Vicki Laflamme,Celia Rouche,West,GTX Basic,,Engaging,2016-12-21,375,550,,unknown,550.00,180+ Days,stale_or_review
SQLYCFGV,Zane Levy,Summer Sewald,West,GTXPro,Opentech,Engaging,2016-12-22,374,,,unknown,0.00,180+ Days,stale_or_review
EUG019AS,Corliss Cosme,Cara Losch,East,GTX Basic,,Engaging,2016-12-23,373,550,,unknown,550.00,180+ Days,stale_or_review
IE7VQ5BA,Daniell Hammack,Rocco Neubert,East,GTX Plus Basic,Finhigh,Engaging,2016-12-23,373,1096,,unknown,1096.00,180+ Days,stale_or_review
AI76U58A,Maureen Marcano,Summer Sewald,West,GTX Basic,Treequote,Engaging,2016-12-25,371,550,,unknown,550.00,180+ Days,stale_or_review
KFPM2LJW,Rosalina Dieter,Celia Rouche,West,GTX Basic,,Engaging,2016-12-25,371,550,,unknown,550.00,180+ Days,stale_or_review
B00UMAV4,Kami Bicknell,Summer Sewald,West,MG Advanced,Gogozoom,Engaging,2016-12-26,370,3393,,unknown,3393.00,180+ Days,stale_or_review
C8TV7R8A,Kary Hendrixson,Summer Sewald,West,GTXPro,,Engaging,2016-12-26,370,,,unknown,0.00,180+ Days,stale_or_review
2VCDVCIZ,Kary Hendrixson,Summer Sewald,West,GTX Basic,,Engaging,2016-12-27,369,550,,unknown,550.00,180+ Days,stale_or_review
0U3WVJO0,Corliss Cosme,Cara Losch,East,GTXPro,,Engaging,2016-12-28,368,,,unknown,0.00,180+ Days,stale_or_review
PMMW9JX3,Kary Hendrixson,Summer Sewald,West,GTX Basic,,Engaging,2016-12-28,368,550,,unknown,550.00,180+ Days,stale_or_review
2HT2R2GY,Cassey Cress,Rocco Neubert,East,GTX Plus Pro,,Engaging,2016-12-29,367,5482,,unknown,5482.00,180+ Days,stale_or_review
13GM5I6M,Kami Bicknell,Summer Sewald,West,GTXPro,,Engaging,2016-12-29,367,,,unknown,0.00,180+ Days,stale_or_review
9IA34L8S,Vicki Laflamme,Celia Rouche,West,GTX Basic,,Engaging,2016-12-29,367,550,,unknown,550.00,180+ Days,stale_or_review
5T8Q2YID,Elease Gluck,Celia Rouche,West,MG Special,,Engaging,2017-01-01,364,55,,unknown,55.00,180+ Days,stale_or_review
BTT6YAVZ,Zane Levy,Summer Sewald,West,GTX Plus Basic,Green-Plus,Engaging,2017-01-01,364,1096,,unknown,1096.00,180+ Days,stale_or_review
O7UUAK3Y,Corliss Cosme,Cara Losch,East,GTX Plus Basic,dambase,Engaging,2017-01-02,363,1096,,unknown,1096.00,180+ Days,stale_or_review
TLOHEQ18,Corliss Cosme,Cara Losch,East,GTX Plus Basic,,Engaging,2017-01-02,363,1096,,unknown,1096.00,180+ Days,stale_or_review
EWDOBEM6,Hayden Neloms,Celia Rouche,West,MG Special,,Engaging,2017-01-03,362,55,,unknown,55.00,180+ Days,stale_or_review
QM6VR1H5,Daniell Hammack,Rocco Neubert,East,GTX Plus Pro,,Engaging,2017-01-04,361,5482,,unknown,5482.00,180+ Days,stale_or_review
QR2BDRAI,James Ascencio,Summer Sewald,West,MG Advanced,,Engaging,2017-01-04,361,3393,,unknown,3393.00,180+ Days,stale_or_review
Z75ND4JF,Kary Hendrixson,Summer Sewald,West,GTX Basic,,Engaging,2017-01-04,361,550,,unknown,550.00,180+ Days,stale_or_review
CGWJ1WHI,Wilburn Farren,Cara Losch,East,MG Special,,Engaging,2017-01-04,361,55,,unknown,55.00,180+ Days,stale_or_review
M16D8PYH,Daniell Hammack,Rocco Neubert,East,GTX Plus Pro,,Engaging,2017-01-05,360,5482,,unknown,5482.00,180+ Days,stale_or_review
VPXW8RJS,Kami Bicknell,Summer Sewald,West,MG Advanced,,Engaging,2017-01-05,360,3393,,unknown,3393.00,180+ Days,stale_or_review
T7T1YIM7,Boris Faz,Rocco Neubert,East,GTX Plus Pro,,Engaging,2017-01-06,359,5482,,unknown,5482.00,180+ Days,stale_or_review
4JHY98UG,Cassey Cress,Rocco Neubert,East,GTX Basic,,Engaging,2017-01-07,358,550,,unknown,550.00,180+ Days,stale_or_review
G39V1X3G,Corliss Cosme,Cara Losch,East,MG Special,,Engaging,2017-01-07,358,55,,unknown,55.00,180+ Days,stale_or_review
EQCD7G7Q,Rosalina Dieter,Celia Rouche,West,GTX Basic,Initech,Engaging,2017-01-08,357,550,,unknown,550.00,180+ Days,stale_or_review
XYNTWPN1,Violet Mclelland,Cara Losch,East,MG Special,Rundofase,Engaging,2017-01-08,357,55,,unknown,55.00,180+ Days,stale_or_review
6Q67ZUJ1,Maureen Marcano,Summer Sewald,West,MG Special,,Engaging,2017-01-09,356,55,,unknown,55.00,180+ Days,stale_or_review
Y6UBZM6P,Vicki Laflamme,Celia Rouche,West,GTX Plus Pro,,Engaging,2017-01-09,356,5482,,unknown,5482.00,180+ Days,stale_or_review
RIW4VWBW,Hayden Neloms,Celia Rouche,West,GTX Plus Pro,,Engaging,2017-01-10,355,5482,,unknown,5482.00,180+ Days,stale_or_review
DWUD4S0P,Markita Hansen,Celia Rouche,West,GTX Basic,,Engaging,2017-01-10,355,550,,unknown,550.00,180+ Days,stale_or_review
MCE5DKD1,Markita Hansen,Celia Rouche,West,MG Special,Bioholding,Engaging,2017-01-10,355,55,,unknown,55.00,180+ Days,stale_or_review
RW39Y63V,Vicki Laflamme,Celia Rouche,West,GTXPro,,Engaging,2017-01-10,355,,,unknown,0.00,180+ Days,stale_or_review
8LW65NDL,Violet Mclelland,Cara Losch,East,GTX Plus Pro,,Engaging,2017-01-10,355,5482,,unknown,5482.00,180+ Days,stale_or_review
CJ2ON1LV,Corliss Cosme,Cara Losch,East,GTXPro,Nam-zim,Engaging,2017-01-11,354,,,unknown,0.00,180+ Days,stale_or_review
4I8X7EMW,Corliss Cosme,Cara Losch,East,GTXPro,,Engaging,2017-01-11,354,,,unknown,0.00,180+ Days,stale_or_review
LMOAYCUK,Kami Bicknell,Summer Sewald,West,GTX Plus Basic,Plusstrip,Engaging,2017-01-11,354,1096,,unknown,1096.00,180+ Days,stale_or_review
VCSHYIU8,Maureen Marcano,Summer Sewald,West,GTX Plus Basic,,Engaging,2017-01-12,353,1096,,unknown,1096.00,180+ Days,stale_or_review
0I6U3MQ6,Violet Mclelland,Cara Losch,East,GTX Basic,Funholding,Engaging,2017-01-12,353,550,,unknown,550.00,180+ Days,stale_or_review
WRUG19FZ,Hayden Neloms,Celia Rouche,West,MG Advanced,Vehement Capital Partners,Engaging,2017-01-13,352,3393,,unknown,3393.00,180+ Days,stale_or_review
UQQE9ILV,James Ascencio,Summer Sewald,West,GTXPro,Iselectrics,Engaging,2017-01-13,352,,,unknown,0.00,180+ Days,stale_or_review
W8CXDBQN,Vicki Laflamme,Celia Rouche,West,MG Special,,Engaging,2017-01-13,352,55,,unknown,55.00,180+ Days,stale_or_review
VKT0UN11,James Ascencio,Summer Sewald,West,MG Advanced,Codehow,Engaging,2017-01-14,351,3393,,unknown,3393.00,180+ Days,stale_or_review
JIACLB24,Vicki Laflamme,Celia Rouche,West,GTX Basic,Scottech,Engaging,2017-01-14,351,550,,unknown,550.00,180+ Days,stale_or_review
5VYJCJAE,Corliss Cosme,Cara Losch,East,GTX Plus Pro,Zoomit,Engaging,2017-01-15,350,5482,,unknown,5482.00,180+ Days,stale_or_review
BTUG5VDL,Corliss Cosme,Cara Losch,East,GTXPro,Inity,Engaging,2017-01-15,350,,,unknown,0.00,180+ Days,stale_or_review
CT3HBBI2,Elease Gluck,Celia Rouche,West,MG Special,Mathtouch,Engaging,2017-01-15,350,55,,unknown,55.00,180+ Days,stale_or_review
GR2X90DZ,Vicki Laflamme,Celia Rouche,West,GTX Basic,,Engaging,2017-01-15,350,550,,unknown,550.00,180+ Days,stale_or_review
S3W6Q07M,Kami Bicknell,Summer Sewald,West,GTX Plus Pro,Acme Corporation,Engaging,2017-01-16,349,5482,,unknown,5482.00,180+ Days,stale_or_review
K64TY8LU,Maureen Marcano,Summer Sewald,West,MG Special,,Engaging,2017-01-16,349,55,,unknown,55.00,180+ Days,stale_or_review
0OESOJNN,James Ascencio,Summer Sewald,West,GTX Plus Basic,Warephase,Engaging,2017-01-17,348,1096,,unknown,1096.00,180+ Days,stale_or_review
DZ57QIQN,Daniell Hammack,Rocco Neubert,East,GTX Plus Pro,,Engaging,2017-01-18,347,5482,,unknown,5482.00,180+ Days,stale_or_review
OZ5S8NCK,Kary Hendrixson,Summer Sewald,West,GTXPro,,Engaging,2017-01-18,347,,,unknown,0.00,180+ Days,stale_or_review
A4JROIDO,Vicki Laflamme,Celia Rouche,West,MG Special,,Engaging,2017-01-19,346,55,,unknown,55.00,180+ Days,stale_or_review
PMEENWD5,Corliss Cosme,Cara Losch,East,GTXPro,Globex Corporation,Engaging,2017-01-21,344,,,unknown,0.00,180+ Days,stale_or_review
Z1WLLL1H,Kami Bicknell,Summer Sewald,West,GTX Basic,,Engaging,2017-01-21,344,550,,unknown,550.00,180+ Days,stale_or_review
ETZKANFZ,Markita Hansen,Celia Rouche,West,GTX Basic,,Engaging,2017-01-21,344,550,,unknown,550.00,180+ Days,stale_or_review
PK1PS0KR,Rosie Papadopoulos,Cara Losch,East,MG Advanced,,Engaging,2017-01-22,343,3393,,unknown,3393.00,180+ Days,stale_or_review
RPONINLM,Vicki Laflamme,Celia Rouche,West,GTX Plus Basic,,Engaging,2017-01-23,342,1096,,unknown,1096.00,180+ Days,stale_or_review
F569KUVC,Kami Bicknell,Summer Sewald,West,GTX Basic,,Engaging,2017-01-24,341,550,,unknown,550.00,180+ Days,stale_or_review
PKDJTR06,Kami Bicknell,Summer Sewald,West,GTX Plus Basic,Hatfan,Engaging,2017-01-24,341,1096,,unknown,1096.00,180+ Days,stale_or_review
VYPYVO8V,Vicki Laflamme,Celia Rouche,West,GTX Basic,,Engaging,2017-01-24,341,550,,unknown,550.00,180+ Days,stale_or_review
1D54L027,Wilburn Farren,Cara Losch,East,MG Advanced,,Engaging,2017-01-25,340,3393,,unknown,3393.00,180+ Days,stale_or_review
CENVLTFH,Corliss Cosme,Cara Losch,East,GTX Plus Basic,Toughzap,Engaging,2017-01-28,337,1096,,unknown,1096.00,180+ Days,stale_or_review
4NGSQODD,James Ascencio,Summer Sewald,West,GTXPro,Blackzim,Engaging,2017-01-28,337,,,unknown,0.00,180+ Days,stale_or_review
5BE27MLY,Maureen Marcano,Summer Sewald,West,GTXPro,,Engaging,2017-01-28,337,,,unknown,0.00,180+ Days,stale_or_review
N5UIZYIV,Zane Levy,Summer Sewald,West,MG Special,Konmatfix,Engaging,2017-01-28,337,55,,unknown,55.00,180+ Days,stale_or_review
KBR253C0,Kami Bicknell,Summer Sewald,West,MG Advanced,,Engaging,2017-01-29,336,3393,,unknown,3393.00,180+ Days,stale_or_review
379DUF2N,Markita Hansen,Celia Rouche,West,GTX Basic,,Engaging,2017-01-29,336,550,,unknown,550.00,180+ Days,stale_or_review
67IKZGGJ,Maureen Marcano,Summer Sewald,West,GTX Plus Basic,,Engaging,2017-01-29,336,1096,,unknown,1096.00,180+ Days,stale_or_review
8YIANRVX,Zane Levy,Summer Sewald,West,GTXPro,,Engaging,2017-01-29,336,,,unknown,0.00,180+ Days,stale_or_review
A7SA2L21,Elease Gluck,Celia Rouche,West,GTK 500,,Engaging,2017-01-30,335,26768,,unknown,26768.00,180+ Days,stale_or_review
9W7PFSNX,Corliss Cosme,Cara Losch,East,GTX Basic,,Engaging,2017-01-31,334,550,,unknown,550.00,180+ Days,stale_or_review
XYLNH45V,Daniell Hammack,Rocco Neubert,East,GTX Plus Basic,Zathunicon,Engaging,2017-01-31,334,1096,,unknown,1096.00,180+ Days,stale_or_review
GVBWTDI3,Daniell Hammack,Rocco Neubert,East,GTX Plus Basic,,Engaging,2017-01-31,334,1096,,unknown,1096.00,180+ Days,stale_or_review
VFEV5XBS,Violet Mclelland,Cara Losch,East,GTX Plus Basic,,Engaging,2017-01-31,334,1096,,unknown,1096.00,180+ Days,stale_or_review
VN8LKQN3,Boris Faz,Rocco Neubert,East,GTX Plus Basic,,Engaging,2017-02-02,332,1096,,unknown,1096.00,180+ Days,stale_or_review
ZHY9C8OO,Kami Bicknell,Summer Sewald,West,GTX Plus Basic,,Engaging,2017-02-02,332,1096,,unknown,1096.00,180+ Days,stale_or_review
H2MC2E7K,Vicki Laflamme,Celia Rouche,West,GTX Plus Basic,Condax,Engaging,2017-02-02,332,1096,,unknown,1096.00,180+ Days,stale_or_review
OCGXWE8H,Vicki Laflamme,Celia Rouche,West,MG Special,,Engaging,2017-02-03,331,55,,unknown,55.00,180+ Days,stale_or_review
USVLKDF4,Corliss Cosme,Cara Losch,East,GTX Basic,Dontechi,Engaging,2017-02-04,330,550,,unknown,550.00,180+ Days,stale_or_review
JCPQZ2SN,Hayden Neloms,Celia Rouche,West,GTX Plus Basic,Cheers,Engaging,2017-02-04,330,1096,,unknown,1096.00,180+ Days,stale_or_review
HZIU2NOT,Kary Hendrixson,Summer Sewald,West,GTX Plus Pro,,Engaging,2017-02-04,330,5482,,unknown,5482.00,180+ Days,stale_or_review
YM8DBAFV,Cassey Cress,Rocco Neubert,East,GTX Basic,Sumace,Engaging,2017-02-05,329,550,,unknown,550.00,180+ Days,stale_or_review
RP7KA6HS,Elease Gluck,Celia Rouche,West,MG Special,Mathtouch,Engaging,2017-02-05,329,55,,unknown,55.00,180+ Days,stale_or_review
P9PFSLS6,Maureen Marcano,Summer Sewald,West,MG Special,,Engaging,2017-02-05,329,55,,unknown,55.00,180+ Days,stale_or_review
E4THD359,Wilburn Farren,Cara Losch,East,GTX Basic,,Engaging,2017-02-05,329,550,,unknown,550.00,180+ Days,stale_or_review
6VIK2VX8,Hayden Neloms,Celia Rouche,West,MG Special,Isdom,Engaging,2017-02-06,328,55,,unknown,55.00,180+ Days,stale_or_review
30R81VZX,Kami Bicknell,Summer Sewald,West,GTXPro,Zoomit,Engaging,2017-02-06,328,,,unknown,0.00,180+ Days,stale_or_review
TH9RV79M,Maureen Marcano,Summer Sewald,West,MG Special,,Engaging,2017-02-06,328,55,,unknown,55.00,180+ Days,stale_or_review
7VOW7BUJ,Cassey Cress,Rocco Neubert,East,GTXPro,,Engaging,2017-02-07,327,,,unknown,0.00,180+ Days,stale_or_review
2J5E145N,Daniell Hammack,Rocco Neubert,East,GTXPro,,Engaging,2017-02-07,327,,,unknown,0.00,180+ Days,stale_or_review
YFB7Y92U,Elease Gluck,Celia Rouche,West,GTK 500,,Engaging,2017-02-07,327,26768,,unknown,26768.00,180+ Days,stale_or_review
S6645YWA,Kami Bicknell,Summer Sewald,West,GTX Basic,Y-corporation,Engaging,2017-02-07,327,550,,unknown,550.00,180+ Days,stale_or_review
B5A1BERF,Kami Bicknell,Summer Sewald,West,GTXPro,Umbrella Corporation,Engaging,2017-02-07,327,,,unknown,0.00,180+ Days,stale_or_review
IEAPJ5X1,Maureen Marcano,Summer Sewald,West,GTX Plus Basic,,Engaging,2017-02-07,327,1096,,unknown,1096.00,180+ Days,stale_or_review
L2S4T3VA,Cassey Cress,Rocco Neubert,East,GTX Plus Pro,,Engaging,2017-02-08,326,5482,,unknown,5482.00,180+ Days,stale_or_review
AF8NG5JC,Cassey Cress,Rocco Neubert,East,MG Special,Betatech,Engaging,2017-02-08,326,55,,unknown,55.00,180+ Days,stale_or_review
IVJP36UT,Cassey Cress,Rocco Neubert,East,MG Advanced,,Engaging,2017-02-08,326,3393,,unknown,3393.00,180+ Days,stale_or_review
9A9E1KPG,Elease Gluck,Celia Rouche,West,GTX Basic,Genco Pura Olive Oil Company,Engaging,2017-02-08,326,550,,unknown,550.00,180+ Days,stale_or_review
TF19VML9,Kami Bicknell,Summer Sewald,West,GTX Plus Basic,,Engaging,2017-02-08,326,1096,,unknown,1096.00,180+ Days,stale_or_review
ZHXIDZNI,Kary Hendrixson,Summer Sewald,West,GTXPro,,Engaging,2017-02-08,326,,,unknown,0.00,180+ Days,stale_or_review
5P3NH791,Boris Faz,Rocco Neubert,East,MG Advanced,Golddex,Engaging,2017-02-10,324,3393,,unknown,3393.00,180+ Days,stale_or_review
X3ZSQCH8,Kami Bicknell,Summer Sewald,West,GTX Basic,Scotfind,Engaging,2017-02-10,324,550,,unknown,550.00,180+ Days,stale_or_review
5BXUKFPR,James Ascencio,Summer Sewald,West,GTX Plus Pro,,Engaging,2017-02-11,323,5482,,unknown,5482.00,180+ Days,stale_or_review
8AJG1YLJ,Kary Hendrixson,Summer Sewald,West,GTX Basic,,Engaging,2017-02-11,323,550,,unknown,550.00,180+ Days,stale_or_review
5RNWV17L,Rosalina Dieter,Celia Rouche,West,MG Advanced,Golddex,Engaging,2017-02-11,323,3393,,unknown,3393.00,180+ Days,stale_or_review
LXM6CTMS,Hayden Neloms,Celia Rouche,West,GTX Plus Basic,,Engaging,2017-02-12,322,1096,,unknown,1096.00,180+ Days,stale_or_review
VXMFL425,James Ascencio,Summer Sewald,West,GTX Basic,Faxquote,Engaging,2017-02-12,322,550,,unknown,550.00,180+ Days,stale_or_review
E887HZT1,Rosalina Dieter,Celia Rouche,West,MG Advanced,Cheers,Engaging,2017-02-12,322,3393,,unknown,3393.00,180+ Days,stale_or_review
CGJ7NRZH,Violet Mclelland,Cara Losch,East,MG Special,,Engaging,2017-02-12,322,55,,unknown,55.00,180+ Days,stale_or_review
SWJ9OOZU,Hayden Neloms,Celia Rouche,West,MG Advanced,Opentech,Engaging,2017-02-13,321,3393,,unknown,3393.00,180+ Days,stale_or_review
B06D1F9M,Vicki Laflamme,Celia Rouche,West,GTXPro,Faxquote,Engaging,2017-02-13,321,,,unknown,0.00,180+ Days,stale_or_review
OZ761BUJ,Violet Mclelland,Cara Losch,East,GTX Basic,,Engaging,2017-02-13,321,550,,unknown,550.00,180+ Days,stale_or_review
SCS5H8V1,Markita Hansen,Celia Rouche,West,GTK 500,Vehement Capital Partners,Engaging,2017-02-14,320,26768,,unknown,26768.00,180+ Days,stale_or_review
81MXE1H7,Markita Hansen,Celia Rouche,West,MG Advanced,Bioholding,Engaging,2017-02-14,320,3393,,unknown,3393.00,180+ Days,stale_or_review
W24IDMVV,Corliss Cosme,Cara Losch,East,GTX Plus Pro,,Engaging,2017-02-15,319,5482,,unknown,5482.00,180+ Days,stale_or_review
JQA8H6M5,Kami Bicknell,Summer Sewald,West,GTX Plus Pro,,Engaging,2017-02-15,319,5482,,unknown,5482.00,180+ Days,stale_or_review
92G1TO7L,Kary Hendrixson,Summer Sewald,West,GTX Basic,,Engaging,2017-02-15,319,550,,unknown,550.00,180+ Days,stale_or_review
FW2XJG9S,Markita Hansen,Celia Rouche,West,GTX Plus Basic,,Engaging,2017-02-15,319,1096,,unknown,1096.00,180+ Days,stale_or_review
SVCKI631,Maureen Marcano,Summer Sewald,West,GTX Basic,,Engaging,2017-02-15,319,550,,unknown,550.00,180+ Days,stale_or_review
VJ5QGP8Z,Maureen Marcano,Summer Sewald,West,MG Advanced,,Engaging,2017-02-15,319,3393,,unknown,3393.00,180+ Days,stale_or_review
R2W96FGX,Zane Levy,Summer Sewald,West,GTX Basic,,Engaging,2017-02-15,319,550,,unknown,550.00,180+ Days,stale_or_review
KM1D04JS,James Ascencio,Summer Sewald,West,GTX Plus Basic,,Engaging,2017-02-16,318,1096,,unknown,1096.00,180+ Days,stale_or_review
BNY8MJ6L,Kary Hendrixson,Summer Sewald,West,GTX Basic,Labdrill,Engaging,2017-02-16,318,550,,unknown,550.00,180+ Days,stale_or_review
INBGKE14,Kary Hendrixson,Summer Sewald,West,GTXPro,,Engaging,2017-02-16,318,,,unknown,0.00,180+ Days,stale_or_review
5KK2SSSB,Rosie Papadopoulos,Cara Losch,East,GTX Basic,,Engaging,2017-02-16,318,550,,unknown,550.00,180+ Days,stale_or_review
V3HVIJLL,Zane Levy,Summer Sewald,West,GTX Basic,,Engaging,2017-02-16,318,550,,unknown,550.00,180+ Days,stale_or_review
AMNKCM1H,Elease Gluck,Celia Rouche,West,MG Special,Betasoloin,Engaging,2017-02-17,317,55,,unknown,55.00,180+ Days,stale_or_review
84LN84VM,Vicki Laflamme,Celia Rouche,West,MG Advanced,,Engaging,2017-02-17,317,3393,,unknown,3393.00,180+ Days,stale_or_review
MU7JWTP6,Cassey Cress,Rocco Neubert,East,MG Special,,Engaging,2017-02-18,316,55,,unknown,55.00,180+ Days,stale_or_review
9HRMW8SL,Daniell Hammack,Rocco Neubert,East,MG Special,,Engaging,2017-02-19,315,55,,unknown,55.00,180+ Days,stale_or_review
WJQ8VD51,Kami Bicknell,Summer Sewald,West,GTX Basic,Faxquote,Engaging,2017-02-19,315,550,,unknown,550.00,180+ Days,stale_or_review
1WHXI2RW,Markita Hansen,Celia Rouche,West,GTX Plus Basic,,Engaging,2017-02-19,315,1096,,unknown,1096.00,180+ Days,stale_or_review
G5JP0G7Q,Markita Hansen,Celia Rouche,West,MG Advanced,,Engaging,2017-02-19,315,3393,,unknown,3393.00,180+ Days,stale_or_review
RVH3UUKY,Vicki Laflamme,Celia Rouche,West,MG Advanced,,Engaging,2017-02-19,315,3393,,unknown,3393.00,180+ Days,stale_or_review
CG9VXPV1,Zane Levy,Summer Sewald,West,GTX Basic,,Engaging,2017-02-19,315,550,,unknown,550.00,180+ Days,stale_or_review
CYWZJ2AI,Kary Hendrixson,Summer Sewald,West,GTX Plus Basic,Donquadtech,Engaging,2017-02-20,314,1096,,unknown,1096.00,180+ Days,stale_or_review
Y7N97FW8,Vicki Laflamme,Celia Rouche,West,GTXPro,,Engaging,2017-02-20,314,,,unknown,0.00,180+ Days,stale_or_review
0IO43YMS,Wilburn Farren,Cara Losch,East,MG Advanced,,Engaging,2017-02-20,314,3393,,unknown,3393.00,180+ Days,stale_or_review
6HG76L6U,Boris Faz,Rocco Neubert,East,GTXPro,,Engaging,2017-02-21,313,,,unknown,0.00,180+ Days,stale_or_review
9SLINQY5,Markita Hansen,Celia Rouche,West,MG Advanced,Newex,Engaging,2017-02-21,313,3393,,unknown,3393.00,180+ Days,stale_or_review
1GIP77EP,Maureen Marcano,Summer Sewald,West,GTX Plus Pro,,Engaging,2017-02-21,313,5482,,unknown,5482.00,180+ Days,stale_or_review
NOLCZMV6,Violet Mclelland,Cara Losch,East,GTXPro,Goodsilron,Engaging,2017-02-21,313,,,unknown,0.00,180+ Days,stale_or_review
B4SIVH1O,Daniell Hammack,Rocco Neubert,East,GTX Basic,Fasehatice,Engaging,2017-02-22,312,550,,unknown,550.00,180+ Days,stale_or_review
ESZY10SI,Hayden Neloms,Celia Rouche,West,MG Advanced,,Engaging,2017-02-22,312,3393,,unknown,3393.00,180+ Days,stale_or_review
Y3CYQGPH,Rosalina Dieter,Celia Rouche,West,GTX Basic,,Engaging,2017-02-22,312,550,,unknown,550.00,180+ Days,stale_or_review
Q19RWR17,Vicki Laflamme,Celia Rouche,West,GTX Basic,Rundofase,Engaging,2017-02-22,312,550,,unknown,550.00,180+ Days,stale_or_review
6PW6ZQEE,Corliss Cosme,Cara Losch,East,GTX Basic,,Engaging,2017-02-23,311,550,,unknown,550.00,180+ Days,stale_or_review
4E5A84H1,Kami Bicknell,Summer Sewald,West,MG Advanced,,Engaging,2017-02-23,311,3393,,unknown,3393.00,180+ Days,stale_or_review
03VCDZEE,Maureen Marcano,Summer Sewald,West,GTXPro,,Engaging,2017-02-23,311,,,unknown,0.00,180+ Days,stale_or_review
7ONH55WT,Cassey Cress,Rocco Neubert,East,GTX Basic,,Engaging,2017-02-24,310,550,,unknown,550.00,180+ Days,stale_or_review
CMKXOOJQ,Corliss Cosme,Cara Losch,East,GTX Basic,,Engaging,2017-02-24,310,550,,unknown,550.00,180+ Days,stale_or_review
NR947OAB,Kami Bicknell,Summer Sewald,West,GTXPro,,Engaging,2017-02-24,310,,,unknown,0.00,180+ Days,stale_or_review
LMKNU8IZ,Markita Hansen,Celia Rouche,West,GTXPro,,Engaging,2017-02-24,310,,,unknown,0.00,180+ Days,stale_or_review
R5RSH4JV,Boris Faz,Rocco Neubert,East,GTX Plus Pro,,Engaging,2017-02-25,309,5482,,unknown,5482.00,180+ Days,stale_or_review
X1D1HYMM,James Ascencio,Summer Sewald,West,GTX Plus Pro,,Engaging,2017-02-25,309,5482,,unknown,5482.00,180+ Days,stale_or_review
GVYF29NM,Violet Mclelland,Cara Losch,East,MG Advanced,,Engaging,2017-02-25,309,3393,,unknown,3393.00,180+ Days,stale_or_review
DN6SG3US,Wilburn Farren,Cara Losch,East,GTX Plus Pro,,Engaging,2017-02-25,309,5482,,unknown,5482.00,180+ Days,stale_or_review
EW28ZONV,Zane Levy,Summer Sewald,West,GTX Plus Basic,,Engaging,2017-02-25,309,1096,,unknown,1096.00,180+ Days,stale_or_review
9E8A7MQ8,Kary Hendrixson,Summer Sewald,West,GTX Plus Pro,Blackzim,Engaging,2017-02-26,308,5482,,unknown,5482.00,180+ Days,stale_or_review
HVZMZW96,Maureen Marcano,Summer Sewald,West,GTX Plus Basic,,Engaging,2017-02-26,308,1096,,unknown,1096.00,180+ Days,stale_or_review
1H1YDS7C,Maureen Marcano,Summer Sewald,West,GTX Plus Basic,,Engaging,2017-02-26,308,1096,,unknown,1096.00,180+ Days,stale_or_review
FZC2J90W,Maureen Marcano,Summer Sewald,West,MG Advanced,Bluth Company,Engaging,2017-02-26,308,3393,,unknown,3393.00,180+ Days,stale_or_review
UI3DE2C4,Zane Levy,Summer Sewald,West,GTX Plus Basic,,Engaging,2017-02-26,308,1096,,unknown,1096.00,180+ Days,stale_or_review
25FUROM1,Daniell Hammack,Rocco Neubert,East,GTX Plus Basic,Y-corporation,Engaging,2017-02-27,307,1096,,unknown,1096.00,180+ Days,stale_or_review
9X2S0K15,Hayden Neloms,Celia Rouche,West,MG Advanced,,Engaging,2017-02-27,307,3393,,unknown,3393.00,180+ Days,stale_or_review
XRZVJPD5,Maureen Marcano,Summer Sewald,West,GTX Plus Basic,,Engaging,2017-02-27,307,1096,,unknown,1096.00,180+ Days,stale_or_review
QDGUWTLU,Rosalina Dieter,Celia Rouche,West,MG Special,,Engaging,2017-02-27,307,55,,unknown,55.00,180+ Days,stale_or_review
JSZZN48S,James Ascencio,Summer Sewald,West,GTX Plus Pro,,Engaging,2017-02-28,306,5482,,unknown,5482.00,180+ Days,stale_or_review
F2B62IW4,Maureen Marcano,Summer Sewald,West,MG Special,Bioplex,Engaging,2017-02-28,306,55,,unknown,55.00,180+ Days,stale_or_review
DEHQTB8B,Boris Faz,Rocco Neubert,East,MG Special,Kinnamplus,Engaging,2017-03-01,305,55,,unknown,55.00,180+ Days,stale_or_review
KVR52YDI,Corliss Cosme,Cara Losch,East,GTXPro,,Engaging,2017-03-01,305,,,unknown,0.00,180+ Days,stale_or_review
STT3X4NB,Violet Mclelland,Cara Losch,East,GTX Basic,Xx-holding,Engaging,2017-03-01,305,550,,unknown,550.00,180+ Days,stale_or_review
XRDF1NAB,Zane Levy,Summer Sewald,West,GTXPro,,Engaging,2017-03-01,305,,,unknown,0.00,180+ Days,stale_or_review
WUNMIJW9,Elease Gluck,Celia Rouche,West,MG Advanced,,Engaging,2017-03-02,304,3393,,unknown,3393.00,180+ Days,stale_or_review
4V9NMGEA,Rosalina Dieter,Celia Rouche,West,GTX Basic,,Engaging,2017-03-02,304,550,,unknown,550.00,180+ Days,stale_or_review
4CXUC4VR,Vicki Laflamme,Celia Rouche,West,GTX Basic,Rantouch,Engaging,2017-03-02,304,550,,unknown,550.00,180+ Days,stale_or_review
79EHWR35,Vicki Laflamme,Celia Rouche,West,GTX Basic,,Engaging,2017-03-02,304,550,,unknown,550.00,180+ Days,stale_or_review
L0GMLGRR,Vicki Laflamme,Celia Rouche,West,MG Special,,Engaging,2017-03-02,304,55,,unknown,55.00,180+ Days,stale_or_review
D3ZC338T,Zane Levy,Summer Sewald,West,GTX Basic,,Engaging,2017-03-02,304,550,,unknown,550.00,180+ Days,stale_or_review
QRQ8C6MQ,Cassey Cress,Rocco Neubert,East,GTXPro,Globex Corporation,Engaging,2017-03-03,303,,,unknown,0.00,180+ Days,stale_or_review
ZG8WPG99,Kary Hendrixson,Summer Sewald,West,GTXPro,,Engaging,2017-03-03,303,,,unknown,0.00,180+ Days,stale_or_review
U7M26UZV,Vicki Laflamme,Celia Rouche,West,MG Special,,Engaging,2017-03-03,303,55,,unknown,55.00,180+ Days,stale_or_review
TV300INP,Wilburn Farren,Cara Losch,East,GTX Plus Pro,,Engaging,2017-03-03,303,5482,,unknown,5482.00,180+ Days,stale_or_review
KBQ16F1I,Zane Levy,Summer Sewald,West,GTX Basic,,Engaging,2017-03-03,303,550,,unknown,550.00,180+ Days,stale_or_review
FYN7C0CV,Cassey Cress,Rocco Neubert,East,MG Advanced,,Engaging,2017-03-04,302,3393,,unknown,3393.00,180+ Days,stale_or_review
5JDWBOLS,Daniell Hammack,Rocco Neubert,East,GTX Basic,,Engaging,2017-03-04,302,550,,unknown,550.00,180+ Days,stale_or_review
7TI1WTV9,Zane Levy,Summer Sewald,West,GTXPro,Acme Corporation,Engaging,2017-03-04,302,,,unknown,0.00,180+ Days,stale_or_review
01EH41WA,Zane Levy,Summer Sewald,West,GTXPro,,Engaging,2017-03-04,302,,,unknown,0.00,180+ Days,stale_or_review
71GQNH5T,Cassey Cress,Rocco Neubert,East,MG Advanced,,Engaging,2017-03-05,301,3393,,unknown,3393.00,180+ Days,stale_or_review
LSA39JBG,Daniell Hammack,Rocco Neubert,East,GTX Basic,,Engaging,2017-03-05,301,550,,unknown,550.00,180+ Days,stale_or_review
AKTPC3M1,Kami Bicknell,Summer Sewald,West,GTX Basic,,Engaging,2017-03-05,301,550,,unknown,550.00,180+ Days,stale_or_review
JA5G7YBO,Markita Hansen,Celia Rouche,West,MG Special,Blackzim,Engaging,2017-03-05,301,55,,unknown,55.00,180+ Days,stale_or_review
CZ8PPZTC,Rosie Papadopoulos,Cara Losch,East,MG Special,Bioplex,Engaging,2017-03-05,301,55,,unknown,55.00,180+ Days,stale_or_review
YQ0Y0YQS,Violet Mclelland,Cara Losch,East,MG Advanced,Newex,Engaging,2017-03-05,301,3393,,unknown,3393.00,180+ Days,stale_or_review
5Z8S8UHK,Cassey Cress,Rocco Neubert,East,GTX Basic,,Engaging,2017-03-06,300,550,,unknown,550.00,180+ Days,stale_or_review
NMKAJZJ4,Kary Hendrixson,Summer Sewald,West,MG Special,,Engaging,2017-03-06,300,55,,unknown,55.00,180+ Days,stale_or_review
SX0SSL0H,Rosie Papadopoulos,Cara Losch,East,GTX Plus Basic,,Engaging,2017-03-06,300,1096,,unknown,1096.00,180+ Days,stale_or_review
I7BWM5O0,Violet Mclelland,Cara Losch,East,MG Special,Warephase,Engaging,2017-03-06,300,55,,unknown,55.00,180+ Days,stale_or_review
6F79VYH8,Boris Faz,Rocco Neubert,East,GTX Basic,,Engaging,2017-03-07,299,550,,unknown,550.00,180+ Days,stale_or_review
ZQ4QTT1Z,Boris Faz,Rocco Neubert,East,GTX Plus Basic,,Engaging,2017-03-07,299,1096,,unknown,1096.00,180+ Days,stale_or_review
9A4H9IAC,James Ascencio,Summer Sewald,West,GTX Plus Basic,,Engaging,2017-03-07,299,1096,,unknown,1096.00,180+ Days,stale_or_review
ZTLLHCBU,Kary Hendrixson,Summer Sewald,West,GTX Basic,Dontechi,Engaging,2017-03-07,299,550,,unknown,550.00,180+ Days,stale_or_review
SLYFFVBE,Maureen Marcano,Summer Sewald,West,GTX Plus Basic,Blackzim,Engaging,2017-03-07,299,1096,,unknown,1096.00,180+ Days,stale_or_review
NCMT5KK3,Vicki Laflamme,Celia Rouche,West,GTX Basic,Dalttechnology,Engaging,2017-03-07,299,550,,unknown,550.00,180+ Days,stale_or_review
81FNO0VM,Wilburn Farren,Cara Losch,East,GTX Plus Basic,,Engaging,2017-03-07,299,1096,,unknown,1096.00,180+ Days,stale_or_review
RFQP9VCW,Wilburn Farren,Cara Losch,East,MG Advanced,,Engaging,2017-03-07,299,3393,,unknown,3393.00,180+ Days,stale_or_review
NGCM47PC,Zane Levy,Summer Sewald,West,GTXPro,,Engaging,2017-03-07,299,,,unknown,0.00,180+ Days,stale_or_review
JDXSS1HT,Markita Hansen,Celia Rouche,West,GTX Basic,Silis,Engaging,2017-03-08,298,550,,unknown,550.00,180+ Days,stale_or_review
T1F2I8ED,Corliss Cosme,Cara Losch,East,GTX Plus Basic,,Engaging,2017-03-09,297,1096,,unknown,1096.00,180+ Days,stale_or_review
26CH1NDR,Daniell Hammack,Rocco Neubert,East,GTX Basic,Mathtouch,Engaging,2017-03-09,297,550,,unknown,550.00,180+ Days,stale_or_review
ISAWVDYZ,Daniell Hammack,Rocco Neubert,East,GTX Basic,,Engaging,2017-03-09,297,550,,unknown,550.00,180+ Days,stale_or_review
LJBQ7P0V,James Ascencio,Summer Sewald,West,MG Special,Zotware,Engaging,2017-03-09,297,55,,unknown,55.00,180+ Days,stale_or_review
ZRYPU2QW,James Ascencio,Summer Sewald,West,MG Advanced,,Engaging,2017-03-09,297,3393,,unknown,3393.00,180+ Days,stale_or_review
0A1LN7GB,Violet Mclelland,Cara Losch,East,MG Special,,Engaging,2017-03-09,297,55,,unknown,55.00,180+ Days,stale_or_review
1B27CZ2M,James Ascencio,Summer Sewald,West,GTX Plus Pro,,Engaging,2017-03-10,296,5482,,unknown,5482.00,180+ Days,stale_or_review
839AMI93,Kary Hendrixson,Summer Sewald,West,GTX Basic,,Engaging,2017-03-10,296,550,,unknown,550.00,180+ Days,stale_or_review
BFGASJAW,Kary Hendrixson,Summer Sewald,West,GTX Basic,,Engaging,2017-03-10,296,550,,unknown,550.00,180+ Days,stale_or_review
5XPYFICK,Rosie Papadopoulos,Cara Losch,East,MG Special,Inity,Engaging,2017-03-10,296,55,,unknown,55.00,180+ Days,stale_or_review
ILR33OAV,James Ascencio,Summer Sewald,West,MG Advanced,,Engaging,2017-03-11,295,3393,,unknown,3393.00,180+ Days,stale_or_review
BY2L60V1,Zane Levy,Summer Sewald,West,MG Special,,Engaging,2017-03-11,295,55,,unknown,55.00,180+ Days,stale_or_review
73HO9OZC,Cassey Cress,Rocco Neubert,East,GTX Basic,Finjob,Engaging,2017-03-12,294,550,,unknown,550.00,180+ Days,stale_or_review
3E4VTH6E,Hayden Neloms,Celia Rouche,West,MG Special,Hatfan,Engaging,2017-03-12,294,55,,unknown,55.00,180+ Days,stale_or_review
QHJ3W8FW,Kami Bicknell,Summer Sewald,West,GTXPro,,Engaging,2017-03-12,294,,,unknown,0.00,180+ Days,stale_or_review
Y28VHZKQ,Cassey Cress,Rocco Neubert,East,MG Advanced,,Engaging,2017-03-13,293,3393,,unknown,3393.00,180+ Days,stale_or_review
F5I33E1I,Elease Gluck,Celia Rouche,West,MG Special,Sumace,Engaging,2017-03-13,293,55,,unknown,55.00,180+ Days,stale_or_review
4IT33RBO,Markita Hansen,Celia Rouche,West,GTX Basic,,Engaging,2017-03-13,293,550,,unknown,550.00,180+ Days,stale_or_review
7VKQWIXD,Boris Faz,Rocco Neubert,East,GTX Plus Basic,,Engaging,2017-03-14,292,1096,,unknown,1096.00,180+ Days,stale_or_review
V74O6XQT,Daniell Hammack,Rocco Neubert,East,GTXPro,,Engaging,2017-03-14,292,,,unknown,0.00,180+ Days,stale_or_review
MRCYKUX4,Hayden Neloms,Celia Rouche,West,MG Advanced,,Engaging,2017-03-14,292,3393,,unknown,3393.00,180+ Days,stale_or_review
3PVNGGBX,Markita Hansen,Celia Rouche,West,GTX Basic,The New York Inquirer,Engaging,2017-03-14,292,550,,unknown,550.00,180+ Days,stale_or_review
MN6E59H6,Markita Hansen,Celia Rouche,West,GTX Plus Pro,,Engaging,2017-03-14,292,5482,,unknown,5482.00,180+ Days,stale_or_review
V4XHHFO3,Elease Gluck,Celia Rouche,West,GTX Basic,Blackzim,Engaging,2017-03-15,291,550,,unknown,550.00,180+ Days,stale_or_review
7PXJ92C5,Kary Hendrixson,Summer Sewald,West,GTXPro,,Engaging,2017-03-15,291,,,unknown,0.00,180+ Days,stale_or_review
4XZ4RY1N,Wilburn Farren,Cara Losch,East,GTX Plus Basic,,Engaging,2017-03-15,291,1096,,unknown,1096.00,180+ Days,stale_or_review
Z0RLNFVY,Boris Faz,Rocco Neubert,East,GTX Plus Basic,,Engaging,2017-03-16,290,1096,,unknown,1096.00,180+ Days,stale_or_review
RQULJHTU,Daniell Hammack,Rocco Neubert,East,GTX Plus Pro,,Engaging,2017-03-16,290,5482,,unknown,5482.00,180+ Days,stale_or_review
GK1NH8G7,Kami Bicknell,Summer Sewald,West,GTX Basic,Iselectrics,Engaging,2017-03-16,290,550,,unknown,550.00,180+ Days,stale_or_review
OPCLCCQH,Kami Bicknell,Summer Sewald,West,GTX Plus Basic,Konex,Engaging,2017-03-16,290,1096,,unknown,1096.00,180+ Days,stale_or_review
WFCEPHD3,Markita Hansen,Celia Rouche,West,GTXPro,,Engaging,2017-03-16,290,,,unknown,0.00,180+ Days,stale_or_review
AF7XJNED,Rosie Papadopoulos,Cara Losch,East,GTX Plus Pro,,Engaging,2017-03-16,290,5482,,unknown,5482.00,180+ Days,stale_or_review
EJDHOY6M,Corliss Cosme,Cara Losch,East,GTX Basic,,Engaging,2017-03-17,289,550,,unknown,550.00,180+ Days,stale_or_review
DF1011UT,Corliss Cosme,Cara Losch,East,GTX Plus Basic,Konmatfix,Engaging,2017-03-17,289,1096,,unknown,1096.00,180+ Days,stale_or_review
IBS3H6Z4,Hayden Neloms,Celia Rouche,West,GTX Plus Basic,,Engaging,2017-03-17,289,1096,,unknown,1096.00,180+ Days,stale_or_review
04YGLJ3N,Kary Hendrixson,Summer Sewald,West,GTX Plus Pro,,Engaging,2017-03-17,289,5482,,unknown,5482.00,180+ Days,stale_or_review
IN9S33CD,Rosalina Dieter,Celia Rouche,West,GTX Plus Pro,Finhigh,Engaging,2017-03-17,289,5482,,unknown,5482.00,180+ Days,stale_or_review
1GT10YJD,Vicki Laflamme,Celia Rouche,West,GTX Plus Pro,,Engaging,2017-03-17,289,5482,,unknown,5482.00,180+ Days,stale_or_review
4UZCVHEV,Violet Mclelland,Cara Losch,East,GTX Basic,,Engaging,2017-03-17,289,550,,unknown,550.00,180+ Days,stale_or_review
DJH67UIZ,Violet Mclelland,Cara Losch,East,MG Special,,Engaging,2017-03-17,289,55,,unknown,55.00,180+ Days,stale_or_review
7VGJ2B7O,Violet Mclelland,Cara Losch,East,MG Special,,Engaging,2017-03-17,289,55,,unknown,55.00,180+ Days,stale_or_review
H2IOHZ8R,James Ascencio,Summer Sewald,West,GTX Basic,,Engaging,2017-03-18,288,550,,unknown,550.00,180+ Days,stale_or_review
I7MDOGGU,Maureen Marcano,Summer Sewald,West,GTX Basic,,Engaging,2017-03-18,288,550,,unknown,550.00,180+ Days,stale_or_review
10IY4PV4,Rosalina Dieter,Celia Rouche,West,MG Advanced,,Engaging,2017-03-18,288,3393,,unknown,3393.00,180+ Days,stale_or_review
A1TDRYHZ,Rosie Papadopoulos,Cara Losch,East,MG Advanced,Rangreen,Engaging,2017-03-18,288,3393,,unknown,3393.00,180+ Days,stale_or_review
2JY9SQ2L,Vicki Laflamme,Celia Rouche,West,MG Special,,Engaging,2017-03-18,288,55,,unknown,55.00,180+ Days,stale_or_review
3N3RAHXR,Cassey Cress,Rocco Neubert,East,GTX Plus Basic,Nam-zim,Engaging,2017-03-19,287,1096,,unknown,1096.00,180+ Days,stale_or_review
RACLHBXN,Daniell Hammack,Rocco Neubert,East,GTX Plus Basic,,Engaging,2017-03-19,287,1096,,unknown,1096.00,180+ Days,stale_or_review
THKCN7HU,Kary Hendrixson,Summer Sewald,West,GTX Basic,,Engaging,2017-03-19,287,550,,unknown,550.00,180+ Days,stale_or_review
PD2198ZH,Zane Levy,Summer Sewald,West,GTXPro,,Engaging,2017-03-19,287,,,unknown,0.00,180+ Days,stale_or_review
ALHQU8W8,Corliss Cosme,Cara Losch,East,GTX Basic,Plexzap,Engaging,2017-03-20,286,550,,unknown,550.00,180+ Days,stale_or_review
K72CEXGZ,Maureen Marcano,Summer Sewald,West,GTX Plus Basic,,Engaging,2017-03-20,286,1096,,unknown,1096.00,180+ Days,stale_or_review
P1SGQODJ,Boris Faz,Rocco Neubert,East,GTX Plus Basic,Rangreen,Engaging,2017-03-21,285,1096,,unknown,1096.00,180+ Days,stale_or_review
5C8HCDXT,Wilburn Farren,Cara Losch,East,MG Advanced,,Engaging,2017-03-21,285,3393,,unknown,3393.00,180+ Days,stale_or_review
9FPDDSIJ,Cassey Cress,Rocco Neubert,East,GTXPro,,Engaging,2017-03-22,284,,,unknown,0.00,180+ Days,stale_or_review
4RDJBBB6,Daniell Hammack,Rocco Neubert,East,MG Special,,Engaging,2017-03-22,284,55,,unknown,55.00,180+ Days,stale_or_review
GZCWM6GK,Elease Gluck,Celia Rouche,West,MG Special,Statholdings,Engaging,2017-03-22,284,55,,unknown,55.00,180+ Days,stale_or_review
3JUL12VK,Kami Bicknell,Summer Sewald,West,GTX Basic,,Engaging,2017-03-22,284,550,,unknown,550.00,180+ Days,stale_or_review
9Y85N0W5,Markita Hansen,Celia Rouche,West,MG Advanced,,Engaging,2017-03-22,284,3393,,unknown,3393.00,180+ Days,stale_or_review
8GE7FY98,Violet Mclelland,Cara Losch,East,GTXPro,,Engaging,2017-03-22,284,,,unknown,0.00,180+ Days,stale_or_review
4U9D1IZ5,Zane Levy,Summer Sewald,West,GTX Basic,,Engaging,2017-03-22,284,550,,unknown,550.00,180+ Days,stale_or_review
PO158L29,Cassey Cress,Rocco Neubert,East,GTX Basic,Blackzim,Engaging,2017-03-23,283,550,,unknown,550.00,180+ Days,stale_or_review
ODGKZEVV,Kary Hendrixson,Summer Sewald,West,GTXPro,,Engaging,2017-03-23,283,,,unknown,0.00,180+ Days,stale_or_review
M41NS5DN,Cassey Cress,Rocco Neubert,East,GTX Plus Pro,,Engaging,2017-03-24,282,5482,,unknown,5482.00,180+ Days,stale_or_review
QIHWKCFK,Cassey Cress,Rocco Neubert,East,MG Advanced,Singletechno,Engaging,2017-03-24,282,3393,,unknown,3393.00,180+ Days,stale_or_review
GEJLL5L3,Corliss Cosme,Cara Losch,East,GTX Basic,,Engaging,2017-03-24,282,550,,unknown,550.00,180+ Days,stale_or_review
KMB8TJ0I,Hayden Neloms,Celia Rouche,West,MG Advanced,,Engaging,2017-03-24,282,3393,,unknown,3393.00,180+ Days,stale_or_review
CR6ZLEWC,Kary Hendrixson,Summer Sewald,West,GTX Plus Pro,,Engaging,2017-03-24,282,5482,,unknown,5482.00,180+ Days,stale_or_review
YB20NWM1,Vicki Laflamme,Celia Rouche,West,MG Special,,Engaging,2017-03-24,282,55,,unknown,55.00,180+ Days,stale_or_review
43LFUTVM,Zane Levy,Summer Sewald,West,GTX Plus Pro,,Engaging,2017-03-24,282,5482,,unknown,5482.00,180+ Days,stale_or_review
CMS1HUGL,Cassey Cress,Rocco Neubert,East,MG Advanced,,Engaging,2017-03-25,281,3393,,unknown,3393.00,180+ Days,stale_or_review
6R6S91WE,Daniell Hammack,Rocco Neubert,East,GTXPro,,Engaging,2017-03-25,281,,,unknown,0.00,180+ Days,stale_or_review
3T64Z7DB,Kami Bicknell,Summer Sewald,West,GTX Basic,,Engaging,2017-03-25,281,550,,unknown,550.00,180+ Days,stale_or_review
3F2ZPCSL,Kary Hendrixson,Summer Sewald,West,GTX Plus Basic,,Engaging,2017-03-25,281,1096,,unknown,1096.00,180+ Days,stale_or_review
XFB1VXQY,Maureen Marcano,Summer Sewald,West,MG Advanced,,Engaging,2017-03-25,281,3393,,unknown,3393.00,180+ Days,stale_or_review
TJ03NDNX,Violet Mclelland,Cara Losch,East,MG Advanced,Iselectrics,Engaging,2017-03-25,281,3393,,unknown,3393.00,180+ Days,stale_or_review
VRYR5A81,Wilburn Farren,Cara Losch,East,GTX Basic,Finhigh,Engaging,2017-03-25,281,550,,unknown,550.00,180+ Days,stale_or_review
J6OQS0AU,Hayden Neloms,Celia Rouche,West,MG Advanced,,Engaging,2017-03-26,280,3393,,unknown,3393.00,180+ Days,stale_or_review
97PFKCPG,James Ascencio,Summer Sewald,West,GTXPro,,Engaging,2017-03-26,280,,,unknown,0.00,180+ Days,stale_or_review
FB9M4FR7,James Ascencio,Summer Sewald,West,MG Special,,Engaging,2017-03-26,280,55,,unknown,55.00,180+ Days,stale_or_review
5G4I94TF,Kary Hendrixson,Summer Sewald,West,GTX Plus Pro,Statholdings,Engaging,2017-03-26,280,5482,,unknown,5482.00,180+ Days,stale_or_review
0QPZIIPF,Vicki Laflamme,Celia Rouche,West,GTX Plus Basic,Donware,Engaging,2017-03-27,279,1096,,unknown,1096.00,180+ Days,stale_or_review
DFFEQ87N,Maureen Marcano,Summer Sewald,West,MG Special,Scottech,Engaging,2017-03-28,278,55,,unknown,55.00,180+ Days,stale_or_review
BXK5HGEY,Vicki Laflamme,Celia Rouche,West,MG Special,,Engaging,2017-03-28,278,55,,unknown,55.00,180+ Days,stale_or_review
XXUGTDX7,Vicki Laflamme,Celia Rouche,West,MG Special,,Engaging,2017-03-28,278,55,,unknown,55.00,180+ Days,stale_or_review
LWXHKI88,Vicki Laflamme,Celia Rouche,West,MG Special,,Engaging,2017-03-28,278,55,,unknown,55.00,180+ Days,stale_or_review
I6U62W0R,Kami Bicknell,Summer Sewald,West,GTX Basic,,Engaging,2017-03-29,277,550,,unknown,550.00,180+ Days,stale_or_review
EB89ONZN,Kary Hendrixson,Summer Sewald,West,GTXPro,Funholding,Engaging,2017-03-29,277,,,unknown,0.00,180+ Days,stale_or_review
NFMCPYOV,Rosie Papadopoulos,Cara Losch,East,GTX Basic,Finjob,Engaging,2017-03-30,276,550,,unknown,550.00,180+ Days,stale_or_review
2VDN72EP,Vicki Laflamme,Celia Rouche,West,GTX Basic,,Engaging,2017-03-30,276,550,,unknown,550.00,180+ Days,stale_or_review
Z9QZKUV5,Zane Levy,Summer Sewald,West,GTX Basic,Zumgoity,Engaging,2017-03-30,276,550,,unknown,550.00,180+ Days,stale_or_review
WW1WV7IT,Cassey Cress,Rocco Neubert,East,GTXPro,Cancity,Engaging,2017-03-31,275,,,unknown,0.00,180+ Days,stale_or_review
T0VJ4AMX,Corliss Cosme,Cara Losch,East,GTX Basic,Green-Plus,Engaging,2017-03-31,275,550,,unknown,550.00,180+ Days,stale_or_review
WLS5J30E,Elease Gluck,Celia Rouche,West,MG Special,Inity,Engaging,2017-03-31,275,55,,unknown,55.00,180+ Days,stale_or_review
LIQZNH9U,Kary Hendrixson,Summer Sewald,West,GTX Plus Pro,,Engaging,2017-03-31,275,5482,,unknown,5482.00,180+ Days,stale_or_review
P9LE92UR,Kary Hendrixson,Summer Sewald,West,MG Special,,Engaging,2017-03-31,275,55,,unknown,55.00,180+ Days,stale_or_review
DOGKQHQP,Vicki Laflamme,Celia Rouche,West,GTXPro,,Engaging,2017-03-31,275,,,unknown,0.00,180+ Days,stale_or_review
G3SJ8X1K,Violet Mclelland,Cara Losch,East,MG Advanced,,Engaging,2017-03-31,275,3393,,unknown,3393.00,180+ Days,stale_or_review
JW4Q5F4Z,Cassey Cress,Rocco Neubert,East,MG Special,,Engaging,2017-04-01,274,55,,unknown,55.00,180+ Days,stale_or_review
KKRJ6TBY,Daniell Hammack,Rocco Neubert,East,GTXPro,Scotfind,Engaging,2017-04-01,274,,,unknown,0.00,180+ Days,stale_or_review
MIY4MF3R,Hayden Neloms,Celia Rouche,West,MG Advanced,,Engaging,2017-04-01,274,3393,,unknown,3393.00,180+ Days,stale_or_review
YLK0MRJ3,Kary Hendrixson,Summer Sewald,West,GTX Basic,Iselectrics,Engaging,2017-04-01,274,550,,unknown,550.00,180+ Days,stale_or_review
H6I16U57,Rosie Papadopoulos,Cara Losch,East,MG Advanced,Sunnamplex,Engaging,2017-04-01,274,3393,,unknown,3393.00,180+ Days,stale_or_review
20CVXRTX,Vicki Laflamme,Celia Rouche,West,GTXPro,Kinnamplus,Engaging,2017-04-01,274,,,unknown,0.00,180+ Days,stale_or_review
VK9KN5PT,Boris Faz,Rocco Neubert,East,MG Advanced,,Engaging,2017-04-02,273,3393,,unknown,3393.00,180+ Days,stale_or_review
DQ7GS2BN,James Ascencio,Summer Sewald,West,GTX Plus Pro,,Engaging,2017-04-02,273,5482,,unknown,5482.00,180+ Days,stale_or_review
D5VY17OP,Kami Bicknell,Summer Sewald,West,GTXPro,,Engaging,2017-04-02,273,,,unknown,0.00,180+ Days,stale_or_review
BED55OSG,Markita Hansen,Celia Rouche,West,GTXPro,,Engaging,2017-04-02,273,,,unknown,0.00,180+ Days,stale_or_review
H5VBBEVI,Cassey Cress,Rocco Neubert,East,GTX Plus Basic,,Engaging,2017-04-03,272,1096,,unknown,1096.00,180+ Days,stale_or_review
MB7G8DWS,Cassey Cress,Rocco Neubert,East,GTX Plus Pro,,Engaging,2017-04-03,272,5482,,unknown,5482.00,180+ Days,stale_or_review
2HS1C21I,Elease Gluck,Celia Rouche,West,GTXPro,,Engaging,2017-04-03,272,,,unknown,0.00,180+ Days,stale_or_review
Q2BB73WT,Hayden Neloms,Celia Rouche,West,GTX Plus Basic,,Engaging,2017-04-03,272,1096,,unknown,1096.00,180+ Days,stale_or_review
8TRT2HNF,Markita Hansen,Celia Rouche,West,GTX Basic,Green-Plus,Engaging,2017-04-03,272,550,,unknown,550.00,180+ Days,stale_or_review
ZLN48IIP,Markita Hansen,Celia Rouche,West,GTX Basic,Iselectrics,Engaging,2017-04-03,272,550,,unknown,550.00,180+ Days,stale_or_review
HVT28XPH,Vicki Laflamme,Celia Rouche,West,MG Special,,Engaging,2017-04-03,272,55,,unknown,55.00,180+ Days,stale_or_review
VM0MHPAO,Wilburn Farren,Cara Losch,East,MG Special,,Engaging,2017-04-03,272,55,,unknown,55.00,180+ Days,stale_or_review
LXZD2PZD,Corliss Cosme,Cara Losch,East,GTX Plus Pro,,Engaging,2017-04-04,271,5482,,unknown,5482.00,180+ Days,stale_or_review
BPOTQCFG,Elease Gluck,Celia Rouche,West,MG Special,,Engaging,2017-04-04,271,55,,unknown,55.00,180+ Days,stale_or_review
XM4VD3NN,Markita Hansen,Celia Rouche,West,GTX Plus Basic,,Engaging,2017-04-04,271,1096,,unknown,1096.00,180+ Days,stale_or_review
D62905BC,Maureen Marcano,Summer Sewald,West,GTX Plus Pro,,Engaging,2017-04-04,271,5482,,unknown,5482.00,180+ Days,stale_or_review
9ILB20UV,Markita Hansen,Celia Rouche,West,MG Special,,Engaging,2017-04-05,270,55,,unknown,55.00,180+ Days,stale_or_review
PNO7D8PD,Zane Levy,Summer Sewald,West,GTX Basic,,Engaging,2017-04-05,270,550,,unknown,550.00,180+ Days,stale_or_review
2GV66JA7,Daniell Hammack,Rocco Neubert,East,MG Advanced,,Engaging,2017-04-06,269,3393,,unknown,3393.00,180+ Days,stale_or_review
AKMV6WN5,Elease Gluck,Celia Rouche,West,GTK 500,,Engaging,2017-04-06,269,26768,,unknown,26768.00,180+ Days,stale_or_review
HPIKEMB9,Elease Gluck,Celia Rouche,West,MG Special,,Engaging,2017-04-06,269,55,,unknown,55.00,180+ Days,stale_or_review
U0E0XHK9,Hayden Neloms,Celia Rouche,West,MG Advanced,,Engaging,2017-04-06,269,3393,,unknown,3393.00,180+ Days,stale_or_review
8254HM4E,Kami Bicknell,Summer Sewald,West,GTX Plus Basic,,Engaging,2017-04-06,269,1096,,unknown,1096.00,180+ Days,stale_or_review
QCNOCX0P,Boris Faz,Rocco Neubert,East,GTXPro,,Engaging,2017-04-07,268,,,unknown,0.00,180+ Days,stale_or_review
M9V8824W,Corliss Cosme,Cara Losch,East,MG Advanced,,Engaging,2017-04-07,268,3393,,unknown,3393.00,180+ Days,stale_or_review
UUGY3W44,Kary Hendrixson,Summer Sewald,West,GTX Basic,,Engaging,2017-04-07,268,550,,unknown,550.00,180+ Days,stale_or_review
BHHDOY2E,Kary Hendrixson,Summer Sewald,West,MG Advanced,,Engaging,2017-04-07,268,3393,,unknown,3393.00,180+ Days,stale_or_review
XDECB9X2,Vicki Laflamme,Celia Rouche,West,GTX Basic,,Engaging,2017-04-07,268,550,,unknown,550.00,180+ Days,stale_or_review
GL95LARP,Cassey Cress,Rocco Neubert,East,GTXPro,,Engaging,2017-04-08,267,,,unknown,0.00,180+ Days,stale_or_review
FM505XD5,Daniell Hammack,Rocco Neubert,East,GTX Plus Pro,Y-corporation,Engaging,2017-04-08,267,5482,,unknown,5482.00,180+ Days,stale_or_review
J6F10SFK,Markita Hansen,Celia Rouche,West,MG Advanced,,Engaging,2017-04-08,267,3393,,unknown,3393.00,180+ Days,stale_or_review
U4IJO6SL,Vicki Laflamme,Celia Rouche,West,GTXPro,,Engaging,2017-04-08,267,,,unknown,0.00,180+ Days,stale_or_review
PVLGUIEN,Corliss Cosme,Cara Losch,East,MG Advanced,,Engaging,2017-04-09,266,3393,,unknown,3393.00,180+ Days,stale_or_review
45B6VA2Y,Violet Mclelland,Cara Losch,East,MG Special,,Engaging,2017-04-09,266,55,,unknown,55.00,180+ Days,stale_or_review
SKBDCYV5,Zane Levy,Summer Sewald,West,GTX Plus Basic,Zencorporation,Engaging,2017-04-09,266,1096,,unknown,1096.00,180+ Days,stale_or_review
XQ0N9T87,Hayden Neloms,Celia Rouche,West,MG Advanced,,Engaging,2017-04-10,265,3393,,unknown,3393.00,180+ Days,stale_or_review
IKU97NEU,Markita Hansen,Celia Rouche,West,MG Advanced,Funholding,Engaging,2017-04-10,265,3393,,unknown,3393.00,180+ Days,stale_or_review
456BP2X7,Zane Levy,Summer Sewald,West,MG Advanced,,Engaging,2017-04-10,265,3393,,unknown,3393.00,180+ Days,stale_or_review
J58BUYQH,Kary Hendrixson,Summer Sewald,West,GTX Plus Basic,,Engaging,2017-04-11,264,1096,,unknown,1096.00,180+ Days,stale_or_review
FN1QX0BQ,Violet Mclelland,Cara Losch,East,MG Special,,Engaging,2017-04-11,264,55,,unknown,55.00,180+ Days,stale_or_review
7Y530NLJ,Boris Faz,Rocco Neubert,East,GTX Plus Basic,Genco Pura Olive Oil Company,Engaging,2017-04-12,263,1096,,unknown,1096.00,180+ Days,stale_or_review
CVFUMOK9,Corliss Cosme,Cara Losch,East,GTX Plus Pro,Rangreen,Engaging,2017-04-12,263,5482,,unknown,5482.00,180+ Days,stale_or_review
R0CLLIH9,Kary Hendrixson,Summer Sewald,West,GTXPro,,Engaging,2017-04-12,263,,,unknown,0.00,180+ Days,stale_or_review
X8GGF9MG,Rosalina Dieter,Celia Rouche,West,MG Special,Dontechi,Engaging,2017-04-12,263,55,,unknown,55.00,180+ Days,stale_or_review
3P7QQSVF,Vicki Laflamme,Celia Rouche,West,MG Special,,Engaging,2017-04-12,263,55,,unknown,55.00,180+ Days,stale_or_review
PGXIPGDM,Vicki Laflamme,Celia Rouche,West,MG Advanced,Lexiqvolax,Engaging,2017-04-12,263,3393,,unknown,3393.00,180+ Days,stale_or_review
Z7OH4GWO,Kami Bicknell,Summer Sewald,West,GTXPro,,Engaging,2017-04-13,262,,,unknown,0.00,180+ Days,stale_or_review
81G840FM,Zane Levy,Summer Sewald,West,GTX Basic,,Engaging,2017-04-13,262,550,,unknown,550.00,180+ Days,stale_or_review
U5K2MZB6,Zane Levy,Summer Sewald,West,MG Advanced,,Engaging,2017-04-13,262,3393,,unknown,3393.00,180+ Days,stale_or_review
ZVAZKWF3,Kami Bicknell,Summer Sewald,West,GTXPro,,Engaging,2017-04-14,261,,,unknown,0.00,180+ Days,stale_or_review
6S2ABHZS,Markita Hansen,Celia Rouche,West,GTX Basic,,Engaging,2017-04-14,261,550,,unknown,550.00,180+ Days,stale_or_review
COM9RNBL,Markita Hansen,Celia Rouche,West,MG Special,,Engaging,2017-04-14,261,55,,unknown,55.00,180+ Days,stale_or_review
K6M3EX4O,Kami Bicknell,Summer Sewald,West,GTX Plus Basic,,Engaging,2017-04-15,260,1096,,unknown,1096.00,180+ Days,stale_or_review
LWPFQ1UA,Kary Hendrixson,Summer Sewald,West,GTX Basic,,Engaging,2017-04-15,260,550,,unknown,550.00,180+ Days,stale_or_review
ANRCHVJM,Violet Mclelland,Cara Losch,East,MG Special,Plusstrip,Engaging,2017-04-15,260,55,,unknown,55.00,180+ Days,stale_or_review
10AEGW41,Kary Hendrixson,Summer Sewald,West,GTXPro,,Engaging,2017-04-16,259,,,unknown,0.00,180+ Days,stale_or_review
6G6ZCKSB,Vicki Laflamme,Celia Rouche,West,GTXPro,,Engaging,2017-04-16,259,,,unknown,0.00,180+ Days,stale_or_review
GACPNKGI,Elease Gluck,Celia Rouche,West,MG Special,,Engaging,2017-04-17,258,55,,unknown,55.00,180+ Days,stale_or_review
E4082SMQ,James Ascencio,Summer Sewald,West,GTX Basic,,Engaging,2017-04-17,258,550,,unknown,550.00,180+ Days,stale_or_review
LSVGDJ1A,Kary Hendrixson,Summer Sewald,West,GTX Plus Pro,,Engaging,2017-04-17,258,5482,,unknown,5482.00,180+ Days,stale_or_review
2LSNRT4U,Kary Hendrixson,Summer Sewald,West,GTXPro,,Engaging,2017-04-17,258,,,unknown,0.00,180+ Days,stale_or_review
C9330YF1,Markita Hansen,Celia Rouche,West,GTX Basic,Blackzim,Engaging,2017-04-17,258,550,,unknown,550.00,180+ Days,stale_or_review
QD8F0CI6,Rosalina Dieter,Celia Rouche,West,GTX Basic,,Engaging,2017-04-17,258,550,,unknown,550.00,180+ Days,stale_or_review
7K0S2P6K,Rosalina Dieter,Celia Rouche,West,GTXPro,,Engaging,2017-04-17,258,,,unknown,0.00,180+ Days,stale_or_review
DJMPI9TO,Elease Gluck,Celia Rouche,West,GTK 500,Xx-zobam,Engaging,2017-04-18,257,26768,,unknown,26768.00,180+ Days,stale_or_review
U6XJRWV8,James Ascencio,Summer Sewald,West,MG Advanced,,Engaging,2017-04-18,257,3393,,unknown,3393.00,180+ Days,stale_or_review
BYF6ABTZ,Kary Hendrixson,Summer Sewald,West,GTX Plus Pro,Opentech,Engaging,2017-04-18,257,5482,,unknown,5482.00,180+ Days,stale_or_review
K8LRZ95S,Maureen Marcano,Summer Sewald,West,GTX Plus Basic,,Engaging,2017-04-18,257,1096,,unknown,1096.00,180+ Days,stale_or_review
Q8BZ3PC9,Rosie Papadopoulos,Cara Losch,East,GTX Plus Pro,,Engaging,2017-04-18,257,5482,,unknown,5482.00,180+ Days,stale_or_review
49ZS7GTS,Vicki Laflamme,Celia Rouche,West,MG Special,,Engaging,2017-04-18,257,55,,unknown,55.00,180+ Days,stale_or_review
M857G6G1,Vicki Laflamme,Celia Rouche,West,MG Advanced,,Engaging,2017-04-18,257,3393,,unknown,3393.00,180+ Days,stale_or_review
5K0ZFCVO,Violet Mclelland,Cara Losch,East,MG Special,,Engaging,2017-04-18,257,55,,unknown,55.00,180+ Days,stale_or_review
6AEVX11M,Violet Mclelland,Cara Losch,East,MG Special,,Engaging,2017-04-18,257,55,,unknown,55.00,180+ Days,stale_or_review
WGETO859,Boris Faz,Rocco Neubert,East,GTX Basic,,Engaging,2017-04-19,256,550,,unknown,550.00,180+ Days,stale_or_review
CTWSDG4U,Corliss Cosme,Cara Losch,East,GTX Basic,,Engaging,2017-04-19,256,550,,unknown,550.00,180+ Days,stale_or_review
0EYXI1UN,Hayden Neloms,Celia Rouche,West,MG Advanced,,Engaging,2017-04-19,256,3393,,unknown,3393.00,180+ Days,stale_or_review
XOVYPE58,Rosie Papadopoulos,Cara Losch,East,GTXPro,Betasoloin,Engaging,2017-04-19,256,,,unknown,0.00,180+ Days,stale_or_review
S2MSQIXP,Zane Levy,Summer Sewald,West,GTX Basic,Hottechi,Engaging,2017-04-19,256,550,,unknown,550.00,180+ Days,stale_or_review
C32E4E1D,Kami Bicknell,Summer Sewald,West,MG Special,,Engaging,2017-04-20,255,55,,unknown,55.00,180+ Days,stale_or_review
U2HYH97X,Kary Hendrixson,Summer Sewald,West,GTX Basic,,Engaging,2017-04-20,255,550,,unknown,550.00,180+ Days,stale_or_review
MRWHJE9P,Cassey Cress,Rocco Neubert,East,GTX Plus Basic,,Engaging,2017-04-21,254,1096,,unknown,1096.00,180+ Days,stale_or_review
FVGRGJU8,Rosie Papadopoulos,Cara Losch,East,MG Advanced,Betatech,Engaging,2017-04-21,254,3393,,unknown,3393.00,180+ Days,stale_or_review
Q6OUJCH5,Vicki Laflamme,Celia Rouche,West,GTXPro,,Engaging,2017-04-21,254,,,unknown,0.00,180+ Days,stale_or_review
IIVP87B8,Maureen Marcano,Summer Sewald,West,MG Special,,Engaging,2017-04-22,253,55,,unknown,55.00,180+ Days,stale_or_review
4QFATB6J,Violet Mclelland,Cara Losch,East,GTX Basic,,Engaging,2017-04-22,253,550,,unknown,550.00,180+ Days,stale_or_review
61E7IHAY,Violet Mclelland,Cara Losch,East,MG Special,,Engaging,2017-04-22,253,55,,unknown,55.00,180+ Days,stale_or_review
KTC0RC8I,James Ascencio,Summer Sewald,West,MG Special,,Engaging,2017-04-23,252,55,,unknown,55.00,180+ Days,stale_or_review
CY7C3ZPJ,Markita Hansen,Celia Rouche,West,MG Advanced,,Engaging,2017-04-23,252,3393,,unknown,3393.00,180+ Days,stale_or_review
M9GP930T,Rosalina Dieter,Celia Rouche,West,MG Special,,Engaging,2017-04-23,252,55,,unknown,55.00,180+ Days,stale_or_review
NMY6FA6X,Corliss Cosme,Cara Losch,East,MG Advanced,,Engaging,2017-04-24,251,3393,,unknown,3393.00,180+ Days,stale_or_review
NUQPJV8A,Hayden Neloms,Celia Rouche,West,MG Advanced,,Engaging,2017-04-24,251,3393,,unknown,3393.00,180+ Days,stale_or_review
VY4IVO2W,Kami Bicknell,Summer Sewald,West,GTX Plus Basic,,Engaging,2017-04-24,251,1096,,unknown,1096.00,180+ Days,stale_or_review
INKH0Y59,Vicki Laflamme,Celia Rouche,West,MG Special,,Engaging,2017-04-24,251,55,,unknown,55.00,180+ Days,stale_or_review
OSMGVV1S,Vicki Laflamme,Celia Rouche,West,MG Special,,Engaging,2017-04-24,251,55,,unknown,55.00,180+ Days,stale_or_review
BDUNPUWY,Boris Faz,Rocco Neubert,East,GTX Plus Basic,,Engaging,2017-04-25,250,1096,,unknown,1096.00,180+ Days,stale_or_review
HDALWEHF,Cassey Cress,Rocco Neubert,East,GTXPro,,Engaging,2017-04-25,250,,,unknown,0.00,180+ Days,stale_or_review
OTJR9SSK,Hayden Neloms,Celia Rouche,West,GTX Plus Basic,,Engaging,2017-04-25,250,1096,,unknown,1096.00,180+ Days,stale_or_review
GQ2W1DXM,Maureen Marcano,Summer Sewald,West,GTXPro,,Engaging,2017-04-25,250,,,unknown,0.00,180+ Days,stale_or_review
CEEJ2EN5,Violet Mclelland,Cara Losch,East,GTX Plus Basic,,Engaging,2017-04-25,250,1096,,unknown,1096.00,180+ Days,stale_or_review
JNEQWZQK,Wilburn Farren,Cara Losch,East,GTX Basic,,Engaging,2017-04-25,250,550,,unknown,550.00,180+ Days,stale_or_review
RXAQJKSL,Corliss Cosme,Cara Losch,East,GTX Plus Pro,,Engaging,2017-04-26,249,5482,,unknown,5482.00,180+ Days,stale_or_review
IGRY0M4Q,Daniell Hammack,Rocco Neubert,East,MG Advanced,,Engaging,2017-04-26,249,3393,,unknown,3393.00,180+ Days,stale_or_review
9HYMQL4I,Zane Levy,Summer Sewald,West,GTX Basic,,Engaging,2017-04-26,249,550,,unknown,550.00,180+ Days,stale_or_review
0KEO3OP7,Daniell Hammack,Rocco Neubert,East,GTX Plus Pro,,Engaging,2017-04-27,248,5482,,unknown,5482.00,180+ Days,stale_or_review
7882RJGY,Wilburn Farren,Cara Losch,East,MG Special,,Engaging,2017-04-27,248,55,,unknown,55.00,180+ Days,stale_or_review
HHDQ9EW4,Kami Bicknell,Summer Sewald,West,GTX Basic,Inity,Engaging,2017-04-28,247,550,,unknown,550.00,180+ Days,stale_or_review
VMIAO42Z,Vicki Laflamme,Celia Rouche,West,GTX Plus Pro,Donquadtech,Engaging,2017-04-28,247,5482,,unknown,5482.00,180+ Days,stale_or_review
VP8ERXPR,Cassey Cress,Rocco Neubert,East,MG Special,,Engaging,2017-04-29,246,55,,unknown,55.00,180+ Days,stale_or_review
UEZOR630,Elease Gluck,Celia Rouche,West,GTX Basic,,Engaging,2017-04-29,246,550,,unknown,550.00,180+ Days,stale_or_review
R9U1QNHQ,Hayden Neloms,Celia Rouche,West,MG Special,Betasoloin,Engaging,2017-04-29,246,55,,unknown,55.00,180+ Days,stale_or_review
5CZBHSRI,Kary Hendrixson,Summer Sewald,West,MG Advanced,Toughzap,Engaging,2017-04-29,246,3393,,unknown,3393.00,180+ Days,stale_or_review
DYNHHN6P,Maureen Marcano,Summer Sewald,West,GTXPro,Massive Dynamic,Engaging,2017-04-29,246,,,unknown,0.00,180+ Days,stale_or_review
ZH14SZPT,Violet Mclelland,Cara Losch,East,GTX Plus Basic,,Engaging,2017-04-29,246,1096,,unknown,1096.00,180+ Days,stale_or_review
Q2CLAKLM,Daniell Hammack,Rocco Neubert,East,GTX Plus Pro,,Engaging,2017-04-30,245,5482,,unknown,5482.00,180+ Days,stale_or_review
OTLQMB5X,Rosalina Dieter,Celia Rouche,West,GTX Basic,,Engaging,2017-04-30,245,550,,unknown,550.00,180+ Days,stale_or_review
OIO2H2MY,Boris Faz,Rocco Neubert,East,GTX Plus Pro,,Engaging,2017-05-01,244,5482,,unknown,5482.00,180+ Days,stale_or_review
7DT8UKKY,Corliss Cosme,Cara Losch,East,GTX Basic,Zencorporation,Engaging,2017-05-01,244,550,,unknown,550.00,180+ Days,stale_or_review
OLGT0VHP,James Ascencio,Summer Sewald,West,GTX Plus Pro,Statholdings,Engaging,2017-05-01,244,5482,,unknown,5482.00,180+ Days,stale_or_review
I92EJ805,Kami Bicknell,Summer Sewald,West,GTX Basic,Bluth Company,Engaging,2017-05-01,244,550,,unknown,550.00,180+ Days,stale_or_review
5WHMLQDK,Kary Hendrixson,Summer Sewald,West,GTXPro,,Engaging,2017-05-01,244,,,unknown,0.00,180+ Days,stale_or_review
QP006VDE,Markita Hansen,Celia Rouche,West,MG Advanced,Domzoom,Engaging,2017-05-01,244,3393,,unknown,3393.00,180+ Days,stale_or_review
R1K16RZO,Maureen Marcano,Summer Sewald,West,GTX Plus Pro,,Engaging,2017-05-01,244,5482,,unknown,5482.00,180+ Days,stale_or_review
UYQJ2A1O,Vicki Laflamme,Celia Rouche,West,GTX Plus Pro,,Engaging,2017-05-01,244,5482,,unknown,5482.00,180+ Days,stale_or_review
UIX6X6R3,Zane Levy,Summer Sewald,West,MG Advanced,Umbrella Corporation,Engaging,2017-05-01,244,3393,,unknown,3393.00,180+ Days,stale_or_review
60NIT1PM,Boris Faz,Rocco Neubert,East,GTX Plus Basic,,Engaging,2017-05-02,243,1096,,unknown,1096.00,180+ Days,stale_or_review
44Y3J17P,Boris Faz,Rocco Neubert,East,GTX Plus Basic,,Engaging,2017-05-02,243,1096,,unknown,1096.00,180+ Days,stale_or_review
J9OP2A5I,Rosalina Dieter,Celia Rouche,West,MG Special,,Engaging,2017-05-02,243,55,,unknown,55.00,180+ Days,stale_or_review
8WB5HXOB,Zane Levy,Summer Sewald,West,GTX Plus Pro,,Engaging,2017-05-02,243,5482,,unknown,5482.00,180+ Days,stale_or_review
4ZX1WPS7,Cassey Cress,Rocco Neubert,East,GTXPro,Inity,Engaging,2017-05-03,242,,,unknown,0.00,180+ Days,stale_or_review
86C26QSR,Markita Hansen,Celia Rouche,West,GTX Plus Pro,,Engaging,2017-05-03,242,5482,,unknown,5482.00,180+ Days,stale_or_review
LR45YFE4,Violet Mclelland,Cara Losch,East,MG Special,Groovestreet,Engaging,2017-05-03,242,55,,unknown,55.00,180+ Days,stale_or_review
UJ7BYO6A,Wilburn Farren,Cara Losch,East,MG Advanced,,Engaging,2017-05-04,241,3393,,unknown,3393.00,180+ Days,stale_or_review
LCQ934W7,Cassey Cress,Rocco Neubert,East,GTX Plus Basic,Xx-holding,Engaging,2017-05-05,240,1096,,unknown,1096.00,180+ Days,stale_or_review
Z236WCM1,Kary Hendrixson,Summer Sewald,West,GTX Plus Basic,Vehement Capital Partners,Engaging,2017-05-05,240,1096,,unknown,1096.00,180+ Days,stale_or_review
RG893DYQ,Markita Hansen,Celia Rouche,West,GTX Basic,The New York Inquirer,Engaging,2017-05-05,240,550,,unknown,550.00,180+ Days,stale_or_review
WQSJNIEZ,Markita Hansen,Celia Rouche,West,GTX Basic,,Engaging,2017-05-05,240,550,,unknown,550.00,180+ Days,stale_or_review
HF74MC9F,Corliss Cosme,Cara Losch,East,GTX Plus Pro,Ganjaflex,Engaging,2017-05-06,239,5482,,unknown,5482.00,180+ Days,stale_or_review
FWTTJ2G8,Kary Hendrixson,Summer Sewald,West,GTX Basic,Initech,Engaging,2017-05-06,239,550,,unknown,550.00,180+ Days,stale_or_review
J71N4WQ6,Markita Hansen,Celia Rouche,West,GTX Plus Basic,,Engaging,2017-05-06,239,1096,,unknown,1096.00,180+ Days,stale_or_review
IGHYUSN8,Vicki Laflamme,Celia Rouche,West,GTX Plus Pro,Golddex,Engaging,2017-05-06,239,5482,,unknown,5482.00,180+ Days,stale_or_review
3F34LWKM,Vicki Laflamme,Celia Rouche,West,GTXPro,,Engaging,2017-05-06,239,,,unknown,0.00,180+ Days,stale_or_review
RIC5ZHK4,Corliss Cosme,Cara Losch,East,GTX Plus Basic,Plussunin,Engaging,2017-05-07,238,1096,,unknown,1096.00,180+ Days,stale_or_review
YVXKNYSM,Corliss Cosme,Cara Losch,East,GTXPro,,Engaging,2017-05-07,238,,,unknown,0.00,180+ Days,stale_or_review
73086D08,Markita Hansen,Celia Rouche,West,GTX Plus Pro,,Engaging,2017-05-07,238,5482,,unknown,5482.00,180+ Days,stale_or_review
OIFERO7S,Rosalina Dieter,Celia Rouche,West,MG Advanced,,Engaging,2017-05-07,238,3393,,unknown,3393.00,180+ Days,stale_or_review
Z2E1UVVB,Violet Mclelland,Cara Losch,East,MG Advanced,,Engaging,2017-05-07,238,3393,,unknown,3393.00,180+ Days,stale_or_review
0AQGBN7B,Maureen Marcano,Summer Sewald,West,GTX Plus Basic,,Engaging,2017-05-08,237,1096,,unknown,1096.00,180+ Days,stale_or_review
UU25XD9E,Zane Levy,Summer Sewald,West,GTXPro,Hatfan,Engaging,2017-05-08,237,,,unknown,0.00,180+ Days,stale_or_review
K5GFWLKM,Boris Faz,Rocco Neubert,East,GTX Plus Basic,,Engaging,2017-05-09,236,1096,,unknown,1096.00,180+ Days,stale_or_review
1K6HY455,Boris Faz,Rocco Neubert,East,MG Advanced,,Engaging,2017-05-09,236,3393,,unknown,3393.00,180+ Days,stale_or_review
GL1YE4PQ,Markita Hansen,Celia Rouche,West,GTK 500,,Engaging,2017-05-09,236,26768,,unknown,26768.00,180+ Days,stale_or_review
HFUZQFQQ,Markita Hansen,Celia Rouche,West,GTX Basic,Groovestreet,Engaging,2017-05-09,236,550,,unknown,550.00,180+ Days,stale_or_review
8SVMGDPA,Maureen Marcano,Summer Sewald,West,GTX Plus Basic,Donquadtech,Engaging,2017-05-09,236,1096,,unknown,1096.00,180+ Days,stale_or_review
FHWXZ6HL,Rosie Papadopoulos,Cara Losch,East,GTXPro,,Engaging,2017-05-09,236,,,unknown,0.00,180+ Days,stale_or_review
246MLWZ7,Zane Levy,Summer Sewald,West,GTX Basic,Rangreen,Engaging,2017-05-09,236,550,,unknown,550.00,180+ Days,stale_or_review
Q2RY668B,Kami Bicknell,Summer Sewald,West,GTX Basic,,Engaging,2017-05-10,235,550,,unknown,550.00,180+ Days,stale_or_review
VBFYOCDO,Kami Bicknell,Summer Sewald,West,GTX Basic,,Engaging,2017-05-10,235,550,,unknown,550.00,180+ Days,stale_or_review
T5SX9Z3T,Vicki Laflamme,Celia Rouche,West,GTX Basic,Conecom,Engaging,2017-05-10,235,550,,unknown,550.00,180+ Days,stale_or_review
VPG5E490,Boris Faz,Rocco Neubert,East,GTX Basic,Bubba Gump,Engaging,2017-05-11,234,550,,unknown,550.00,180+ Days,stale_or_review
8I84MV5A,Cassey Cress,Rocco Neubert,East,GTX Basic,Zencorporation,Engaging,2017-05-11,234,550,,unknown,550.00,180+ Days,stale_or_review
KF05URX0,Corliss Cosme,Cara Losch,East,MG Special,,Engaging,2017-05-11,234,55,,unknown,55.00,180+ Days,stale_or_review
5IQAJGCU,Kami Bicknell,Summer Sewald,West,GTX Basic,,Engaging,2017-05-11,234,550,,unknown,550.00,180+ Days,stale_or_review
LTVGILHP,Kary Hendrixson,Summer Sewald,West,GTX Basic,Bioholding,Engaging,2017-05-11,234,550,,unknown,550.00,180+ Days,stale_or_review
MV227O65,Maureen Marcano,Summer Sewald,West,GTX Plus Pro,Sonron,Engaging,2017-05-11,234,5482,,unknown,5482.00,180+ Days,stale_or_review
E8QHX9TE,Vicki Laflamme,Celia Rouche,West,GTX Plus Pro,,Engaging,2017-05-11,234,5482,,unknown,5482.00,180+ Days,stale_or_review
I6UG2OLX,Corliss Cosme,Cara Losch,East,MG Advanced,,Engaging,2017-05-13,232,3393,,unknown,3393.00,180+ Days,stale_or_review
3N46WQVI,Hayden Neloms,Celia Rouche,West,MG Advanced,Faxquote,Engaging,2017-05-13,232,3393,,unknown,3393.00,180+ Days,stale_or_review
ALZNZ666,Boris Faz,Rocco Neubert,East,MG Advanced,Toughzap,Engaging,2017-05-14,231,3393,,unknown,3393.00,180+ Days,stale_or_review
BJO24Z5A,Cassey Cress,Rocco Neubert,East,GTX Plus Basic,,Engaging,2017-05-14,231,1096,,unknown,1096.00,180+ Days,stale_or_review
EF24VTVA,James Ascencio,Summer Sewald,West,GTX Plus Pro,Kinnamplus,Engaging,2017-05-14,231,5482,,unknown,5482.00,180+ Days,stale_or_review
HY94AVIW,Maureen Marcano,Summer Sewald,West,GTX Basic,,Engaging,2017-05-14,231,550,,unknown,550.00,180+ Days,stale_or_review
T4FQOS6J,Maureen Marcano,Summer Sewald,West,GTX Plus Basic,Opentech,Engaging,2017-05-14,231,1096,,unknown,1096.00,180+ Days,stale_or_review
848QSODT,Vicki Laflamme,Celia Rouche,West,GTX Basic,,Engaging,2017-05-14,231,550,,unknown,550.00,180+ Days,stale_or_review
89P5UVQ0,Wilburn Farren,Cara Losch,East,GTXPro,,Engaging,2017-05-14,231,,,unknown,0.00,180+ Days,stale_or_review
3372JYYQ,Cassey Cress,Rocco Neubert,East,MG Advanced,Condax,Engaging,2017-05-15,230,3393,,unknown,3393.00,180+ Days,stale_or_review
KJHM27ZM,Daniell Hammack,Rocco Neubert,East,GTX Plus Pro,Labdrill,Engaging,2017-05-15,230,5482,,unknown,5482.00,180+ Days,stale_or_review
7YT7NRV9,Elease Gluck,Celia Rouche,West,MG Special,,Engaging,2017-05-15,230,55,,unknown,55.00,180+ Days,stale_or_review
X4FW4JR1,Kary Hendrixson,Summer Sewald,West,GTX Basic,,Engaging,2017-05-15,230,550,,unknown,550.00,180+ Days,stale_or_review
XAC1J3TF,Rosalina Dieter,Celia Rouche,West,MG Advanced,,Engaging,2017-05-15,230,3393,,unknown,3393.00,180+ Days,stale_or_review
ZIK2R3S7,Corliss Cosme,Cara Losch,East,MG Advanced,,Engaging,2017-05-16,229,3393,,unknown,3393.00,180+ Days,stale_or_review
HF2DSIT5,Elease Gluck,Celia Rouche,West,GTX Basic,,Engaging,2017-05-16,229,550,,unknown,550.00,180+ Days,stale_or_review
M3IMVC9G,Rosalina Dieter,Celia Rouche,West,GTX Plus Basic,,Engaging,2017-05-16,229,1096,,unknown,1096.00,180+ Days,stale_or_review
BTRIUUWG,Rosie Papadopoulos,Cara Losch,East,GTX Basic,,Engaging,2017-05-16,229,550,,unknown,550.00,180+ Days,stale_or_review
XRO7PMA2,Cassey Cress,Rocco Neubert,East,GTX Plus Basic,,Engaging,2017-05-17,228,1096,,unknown,1096.00,180+ Days,stale_or_review
04OAV3CV,Elease Gluck,Celia Rouche,West,GTX Plus Pro,,Engaging,2017-05-17,228,5482,,unknown,5482.00,180+ Days,stale_or_review
8GV0BQTU,Kary Hendrixson,Summer Sewald,West,MG Advanced,Xx-holding,Engaging,2017-05-17,228,3393,,unknown,3393.00,180+ Days,stale_or_review
3SEMPUU1,Markita Hansen,Celia Rouche,West,GTXPro,Labdrill,Engaging,2017-05-17,228,,,unknown,0.00,180+ Days,stale_or_review
0K59ZLQC,Corliss Cosme,Cara Losch,East,GTX Basic,Donquadtech,Engaging,2017-05-18,227,550,,unknown,550.00,180+ Days,stale_or_review
2BXYT4PD,Hayden Neloms,Celia Rouche,West,GTX Plus Pro,Funholding,Engaging,2017-05-18,227,5482,,unknown,5482.00,180+ Days,stale_or_review
2FMT1053,Hayden Neloms,Celia Rouche,West,MG Advanced,,Engaging,2017-05-18,227,3393,,unknown,3393.00,180+ Days,stale_or_review
HU970PDK,James Ascencio,Summer Sewald,West,GTX Plus Pro,Donquadtech,Engaging,2017-05-18,227,5482,,unknown,5482.00,180+ Days,stale_or_review
D85PDC6S,James Ascencio,Summer Sewald,West,GTX Plus Pro,,Engaging,2017-05-18,227,5482,,unknown,5482.00,180+ Days,stale_or_review
7D75QXBD,Kary Hendrixson,Summer Sewald,West,GTX Plus Basic,Groovestreet,Engaging,2017-05-18,227,1096,,unknown,1096.00,180+ Days,stale_or_review
N3GVE0VP,Markita Hansen,Celia Rouche,West,GTK 500,,Engaging,2017-05-18,227,26768,,unknown,26768.00,180+ Days,stale_or_review
OK39IHP1,Rosalina Dieter,Celia Rouche,West,MG Special,,Engaging,2017-05-18,227,55,,unknown,55.00,180+ Days,stale_or_review
CX4ZLSDW,Wilburn Farren,Cara Losch,East,MG Special,,Engaging,2017-05-18,227,55,,unknown,55.00,180+ Days,stale_or_review
UFL6ZQDV,Zane Levy,Summer Sewald,West,GTX Basic,,Engaging,2017-05-18,227,550,,unknown,550.00,180+ Days,stale_or_review
MGD7DZAU,Kami Bicknell,Summer Sewald,West,GTX Basic,Globex Corporation,Engaging,2017-05-19,226,550,,unknown,550.00,180+ Days,stale_or_review
BRFHWGVC,Kary Hendrixson,Summer Sewald,West,GTX Plus Basic,,Engaging,2017-05-19,226,1096,,unknown,1096.00,180+ Days,stale_or_review
8Z4ZMS9U,Violet Mclelland,Cara Losch,East,MG Advanced,,Engaging,2017-05-19,226,3393,,unknown,3393.00,180+ Days,stale_or_review
JL9ERNVY,Boris Faz,Rocco Neubert,East,GTX Plus Pro,,Engaging,2017-05-20,225,5482,,unknown,5482.00,180+ Days,stale_or_review
JM5GDLEF,Corliss Cosme,Cara Losch,East,GTXPro,,Engaging,2017-05-20,225,,,unknown,0.00,180+ Days,stale_or_review
CX0SXNCN,Corliss Cosme,Cara Losch,East,GTX Basic,Treequote,Engaging,2017-05-21,224,550,,unknown,550.00,180+ Days,stale_or_review
RE3UNESR,Kary Hendrixson,Summer Sewald,West,GTX Basic,,Engaging,2017-05-21,224,550,,unknown,550.00,180+ Days,stale_or_review
PPUSV3RG,Kary Hendrixson,Summer Sewald,West,GTX Plus Pro,,Engaging,2017-05-21,224,5482,,unknown,5482.00,180+ Days,stale_or_review
WM7XURV6,Corliss Cosme,Cara Losch,East,GTX Plus Basic,Groovestreet,Engaging,2017-05-22,223,1096,,unknown,1096.00,180+ Days,stale_or_review
6I125KPN,Daniell Hammack,Rocco Neubert,East,MG Advanced,,Engaging,2017-05-22,223,3393,,unknown,3393.00,180+ Days,stale_or_review
2YLXKON1,Hayden Neloms,Celia Rouche,West,MG Advanced,,Engaging,2017-05-22,223,3393,,unknown,3393.00,180+ Days,stale_or_review
ZJQKUIZ4,Kary Hendrixson,Summer Sewald,West,MG Special,Opentech,Engaging,2017-05-22,223,55,,unknown,55.00,180+ Days,stale_or_review
WS3BIQ4S,Markita Hansen,Celia Rouche,West,GTX Plus Pro,,Engaging,2017-05-22,223,5482,,unknown,5482.00,180+ Days,stale_or_review
U177IWW0,Maureen Marcano,Summer Sewald,West,GTX Plus Basic,,Engaging,2017-05-22,223,1096,,unknown,1096.00,180+ Days,stale_or_review
SWEQFKRF,Rosie Papadopoulos,Cara Losch,East,GTXPro,,Engaging,2017-05-22,223,,,unknown,0.00,180+ Days,stale_or_review
HYSOZRCG,Boris Faz,Rocco Neubert,East,GTX Plus Basic,,Engaging,2017-05-23,222,1096,,unknown,1096.00,180+ Days,stale_or_review
41RF80KQ,Boris Faz,Rocco Neubert,East,GTX Plus Pro,,Engaging,2017-05-23,222,5482,,unknown,5482.00,180+ Days,stale_or_review
CYB0NUCJ,Cassey Cress,Rocco Neubert,East,MG Special,,Engaging,2017-05-23,222,55,,unknown,55.00,180+ Days,stale_or_review
3H3TNCP5,James Ascencio,Summer Sewald,West,GTX Plus Basic,Condax,Engaging,2017-05-23,222,1096,,unknown,1096.00,180+ Days,stale_or_review
11V16SZZ,Corliss Cosme,Cara Losch,East,GTX Basic,Labdrill,Engaging,2017-05-24,221,550,,unknown,550.00,180+ Days,stale_or_review
3IWUUUCN,Elease Gluck,Celia Rouche,West,GTXPro,,Engaging,2017-05-24,221,,,unknown,0.00,180+ Days,stale_or_review
K7TV5UBZ,James Ascencio,Summer Sewald,West,GTX Plus Pro,,Engaging,2017-05-24,221,5482,,unknown,5482.00,180+ Days,stale_or_review
4G0X8VHP,Markita Hansen,Celia Rouche,West,MG Advanced,Y-corporation,Engaging,2017-05-24,221,3393,,unknown,3393.00,180+ Days,stale_or_review
6BIZ2MB6,Maureen Marcano,Summer Sewald,West,MG Special,,Engaging,2017-05-24,221,55,,unknown,55.00,180+ Days,stale_or_review
0STR2QEA,Corliss Cosme,Cara Losch,East,GTX Plus Pro,Inity,Engaging,2017-05-25,220,5482,,unknown,5482.00,180+ Days,stale_or_review
Y2EC6KYG,Hayden Neloms,Celia Rouche,West,MG Advanced,,Engaging,2017-05-25,220,3393,,unknown,3393.00,180+ Days,stale_or_review
2PI827MA,Kary Hendrixson,Summer Sewald,West,GTXPro,,Engaging,2017-05-25,220,,,unknown,0.00,180+ Days,stale_or_review
ZK4S74FD,Vicki Laflamme,Celia Rouche,West,GTX Plus Pro,Singletechno,Engaging,2017-05-25,220,5482,,unknown,5482.00,180+ Days,stale_or_review
E5V4WT18,Vicki Laflamme,Celia Rouche,West,MG Special,Genco Pura Olive Oil Company,Engaging,2017-05-25,220,55,,unknown,55.00,180+ Days,stale_or_review
7AXR8U55,Boris Faz,Rocco Neubert,East,MG Advanced,,Engaging,2017-05-26,219,3393,,unknown,3393.00,180+ Days,stale_or_review
7X0T2QOL,Hayden Neloms,Celia Rouche,West,MG Advanced,,Engaging,2017-05-26,219,3393,,unknown,3393.00,180+ Days,stale_or_review
7KKFQ7LX,Hayden Neloms,Celia Rouche,West,MG Advanced,,Engaging,2017-05-26,219,3393,,unknown,3393.00,180+ Days,stale_or_review
IBZI95HI,James Ascencio,Summer Sewald,West,GTX Plus Basic,Zoomit,Engaging,2017-05-26,219,1096,,unknown,1096.00,180+ Days,stale_or_review
3ATYY665,Kami Bicknell,Summer Sewald,West,GTXPro,Conecom,Engaging,2017-05-26,219,,,unknown,0.00,180+ Days,stale_or_review
EPSIB2JR,Violet Mclelland,Cara Losch,East,MG Special,Zoomit,Engaging,2017-05-26,219,55,,unknown,55.00,180+ Days,stale_or_review
G1L2YY5P,Zane Levy,Summer Sewald,West,GTX Basic,,Engaging,2017-05-26,219,550,,unknown,550.00,180+ Days,stale_or_review
DC2JL47C,Daniell Hammack,Rocco Neubert,East,GTXPro,Dontechi,Engaging,2017-05-27,218,,,unknown,0.00,180+ Days,stale_or_review
GMN9KQN2,Daniell Hammack,Rocco Neubert,East,GTXPro,,Engaging,2017-05-27,218,,,unknown,0.00,180+ Days,stale_or_review
VXTVHC1Z,Boris Faz,Rocco Neubert,East,GTX Plus Pro,,Engaging,2017-05-28,217,5482,,unknown,5482.00,180+ Days,stale_or_review
BO1ZOZG2,Kary Hendrixson,Summer Sewald,West,GTX Plus Basic,Ontomedia,Engaging,2017-05-28,217,1096,,unknown,1096.00,180+ Days,stale_or_review
OERROEPM,Markita Hansen,Celia Rouche,West,GTX Basic,,Engaging,2017-05-28,217,550,,unknown,550.00,180+ Days,stale_or_review
MWSPTOQK,Zane Levy,Summer Sewald,West,GTXPro,,Engaging,2017-05-28,217,,,unknown,0.00,180+ Days,stale_or_review
RY6T3GLC,Corliss Cosme,Cara Losch,East,GTXPro,Zathunicon,Engaging,2017-05-29,216,,,unknown,0.00,180+ Days,stale_or_review
8G3HB5S6,James Ascencio,Summer Sewald,West,GTX Basic,,Engaging,2017-05-29,216,550,,unknown,550.00,180+ Days,stale_or_review
MPME6VZD,Kami Bicknell,Summer Sewald,West,GTX Plus Basic,Dontechi,Engaging,2017-05-29,216,1096,,unknown,1096.00,180+ Days,stale_or_review
EUYJDW9C,Kary Hendrixson,Summer Sewald,West,GTXPro,,Engaging,2017-05-29,216,,,unknown,0.00,180+ Days,stale_or_review
YRTI0EKE,Rosalina Dieter,Celia Rouche,West,GTX Basic,,Engaging,2017-05-29,216,550,,unknown,550.00,180+ Days,stale_or_review
UMXZFLO8,Zane Levy,Summer Sewald,West,GTXPro,,Engaging,2017-05-29,216,,,unknown,0.00,180+ Days,stale_or_review
QNVW1NSS,Wilburn Farren,Cara Losch,East,MG Advanced,,Engaging,2017-05-30,215,3393,,unknown,3393.00,180+ Days,stale_or_review
GIPPUV2F,Hayden Neloms,Celia Rouche,West,GTX Plus Basic,Nam-zim,Engaging,2017-05-31,214,1096,,unknown,1096.00,180+ Days,stale_or_review
HTBPSC2D,Kami Bicknell,Summer Sewald,West,GTX Basic,,Engaging,2017-05-31,214,550,,unknown,550.00,180+ Days,stale_or_review
SIBR2J01,Maureen Marcano,Summer Sewald,West,MG Special,,Engaging,2017-05-31,214,55,,unknown,55.00,180+ Days,stale_or_review
UGTXH980,Daniell Hammack,Rocco Neubert,East,GTXPro,,Engaging,2017-06-01,213,,,unknown,0.00,180+ Days,stale_or_review
ZTVWSE98,Rosalina Dieter,Celia Rouche,West,MG Special,,Engaging,2017-06-01,213,55,,unknown,55.00,180+ Days,stale_or_review
SPV7OJTH,Cassey Cress,Rocco Neubert,East,MG Advanced,,Engaging,2017-06-02,212,3393,,unknown,3393.00,180+ Days,stale_or_review
N7G1TU1X,James Ascencio,Summer Sewald,West,MG Advanced,,Engaging,2017-06-02,212,3393,,unknown,3393.00,180+ Days,stale_or_review
CUV49MUR,Violet Mclelland,Cara Losch,East,GTXPro,Zathunicon,Engaging,2017-06-02,212,,,unknown,0.00,180+ Days,stale_or_review
7VMOJBPN,Kami Bicknell,Summer Sewald,West,GTXPro,Faxquote,Engaging,2017-06-03,211,,,unknown,0.00,180+ Days,stale_or_review
YTGQKC7A,Rosalina Dieter,Celia Rouche,West,MG Special,Dalttechnology,Engaging,2017-06-03,211,55,,unknown,55.00,180+ Days,stale_or_review
F8QQEW1W,Kami Bicknell,Summer Sewald,West,GTX Plus Basic,,Engaging,2017-06-04,210,1096,,unknown,1096.00,180+ Days,stale_or_review
4LXUITP3,Kary Hendrixson,Summer Sewald,West,GTX Basic,,Engaging,2017-06-04,210,550,,unknown,550.00,180+ Days,stale_or_review
GXC8JN36,Kary Hendrixson,Summer Sewald,West,GTXPro,,Engaging,2017-06-04,210,,,unknown,0.00,180+ Days,stale_or_review
XTE9XJTS,Kary Hendrixson,Summer Sewald,West,MG Special,Zencorporation,Engaging,2017-06-04,210,55,,unknown,55.00,180+ Days,stale_or_review
PIFPDJMN,Kary Hendrixson,Summer Sewald,West,GTX Basic,,Engaging,2017-06-05,209,550,,unknown,550.00,180+ Days,stale_or_review
7J0ZLDB1,Zane Levy,Summer Sewald,West,MG Special,,Engaging,2017-06-05,209,55,,unknown,55.00,180+ Days,stale_or_review
XQY4Z4KI,Rosie Papadopoulos,Cara Losch,East,MG Special,,Engaging,2017-06-06,208,55,,unknown,55.00,180+ Days,stale_or_review
9GYIYGHW,Violet Mclelland,Cara Losch,East,MG Advanced,,Engaging,2017-06-06,208,3393,,unknown,3393.00,180+ Days,stale_or_review
DW29KM30,Elease Gluck,Celia Rouche,West,MG Advanced,Zathunicon,Engaging,2017-06-07,207,3393,,unknown,3393.00,180+ Days,stale_or_review
RKVXBXBM,Markita Hansen,Celia Rouche,West,MG Special,,Engaging,2017-06-07,207,55,,unknown,55.00,180+ Days,stale_or_review
C6TQMD3C,Vicki Laflamme,Celia Rouche,West,GTX Plus Pro,,Engaging,2017-06-07,207,5482,,unknown,5482.00,180+ Days,stale_or_review
IQMW1VDP,Violet Mclelland,Cara Losch,East,MG Special,,Engaging,2017-06-07,207,55,,unknown,55.00,180+ Days,stale_or_review
R9AVNYCO,Zane Levy,Summer Sewald,West,GTX Plus Basic,Conecom,Engaging,2017-06-07,207,1096,,unknown,1096.00,180+ Days,stale_or_review
G1AKE0NR,Zane Levy,Summer Sewald,West,GTXPro,,Engaging,2017-06-07,207,,,unknown,0.00,180+ Days,stale_or_review
AY3KTIXX,James Ascencio,Summer Sewald,West,GTX Plus Pro,Cheers,Engaging,2017-06-08,206,5482,,unknown,5482.00,180+ Days,stale_or_review
S2J63YRV,Rosie Papadopoulos,Cara Losch,East,MG Special,,Engaging,2017-06-08,206,55,,unknown,55.00,180+ Days,stale_or_review
D17T8PTH,Vicki Laflamme,Celia Rouche,West,GTX Basic,,Engaging,2017-06-08,206,550,,unknown,550.00,180+ Days,stale_or_review
FHM7LYZ3,Corliss Cosme,Cara Losch,East,MG Special,,Engaging,2017-06-09,205,55,,unknown,55.00,180+ Days,stale_or_review
REO3FMSB,Corliss Cosme,Cara Losch,East,MG Advanced,Massive Dynamic,Engaging,2017-06-09,205,3393,,unknown,3393.00,180+ Days,stale_or_review
BJJQSJD8,Daniell Hammack,Rocco Neubert,East,GTX Plus Basic,Zotware,Engaging,2017-06-09,205,1096,,unknown,1096.00,180+ Days,stale_or_review
T56J7ES7,Kami Bicknell,Summer Sewald,West,GTX Plus Basic,Nam-zim,Engaging,2017-06-09,205,1096,,unknown,1096.00,180+ Days,stale_or_review
GG85QBTM,Elease Gluck,Celia Rouche,West,GTK 500,Lexiqvolax,Engaging,2017-06-10,204,26768,,unknown,26768.00,180+ Days,stale_or_review
LC2RIMSX,Rosalina Dieter,Celia Rouche,West,GTXPro,Vehement Capital Partners,Engaging,2017-06-10,204,,,unknown,0.00,180+ Days,stale_or_review
RUAU1ORD,Zane Levy,Summer Sewald,West,GTX Basic,,Engaging,2017-06-10,204,550,,unknown,550.00,180+ Days,stale_or_review
ZI89S9HC,Markita Hansen,Celia Rouche,West,MG Advanced,Dalttechnology,Engaging,2017-06-11,203,3393,,unknown,3393.00,180+ Days,stale_or_review
5653N8BM,Rosie Papadopoulos,Cara Losch,East,GTX Plus Basic,Zoomit,Engaging,2017-06-11,203,1096,,unknown,1096.00,180+ Days,stale_or_review
477HSG28,Vicki Laflamme,Celia Rouche,West,GTX Basic,,Engaging,2017-06-11,203,550,,unknown,550.00,180+ Days,stale_or_review
YT34YUZN,Corliss Cosme,Cara Losch,East,GTXPro,Betasoloin,Engaging,2017-06-12,202,,,unknown,0.00,180+ Days,stale_or_review
MCA0202R,Kary Hendrixson,Summer Sewald,West,GTX Basic,,Engaging,2017-06-12,202,550,,unknown,550.00,180+ Days,stale_or_review
3A7G5K0E,Rosalina Dieter,Celia Rouche,West,GTX Basic,,Engaging,2017-06-12,202,550,,unknown,550.00,180+ Days,stale_or_review
WWCMITY9,Rosalina Dieter,Celia Rouche,West,GTXPro,Funholding,Engaging,2017-06-12,202,,,unknown,0.00,180+ Days,stale_or_review
TNWCER5C,Rosie Papadopoulos,Cara Losch,East,GTX Plus Basic,,Engaging,2017-06-12,202,1096,,unknown,1096.00,180+ Days,stale_or_review
SE6OIGYN,Violet Mclelland,Cara Losch,East,GTX Plus Basic,Isdom,Engaging,2017-06-12,202,1096,,unknown,1096.00,180+ Days,stale_or_review
WTAM4BED,Cassey Cress,Rocco Neubert,East,MG Special,,Engaging,2017-06-13,201,55,,unknown,55.00,180+ Days,stale_or_review
7HSRDCCK,Kary Hendrixson,Summer Sewald,West,GTX Plus Pro,,Engaging,2017-06-13,201,5482,,unknown,5482.00,180+ Days,stale_or_review
WA4TPQ5U,Maureen Marcano,Summer Sewald,West,GTX Plus Basic,Zoomit,Engaging,2017-06-13,201,1096,,unknown,1096.00,180+ Days,stale_or_review
C7ODMOS2,Zane Levy,Summer Sewald,West,MG Advanced,,Engaging,2017-06-13,201,3393,,unknown,3393.00,180+ Days,stale_or_review
JS5N8USN,Corliss Cosme,Cara Losch,East,GTX Plus Basic,,Engaging,2017-06-14,200,1096,,unknown,1096.00,180+ Days,stale_or_review
3VC45PML,James Ascencio,Summer Sewald,West,GTX Basic,,Engaging,2017-06-14,200,550,,unknown,550.00,180+ Days,stale_or_review
5URQT67R,Markita Hansen,Celia Rouche,West,GTK 500,Treequote,Engaging,2017-06-14,200,26768,,unknown,26768.00,180+ Days,stale_or_review
YX4E972E,Markita Hansen,Celia Rouche,West,GTXPro,Conecom,Engaging,2017-06-14,200,,,unknown,0.00,180+ Days,stale_or_review
ZU3GICE9,Maureen Marcano,Summer Sewald,West,GTX Basic,,Engaging,2017-06-15,199,550,,unknown,550.00,180+ Days,stale_or_review
OXNWRI4I,Rosalina Dieter,Celia Rouche,West,MG Special,,Engaging,2017-06-15,199,55,,unknown,55.00,180+ Days,stale_or_review
HKV37WU9,Vicki Laflamme,Celia Rouche,West,GTX Basic,,Engaging,2017-06-15,199,550,,unknown,550.00,180+ Days,stale_or_review
YXXWQA4G,Zane Levy,Summer Sewald,West,MG Advanced,,Engaging,2017-06-15,199,3393,,unknown,3393.00,180+ Days,stale_or_review
L1YN7LDL,Cassey Cress,Rocco Neubert,East,MG Special,Bluth Company,Engaging,2017-06-16,198,55,,unknown,55.00,180+ Days,stale_or_review
NEFPSWOJ,Markita Hansen,Celia Rouche,West,GTX Plus Basic,Toughzap,Engaging,2017-06-16,198,1096,,unknown,1096.00,180+ Days,stale_or_review
PFKDTEYU,Rosie Papadopoulos,Cara Losch,East,GTXPro,Xx-zobam,Engaging,2017-06-16,198,,,unknown,0.00,180+ Days,stale_or_review
3C5GNT3Q,Vicki Laflamme,Celia Rouche,West,MG Special,,Engaging,2017-06-16,198,55,,unknown,55.00,180+ Days,stale_or_review
0LRVHITK,Violet Mclelland,Cara Losch,East,MG Special,,Engaging,2017-06-16,198,55,,unknown,55.00,180+ Days,stale_or_review
HABN7JBG,Elease Gluck,Celia Rouche,West,GTX Basic,Rantouch,Engaging,2017-06-17,197,550,,unknown,550.00,180+ Days,stale_or_review
2O76H591,James Ascencio,Summer Sewald,West,MG Advanced,,Engaging,2017-06-17,197,3393,,unknown,3393.00,180+ Days,stale_or_review
KSOW4MUK,Kami Bicknell,Summer Sewald,West,GTX Basic,,Engaging,2017-06-17,197,550,,unknown,550.00,180+ Days,stale_or_review
FHYD80FB,Kami Bicknell,Summer Sewald,West,GTXPro,,Engaging,2017-06-17,197,,,unknown,0.00,180+ Days,stale_or_review
1ORXGKVH,Kary Hendrixson,Summer Sewald,West,GTXPro,Sonron,Engaging,2017-06-17,197,,,unknown,0.00,180+ Days,stale_or_review
EGEJA2HY,Markita Hansen,Celia Rouche,West,GTX Basic,,Engaging,2017-06-17,197,550,,unknown,550.00,180+ Days,stale_or_review
TIPG6R0Z,Vicki Laflamme,Celia Rouche,West,GTX Basic,,Engaging,2017-06-17,197,550,,unknown,550.00,180+ Days,stale_or_review
H3DYTZIQ,Cassey Cress,Rocco Neubert,East,GTX Plus Basic,Scottech,Engaging,2017-06-18,196,1096,,unknown,1096.00,180+ Days,stale_or_review
HEWKNHTH,Daniell Hammack,Rocco Neubert,East,GTX Plus Pro,,Engaging,2017-06-18,196,5482,,unknown,5482.00,180+ Days,stale_or_review
EFIR7HGR,Daniell Hammack,Rocco Neubert,East,MG Advanced,Groovestreet,Engaging,2017-06-18,196,3393,,unknown,3393.00,180+ Days,stale_or_review
H176AX96,James Ascencio,Summer Sewald,West,MG Advanced,Gekko & Co,Engaging,2017-06-18,196,3393,,unknown,3393.00,180+ Days,stale_or_review
XU836DFA,Kami Bicknell,Summer Sewald,West,GTX Basic,,Engaging,2017-06-18,196,550,,unknown,550.00,180+ Days,stale_or_review
961ED0B1,Corliss Cosme,Cara Losch,East,GTX Plus Basic,,Engaging,2017-06-19,195,1096,,unknown,1096.00,180+ Days,stale_or_review
LLQCQOCR,Kary Hendrixson,Summer Sewald,West,GTX Plus Basic,,Engaging,2017-06-19,195,1096,,unknown,1096.00,180+ Days,stale_or_review
54OH0061,Maureen Marcano,Summer Sewald,West,GTXPro,,Engaging,2017-06-19,195,,,unknown,0.00,180+ Days,stale_or_review
PCVNB0NO,Zane Levy,Summer Sewald,West,GTX Basic,,Engaging,2017-06-19,195,550,,unknown,550.00,180+ Days,stale_or_review
WEKW3XIN,Cassey Cress,Rocco Neubert,East,GTX Plus Pro,Condax,Engaging,2017-06-20,194,5482,,unknown,5482.00,180+ Days,stale_or_review
E29GOFUV,Elease Gluck,Celia Rouche,West,MG Special,Sumace,Engaging,2017-06-20,194,55,,unknown,55.00,180+ Days,stale_or_review
2MKG6ZDD,James Ascencio,Summer Sewald,West,GTX Basic,Domzoom,Engaging,2017-06-20,194,550,,unknown,550.00,180+ Days,stale_or_review
RUFJMV3I,James Ascencio,Summer Sewald,West,MG Special,,Engaging,2017-06-20,194,55,,unknown,55.00,180+ Days,stale_or_review
KDPBAHOJ,Kami Bicknell,Summer Sewald,West,MG Advanced,,Engaging,2017-06-20,194,3393,,unknown,3393.00,180+ Days,stale_or_review
96798U7Y,Rosie Papadopoulos,Cara Losch,East,GTXPro,,Engaging,2017-06-20,194,,,unknown,0.00,180+ Days,stale_or_review
B6Z5NFV0,Wilburn Farren,Cara Losch,East,MG Advanced,,Engaging,2017-06-20,194,3393,,unknown,3393.00,180+ Days,stale_or_review
VH6OFWCV,Zane Levy,Summer Sewald,West,MG Advanced,,Engaging,2017-06-20,194,3393,,unknown,3393.00,180+ Days,stale_or_review
BJO4VYLK,Daniell Hammack,Rocco Neubert,East,GTXPro,,Engaging,2017-06-21,193,,,unknown,0.00,180+ Days,stale_or_review
14CNQKX8,Kary Hendrixson,Summer Sewald,West,GTXPro,,Engaging,2017-06-21,193,,,unknown,0.00,180+ Days,stale_or_review
VHZFABAC,Daniell Hammack,Rocco Neubert,East,MG Special,,Engaging,2017-06-22,192,55,,unknown,55.00,180+ Days,stale_or_review
10THTNLC,Zane Levy,Summer Sewald,West,GTX Plus Basic,,Engaging,2017-06-22,192,1096,,unknown,1096.00,180+ Days,stale_or_review
QU6CFZ22,Cassey Cress,Rocco Neubert,East,MG Advanced,,Engaging,2017-06-23,191,3393,,unknown,3393.00,180+ Days,stale_or_review
BJOY31DL,Violet Mclelland,Cara Losch,East,MG Special,Betasoloin,Engaging,2017-06-23,191,55,,unknown,55.00,180+ Days,stale_or_review
O9WYT5ST,Zane Levy,Summer Sewald,West,GTXPro,Kan-code,Engaging,2017-06-23,191,,,unknown,0.00,180+ Days,stale_or_review
EBLSL27F,Boris Faz,Rocco Neubert,East,GTX Plus Pro,,Engaging,2017-06-24,190,5482,,unknown,5482.00,180+ Days,stale_or_review
13FIM9V3,Corliss Cosme,Cara Losch,East,GTXPro,,Engaging,2017-06-24,190,,,unknown,0.00,180+ Days,stale_or_review
74KGIZW4,Kary Hendrixson,Summer Sewald,West,GTXPro,Betasoloin,Engaging,2017-06-24,190,,,unknown,0.00,180+ Days,stale_or_review
HSYU33MS,Vicki Laflamme,Celia Rouche,West,MG Special,,Engaging,2017-06-24,190,55,,unknown,55.00,180+ Days,stale_or_review
Z6R4KJFU,Daniell Hammack,Rocco Neubert,East,GTXPro,,Engaging,2017-06-25,189,,,unknown,0.00,180+ Days,stale_or_review
24REVMX7,Rosalina Dieter,Celia Rouche,West,GTX Basic,,Engaging,2017-06-25,189,550,,unknown,550.00,180+ Days,stale_or_review
AW4PSTWR,Rosie Papadopoulos,Cara Losch,East,GTX Basic,Ron-tech,Engaging,2017-06-25,189,550,,unknown,550.00,180+ Days,stale_or_review
2FNTCPOU,Vicki Laflamme,Celia Rouche,West,GTX Plus Pro,,Engaging,2017-06-25,189,5482,,unknown,5482.00,180+ Days,stale_or_review
A8QRKXG3,Vicki Laflamme,Celia Rouche,West,GTXPro,,Engaging,2017-06-25,189,,,unknown,0.00,180+ Days,stale_or_review
S2SC8AP7,Violet Mclelland,Cara Losch,East,MG Special,,Engaging,2017-06-25,189,55,,unknown,55.00,180+ Days,stale_or_review
ZT52DT8H,Daniell Hammack,Rocco Neubert,East,MG Advanced,,Engaging,2017-06-26,188,3393,,unknown,3393.00,180+ Days,stale_or_review
ND0OV6MQ,Kary Hendrixson,Summer Sewald,West,GTX Plus Basic,,Engaging,2017-06-26,188,1096,,unknown,1096.00,180+ Days,stale_or_review
23NAJF9W,Zane Levy,Summer Sewald,West,GTXPro,Plussunin,Engaging,2017-06-26,188,,,unknown,0.00,180+ Days,stale_or_review
HTF7TYQS,Daniell Hammack,Rocco Neubert,East,GTXPro,,Engaging,2017-06-27,187,,,unknown,0.00,180+ Days,stale_or_review
R443AUAG,Violet Mclelland,Cara Losch,East,GTXPro,,Engaging,2017-06-27,187,,,unknown,0.00,180+ Days,stale_or_review
V71FMJBD,Rosie Papadopoulos,Cara Losch,East,MG Advanced,,Engaging,2017-06-28,186,3393,,unknown,3393.00,180+ Days,stale_or_review
SZAMHBGA,Violet Mclelland,Cara Losch,East,MG Advanced,Nam-zim,Engaging,2017-06-28,186,3393,,unknown,3393.00,180+ Days,stale_or_review
ZD1X3R4G,Corliss Cosme,Cara Losch,East,GTX Plus Basic,,Engaging,2017-06-29,185,1096,,unknown,1096.00,180+ Days,stale_or_review
EMUG64GW,Kary Hendrixson,Summer Sewald,West,GTX Basic,,Engaging,2017-06-29,185,550,,unknown,550.00,180+ Days,stale_or_review
XYRO1TLJ,Markita Hansen,Celia Rouche,West,GTXPro,,Engaging,2017-06-29,185,,,unknown,0.00,180+ Days,stale_or_review
T4FR3FAC,Vicki Laflamme,Celia Rouche,West,MG Advanced,,Engaging,2017-06-29,185,3393,,unknown,3393.00,180+ Days,stale_or_review
BMH2FEGF,Boris Faz,Rocco Neubert,East,GTX Plus Basic,,Engaging,2017-06-30,184,1096,,unknown,1096.00,180+ Days,stale_or_review
3T23AW36,James Ascencio,Summer Sewald,West,GTX Plus Basic,,Engaging,2017-06-30,184,1096,,unknown,1096.00,180+ Days,stale_or_review
JUHQ1POT,Boris Faz,Rocco Neubert,East,GTX Plus Basic,Streethex,Engaging,2017-07-01,183,1096,,unknown,1096.00,180+ Days,stale_or_review
FOJG3OCO,Corliss Cosme,Cara Losch,East,GTX Plus Pro,,Engaging,2017-07-01,183,5482,,unknown,5482.00,180+ Days,stale_or_review
04SCU6DK,Corliss Cosme,Cara Losch,East,MG Advanced,,Engaging,2017-07-01,183,3393,,unknown,3393.00,180+ Days,stale_or_review
AR33M33M,Hayden Neloms,Celia Rouche,West,GTX Plus Basic,,Engaging,2017-07-01,183,1096,,unknown,1096.00,180+ Days,stale_or_review
VSYO182N,Kary Hendrixson,Summer Sewald,West,GTXPro,Dalttechnology,Engaging,2017-07-01,183,,,unknown,0.00,180+ Days,stale_or_review
BCA6Y34B,Rosie Papadopoulos,Cara Losch,East,MG Advanced,,Engaging,2017-07-01,183,3393,,unknown,3393.00,180+ Days,stale_or_review
H9N9DP3D,Vicki Laflamme,Celia Rouche,West,GTX Basic,,Engaging,2017-07-01,183,550,,unknown,550.00,180+ Days,stale_or_review
WQAKXOYU,Boris Faz,Rocco Neubert,East,GTXPro,,Engaging,2017-07-02,182,,,unknown,0.00,180+ Days,stale_or_review
HAUB1NBF,Corliss Cosme,Cara Losch,East,GTXPro,,Engaging,2017-07-02,182,,,unknown,0.00,180+ Days,stale_or_review
Z9S1ZX7W,Daniell Hammack,Rocco Neubert,East,GTX Plus Basic,Condax,Engaging,2017-07-02,182,1096,,unknown,1096.00,180+ Days,stale_or_review
HLDA8IA1,Elease Gluck,Celia Rouche,West,MG Special,,Engaging,2017-07-02,182,55,,unknown,55.00,180+ Days,stale_or_review
4EGO7VCJ,Kami Bicknell,Summer Sewald,West,GTXPro,,Engaging,2017-07-02,182,,,unknown,0.00,180+ Days,stale_or_review
HIV4W2E0,Kary Hendrixson,Summer Sewald,West,GTX Plus Basic,Betasoloin,Engaging,2017-07-02,182,1096,,unknown,1096.00,180+ Days,stale_or_review
35LLMROC,Kary Hendrixson,Summer Sewald,West,GTX Basic,,Engaging,2017-07-03,181,550,,unknown,550.00,180+ Days,stale_or_review
49T60OCI,Cassey Cress,Rocco Neubert,East,GTX Plus Pro,Scottech,Engaging,2017-07-04,180,5482,,unknown,5482.00,91-180 Days,watch
W07RZO17,Kary Hendrixson,Summer Sewald,West,MG Advanced,,Engaging,2017-07-04,180,3393,,unknown,3393.00,91-180 Days,watch
UGB3A3CE,Maureen Marcano,Summer Sewald,West,MG Special,,Engaging,2017-07-04,180,55,,unknown,55.00,91-180 Days,watch
AWORM94L,Cassey Cress,Rocco Neubert,East,GTX Basic,,Engaging,2017-07-05,179,550,,unknown,550.00,91-180 Days,watch
SXYJU7LC,Kami Bicknell,Summer Sewald,West,GTX Basic,,Engaging,2017-07-05,179,550,,unknown,550.00,91-180 Days,watch
QP0QCP8Y,Kary Hendrixson,Summer Sewald,West,GTX Plus Pro,Dalttechnology,Engaging,2017-07-05,179,5482,,unknown,5482.00,91-180 Days,watch
K7056XS7,Rosie Papadopoulos,Cara Losch,East,MG Advanced,Kinnamplus,Engaging,2017-07-05,179,3393,,unknown,3393.00,91-180 Days,watch
BRFZCNMP,Corliss Cosme,Cara Losch,East,GTX Plus Basic,,Engaging,2017-07-06,178,1096,,unknown,1096.00,91-180 Days,watch
E2KGQVEO,Daniell Hammack,Rocco Neubert,East,MG Advanced,,Engaging,2017-07-06,178,3393,,unknown,3393.00,91-180 Days,watch
81PWOUF0,Maureen Marcano,Summer Sewald,West,GTXPro,,Engaging,2017-07-06,178,,,unknown,0.00,91-180 Days,watch
CFI2GXN1,Boris Faz,Rocco Neubert,East,GTXPro,,Engaging,2017-07-07,177,,,unknown,0.00,91-180 Days,watch
5M5TW9RC,Cassey Cress,Rocco Neubert,East,GTX Plus Basic,Umbrella Corporation,Engaging,2017-07-07,177,1096,,unknown,1096.00,91-180 Days,watch
K1K48OTP,Kary Hendrixson,Summer Sewald,West,GTX Plus Pro,Conecom,Engaging,2017-07-07,177,5482,,unknown,5482.00,91-180 Days,watch
YYTZSTL0,Rosie Papadopoulos,Cara Losch,East,GTX Plus Pro,,Engaging,2017-07-07,177,5482,,unknown,5482.00,91-180 Days,watch
ORM1IRQ2,Violet Mclelland,Cara Losch,East,MG Special,,Engaging,2017-07-07,177,55,,unknown,55.00,91-180 Days,watch
QU220OFI,Boris Faz,Rocco Neubert,East,GTX Basic,Finhigh,Engaging,2017-07-08,176,550,,unknown,550.00,91-180 Days,watch
B3A6VXVQ,Corliss Cosme,Cara Losch,East,GTX Basic,Acme Corporation,Engaging,2017-07-08,176,550,,unknown,550.00,91-180 Days,watch
QKXCMJVB,James Ascencio,Summer Sewald,West,GTX Basic,,Engaging,2017-07-08,176,550,,unknown,550.00,91-180 Days,watch
0D37PQA0,Violet Mclelland,Cara Losch,East,GTX Plus Basic,,Engaging,2017-07-08,176,1096,,unknown,1096.00,91-180 Days,watch
D193SPY4,Violet Mclelland,Cara Losch,East,MG Special,Plussunin,Engaging,2017-07-08,176,55,,unknown,55.00,91-180 Days,watch
NK1B8YME,Cassey Cress,Rocco Neubert,East,GTX Plus Pro,,Engaging,2017-07-09,175,5482,,unknown,5482.00,91-180 Days,watch
OT26ZUZ7,Daniell Hammack,Rocco Neubert,East,GTXPro,Betatech,Engaging,2017-07-09,175,,,unknown,0.00,91-180 Days,watch
HI9S2MRZ,Elease Gluck,Celia Rouche,West,GTX Plus Basic,,Engaging,2017-07-09,175,1096,,unknown,1096.00,91-180 Days,watch
6AO6E15O,Rosalina Dieter,Celia Rouche,West,GTXPro,Statholdings,Engaging,2017-07-09,175,,,unknown,0.00,91-180 Days,watch
OW9OM3UO,Rosalina Dieter,Celia Rouche,West,MG Advanced,,Engaging,2017-07-09,175,3393,,unknown,3393.00,91-180 Days,watch
CQYAMIQ3,Zane Levy,Summer Sewald,West,GTXPro,,Engaging,2017-07-09,175,,,unknown,0.00,91-180 Days,watch
QV3TAWDT,Rosie Papadopoulos,Cara Losch,East,GTXPro,,Engaging,2017-07-10,174,,,unknown,0.00,91-180 Days,watch
USJWM3F3,Violet Mclelland,Cara Losch,East,GTX Basic,,Engaging,2017-07-10,174,550,,unknown,550.00,91-180 Days,watch
0T9KUEQ2,Cassey Cress,Rocco Neubert,East,GTX Plus Pro,,Engaging,2017-07-11,173,5482,,unknown,5482.00,91-180 Days,watch
JB3J080M,Kary Hendrixson,Summer Sewald,West,GTX Plus Pro,,Engaging,2017-07-11,173,5482,,unknown,5482.00,91-180 Days,watch
21OMR381,Corliss Cosme,Cara Losch,East,MG Special,,Engaging,2017-07-12,172,55,,unknown,55.00,91-180 Days,watch
X9HFP474,Daniell Hammack,Rocco Neubert,East,GTX Basic,Dontechi,Engaging,2017-07-12,172,550,,unknown,550.00,91-180 Days,watch
R0XNAFUB,Zane Levy,Summer Sewald,West,GTX Basic,,Engaging,2017-07-12,172,550,,unknown,550.00,91-180 Days,watch
4LOHS2AJ,Rosie Papadopoulos,Cara Losch,East,MG Special,,Engaging,2017-07-13,171,55,,unknown,55.00,91-180 Days,watch
8JH8YA79,Kami Bicknell,Summer Sewald,West,GTX Basic,,Engaging,2017-07-14,170,550,,unknown,550.00,91-180 Days,watch
8BYEALF9,Vicki Laflamme,Celia Rouche,West,MG Special,,Engaging,2017-07-14,170,55,,unknown,55.00,91-180 Days,watch
YVDQ80A0,Maureen Marcano,Summer Sewald,West,GTX Plus Basic,,Engaging,2017-07-15,169,1096,,unknown,1096.00,91-180 Days,watch
CI9S6CST,Rosalina Dieter,Celia Rouche,West,MG Special,,Engaging,2017-07-15,169,55,,unknown,55.00,91-180 Days,watch
ISQJD695,Boris Faz,Rocco Neubert,East,GTX Basic,Sunnamplex,Engaging,2017-07-16,168,550,,unknown,550.00,91-180 Days,watch
M2A8EY5Q,Hayden Neloms,Celia Rouche,West,GTX Plus Pro,,Engaging,2017-07-16,168,5482,,unknown,5482.00,91-180 Days,watch
3CB3WNBM,Boris Faz,Rocco Neubert,East,GTX Basic,Kinnamplus,Engaging,2017-07-17,167,550,,unknown,550.00,91-180 Days,watch
EJDRMHNC,Boris Faz,Rocco Neubert,East,MG Special,,Engaging,2017-07-17,167,55,,unknown,55.00,91-180 Days,watch
O8C2G4G2,Cassey Cress,Rocco Neubert,East,MG Advanced,,Engaging,2017-07-17,167,3393,,unknown,3393.00,91-180 Days,watch
HBN3R2TJ,Elease Gluck,Celia Rouche,West,MG Advanced,,Engaging,2017-07-17,167,3393,,unknown,3393.00,91-180 Days,watch
7A3R2M9T,Vicki Laflamme,Celia Rouche,West,GTX Plus Pro,Sonron,Engaging,2017-07-17,167,5482,,unknown,5482.00,91-180 Days,watch
O28I4VDY,Corliss Cosme,Cara Losch,East,GTX Plus Basic,,Engaging,2017-07-18,166,1096,,unknown,1096.00,91-180 Days,watch
XRWMLGOG,James Ascencio,Summer Sewald,West,MG Advanced,,Engaging,2017-07-18,166,3393,,unknown,3393.00,91-180 Days,watch
MIXJ9F4F,Maureen Marcano,Summer Sewald,West,GTX Plus Basic,,Engaging,2017-07-18,166,1096,,unknown,1096.00,91-180 Days,watch
39EYEBMK,Violet Mclelland,Cara Losch,East,GTX Basic,,Engaging,2017-07-18,166,550,,unknown,550.00,91-180 Days,watch
LAYVBSH4,Anna Snelling,Dustin Brinkmann,Central,GTX Basic,,Engaging,2017-07-19,165,550,,unknown,550.00,91-180 Days,watch
055Z2OAS,Anna Snelling,Dustin Brinkmann,Central,MG Special,Dontechi,Engaging,2017-07-19,165,55,,unknown,55.00,91-180 Days,watch
Q9VC6GV0,Anna Snelling,Dustin Brinkmann,Central,MG Special,Konmatfix,Engaging,2017-07-19,165,55,,unknown,55.00,91-180 Days,watch
8D8JOXP6,Cecily Lampkin,Dustin Brinkmann,Central,MG Special,,Engaging,2017-07-19,165,55,,unknown,55.00,91-180 Days,watch
IPHP2GVT,Cecily Lampkin,Dustin Brinkmann,Central,MG Special,,Engaging,2017-07-19,165,55,,unknown,55.00,91-180 Days,watch
X8M3SCVF,Darcel Schlecht,Melvin Marxen,Central,GTX Basic,,Engaging,2017-07-19,165,550,,unknown,550.00,91-180 Days,watch
I3KQNE9V,Darcel Schlecht,Melvin Marxen,Central,GTX Plus Pro,Isdom,Engaging,2017-07-19,165,5482,,unknown,5482.00,91-180 Days,watch
NU4ACGMY,Darcel Schlecht,Melvin Marxen,Central,GTXPro,,Engaging,2017-07-19,165,,,unknown,0.00,91-180 Days,watch
CCLIVXMG,Elease Gluck,Celia Rouche,West,GTXPro,,Engaging,2017-07-19,165,,,unknown,0.00,91-180 Days,watch
LDK61ORQ,Hayden Neloms,Celia Rouche,West,MG Special,Xx-zobam,Engaging,2017-07-19,165,55,,unknown,55.00,91-180 Days,watch
PQOHTS9I,Jonathan Berthelot,Melvin Marxen,Central,GTXPro,Inity,Engaging,2017-07-19,165,,,unknown,0.00,91-180 Days,watch
LORMJLTE,Lajuana Vencill,Dustin Brinkmann,Central,GTX Plus Basic,Konmatfix,Engaging,2017-07-19,165,1096,,unknown,1096.00,91-180 Days,watch
HIVUC1C4,Lajuana Vencill,Dustin Brinkmann,Central,MG Special,,Engaging,2017-07-19,165,55,,unknown,55.00,91-180 Days,watch
E3XLWCWX,Marty Freudenburg,Melvin Marxen,Central,GTX Plus Pro,Ontomedia,Engaging,2017-07-19,165,5482,,unknown,5482.00,91-180 Days,watch
7LD79NYD,Marty Freudenburg,Melvin Marxen,Central,MG Advanced,,Engaging,2017-07-19,165,3393,,unknown,3393.00,91-180 Days,watch
BKOWQMMV,Moses Frase,Dustin Brinkmann,Central,GTX Basic,,Engaging,2017-07-19,165,550,,unknown,550.00,91-180 Days,watch
2WDSO6PG,Niesha Huffines,Melvin Marxen,Central,GTX Basic,Hatfan,Engaging,2017-07-19,165,550,,unknown,550.00,91-180 Days,watch
IQFDPIND,Versie Hillebrand,Dustin Brinkmann,Central,GTX Basic,,Engaging,2017-07-19,165,550,,unknown,550.00,91-180 Days,watch
JHCA115A,Vicki Laflamme,Celia Rouche,West,GTXPro,Green-Plus,Engaging,2017-07-19,165,,,unknown,0.00,91-180 Days,watch
DMG5EOFC,Violet Mclelland,Cara Losch,East,MG Advanced,Lexiqvolax,Engaging,2017-07-19,165,3393,,unknown,3393.00,91-180 Days,watch
ZGFB0IF1,Anna Snelling,Dustin Brinkmann,Central,GTX Plus Basic,,Engaging,2017-07-20,164,1096,,unknown,1096.00,91-180 Days,watch
LD4F6QTP,Anna Snelling,Dustin Brinkmann,Central,GTX Plus Pro,Groovestreet,Engaging,2017-07-20,164,5482,,unknown,5482.00,91-180 Days,watch
1FEHFRKX,Anna Snelling,Dustin Brinkmann,Central,GTX Plus Pro,Labdrill,Engaging,2017-07-20,164,5482,,unknown,5482.00,91-180 Days,watch
DNBR1VHP,Anna Snelling,Dustin Brinkmann,Central,MG Special,Silis,Engaging,2017-07-20,164,55,,unknown,55.00,91-180 Days,watch
1R2CLEGQ,Anna Snelling,Dustin Brinkmann,Central,MG Special,,Engaging,2017-07-20,164,55,,unknown,55.00,91-180 Days,watch
NSO0UHK1,Daniell Hammack,Rocco Neubert,East,GTX Plus Basic,,Engaging,2017-07-20,164,1096,,unknown,1096.00,91-180 Days,watch
LHBWJAD3,Darcel Schlecht,Melvin Marxen,Central,GTX Plus Basic,,Engaging,2017-07-20,164,1096,,unknown,1096.00,91-180 Days,watch
KRWKDPWW,Darcel Schlecht,Melvin Marxen,Central,GTX Plus Basic,,Engaging,2017-07-20,164,1096,,unknown,1096.00,91-180 Days,watch
6V7FT2YU,Darcel Schlecht,Melvin Marxen,Central,GTXPro,,Engaging,2017-07-20,164,,,unknown,0.00,91-180 Days,watch
OI3UIKVF,Hayden Neloms,Celia Rouche,West,GTX Plus Basic,Konmatfix,Engaging,2017-07-20,164,1096,,unknown,1096.00,91-180 Days,watch
GY10EROJ,Jonathan Berthelot,Melvin Marxen,Central,GTX Basic,Cheers,Engaging,2017-07-20,164,550,,unknown,550.00,91-180 Days,watch
90G292UY,Jonathan Berthelot,Melvin Marxen,Central,GTX Basic,,Engaging,2017-07-20,164,550,,unknown,550.00,91-180 Days,watch
JDHHDOX8,Jonathan Berthelot,Melvin Marxen,Central,GTX Basic,,Engaging,2017-07-20,164,550,,unknown,550.00,91-180 Days,watch
KTWP0SMT,Jonathan Berthelot,Melvin Marxen,Central,GTX Basic,,Engaging,2017-07-20,164,550,,unknown,550.00,91-180 Days,watch
29W6WPLA,Jonathan Berthelot,Melvin Marxen,Central,GTX Plus Basic,Gekko & Co,Engaging,2017-07-20,164,1096,,unknown,1096.00,91-180 Days,watch
CDVDL9I5,Jonathan Berthelot,Melvin Marxen,Central,GTX Plus Basic,,Engaging,2017-07-20,164,1096,,unknown,1096.00,91-180 Days,watch
PJ75Q8VM,Jonathan Berthelot,Melvin Marxen,Central,GTXPro,,Engaging,2017-07-20,164,,,unknown,0.00,91-180 Days,watch
0NSRB3EO,Jonathan Berthelot,Melvin Marxen,Central,MG Special,,Engaging,2017-07-20,164,55,,unknown,55.00,91-180 Days,watch
TDJ3N8EJ,Kami Bicknell,Summer Sewald,West,MG Advanced,Kinnamplus,Engaging,2017-07-20,164,3393,,unknown,3393.00,91-180 Days,watch
7439NGIG,Marty Freudenburg,Melvin Marxen,Central,GTXPro,Sumace,Engaging,2017-07-20,164,,,unknown,0.00,91-180 Days,watch
3JW6CZ7K,Moses Frase,Dustin Brinkmann,Central,GTX Basic,,Engaging,2017-07-20,164,550,,unknown,550.00,91-180 Days,watch
F3EOBN5A,Moses Frase,Dustin Brinkmann,Central,GTX Plus Pro,Genco Pura Olive Oil Company,Engaging,2017-07-20,164,5482,,unknown,5482.00,91-180 Days,watch
AERVH1AC,Niesha Huffines,Melvin Marxen,Central,GTX Plus Basic,,Engaging,2017-07-20,164,1096,,unknown,1096.00,91-180 Days,watch
BBOWBQA6,Niesha Huffines,Melvin Marxen,Central,GTX Plus Pro,Blackzim,Engaging,2017-07-20,164,5482,,unknown,5482.00,91-180 Days,watch
GEQ7KT9J,Wilburn Farren,Cara Losch,East,GTX Plus Basic,Plussunin,Engaging,2017-07-20,164,1096,,unknown,1096.00,91-180 Days,watch
S50ETCN7,Anna Snelling,Dustin Brinkmann,Central,GTX Plus Basic,,Engaging,2017-07-21,163,1096,,unknown,1096.00,91-180 Days,watch
0KRVN3V5,Anna Snelling,Dustin Brinkmann,Central,MG Advanced,Hatfan,Engaging,2017-07-21,163,3393,,unknown,3393.00,91-180 Days,watch
UJ58VMZT,Cecily Lampkin,Dustin Brinkmann,Central,GTX Plus Basic,,Engaging,2017-07-21,163,1096,,unknown,1096.00,91-180 Days,watch
E8GD44YC,Cecily Lampkin,Dustin Brinkmann,Central,GTX Plus Basic,,Engaging,2017-07-21,163,1096,,unknown,1096.00,91-180 Days,watch
A3T91VUM,Cecily Lampkin,Dustin Brinkmann,Central,MG Special,,Engaging,2017-07-21,163,55,,unknown,55.00,91-180 Days,watch
S6YZO6UQ,Darcel Schlecht,Melvin Marxen,Central,GTXPro,,Engaging,2017-07-21,163,,,unknown,0.00,91-180 Days,watch
PI45UJKA,Darcel Schlecht,Melvin Marxen,Central,GTXPro,,Engaging,2017-07-21,163,,,unknown,0.00,91-180 Days,watch
T9QD8U1Y,Darcel Schlecht,Melvin Marxen,Central,MG Special,Betasoloin,Engaging,2017-07-21,163,55,,unknown,55.00,91-180 Days,watch
WLDFQR7Z,Darcel Schlecht,Melvin Marxen,Central,MG Advanced,Bubba Gump,Engaging,2017-07-21,163,3393,,unknown,3393.00,91-180 Days,watch
PNISVWNN,Darcel Schlecht,Melvin Marxen,Central,MG Advanced,Scotfind,Engaging,2017-07-21,163,3393,,unknown,3393.00,91-180 Days,watch
0HVUV9OY,Gladys Colclough,Melvin Marxen,Central,GTX Basic,,Engaging,2017-07-21,163,550,,unknown,550.00,91-180 Days,watch
GVJFKHNL,Gladys Colclough,Melvin Marxen,Central,MG Special,Silis,Engaging,2017-07-21,163,55,,unknown,55.00,91-180 Days,watch
COSC7XVA,Gladys Colclough,Melvin Marxen,Central,MG Advanced,,Engaging,2017-07-21,163,3393,,unknown,3393.00,91-180 Days,watch
WARBRUXU,Jonathan Berthelot,Melvin Marxen,Central,GTX Basic,Stanredtax,Engaging,2017-07-21,163,550,,unknown,550.00,91-180 Days,watch
02K37JAK,Jonathan Berthelot,Melvin Marxen,Central,GTX Plus Basic,,Engaging,2017-07-21,163,1096,,unknown,1096.00,91-180 Days,watch
6F5TIV66,Jonathan Berthelot,Melvin Marxen,Central,GTX Plus Basic,,Engaging,2017-07-21,163,1096,,unknown,1096.00,91-180 Days,watch
HTEAOHFO,Kami Bicknell,Summer Sewald,West,GTX Basic,,Engaging,2017-07-21,163,550,,unknown,550.00,91-180 Days,watch
VJ9K12PY,Lajuana Vencill,Dustin Brinkmann,Central,MG Special,,Engaging,2017-07-21,163,55,,unknown,55.00,91-180 Days,watch
MV7I9RKH,Marty Freudenburg,Melvin Marxen,Central,GTX Plus Basic,Treequote,Engaging,2017-07-21,163,1096,,unknown,1096.00,91-180 Days,watch
CBQRKYZP,Marty Freudenburg,Melvin Marxen,Central,GTX Plus Pro,Silis,Engaging,2017-07-21,163,5482,,unknown,5482.00,91-180 Days,watch
ETLF2H4K,Maureen Marcano,Summer Sewald,West,GTX Plus Basic,,Engaging,2017-07-21,163,1096,,unknown,1096.00,91-180 Days,watch
XVB2CGL6,Maureen Marcano,Summer Sewald,West,GTXPro,,Engaging,2017-07-21,163,,,unknown,0.00,91-180 Days,watch
GE4QGOCI,Moses Frase,Dustin Brinkmann,Central,MG Special,,Engaging,2017-07-21,163,55,,unknown,55.00,91-180 Days,watch
3YDXZ4FA,Versie Hillebrand,Dustin Brinkmann,Central,GTX Plus Pro,,Engaging,2017-07-21,163,5482,,unknown,5482.00,91-180 Days,watch
EUBMHJGQ,Versie Hillebrand,Dustin Brinkmann,Central,MG Special,Hottechi,Engaging,2017-07-21,163,55,,unknown,55.00,91-180 Days,watch
R69OYH4Z,Vicki Laflamme,Celia Rouche,West,GTXPro,Umbrella Corporation,Engaging,2017-07-21,163,,,unknown,0.00,91-180 Days,watch
S0Z4QVL2,Vicki Laflamme,Celia Rouche,West,GTXPro,,Engaging,2017-07-21,163,,,unknown,0.00,91-180 Days,watch
I9SPENCQ,Violet Mclelland,Cara Losch,East,GTX Plus Basic,Cheers,Engaging,2017-07-21,163,1096,,unknown,1096.00,91-180 Days,watch
REAFB3C3,Zane Levy,Summer Sewald,West,GTX Basic,,Engaging,2017-07-21,163,550,,unknown,550.00,91-180 Days,watch
0Z8ZAS2M,Zane Levy,Summer Sewald,West,GTX Basic,,Engaging,2017-07-21,163,550,,unknown,550.00,91-180 Days,watch
VRCYXSP1,Zane Levy,Summer Sewald,West,GTX Basic,,Engaging,2017-07-21,163,550,,unknown,550.00,91-180 Days,watch
QRR70537,Anna Snelling,Dustin Brinkmann,Central,GTX Basic,,Engaging,2017-07-22,162,550,,unknown,550.00,91-180 Days,watch
T4AW06MM,Anna Snelling,Dustin Brinkmann,Central,GTX Plus Pro,,Engaging,2017-07-22,162,5482,,unknown,5482.00,91-180 Days,watch
FEFNNXH1,Anna Snelling,Dustin Brinkmann,Central,MG Special,Singletechno,Engaging,2017-07-22,162,55,,unknown,55.00,91-180 Days,watch
3DATPTEH,Anna Snelling,Dustin Brinkmann,Central,MG Special,,Engaging,2017-07-22,162,55,,unknown,55.00,91-180 Days,watch
FT5U6NIG,Anna Snelling,Dustin Brinkmann,Central,MG Special,,Engaging,2017-07-22,162,55,,unknown,55.00,91-180 Days,watch
RQF6II3D,Anna Snelling,Dustin Brinkmann,Central,MG Special,,Engaging,2017-07-22,162,55,,unknown,55.00,91-180 Days,watch
E9J482PX,Anna Snelling,Dustin Brinkmann,Central,MG Advanced,,Engaging,2017-07-22,162,3393,,unknown,3393.00,91-180 Days,watch
8QDSXHQ8,Cecily Lampkin,Dustin Brinkmann,Central,GTX Basic,,Engaging,2017-07-22,162,550,,unknown,550.00,91-180 Days,watch
5DQZSOBE,Cecily Lampkin,Dustin Brinkmann,Central,GTX Plus Basic,,Engaging,2017-07-22,162,1096,,unknown,1096.00,91-180 Days,watch
OT5G3M9A,Cecily Lampkin,Dustin Brinkmann,Central,MG Advanced,Treequote,Engaging,2017-07-22,162,3393,,unknown,3393.00,91-180 Days,watch
TQQDICC6,Darcel Schlecht,Melvin Marxen,Central,GTX Basic,,Engaging,2017-07-22,162,550,,unknown,550.00,91-180 Days,watch
P66UXGPS,Darcel Schlecht,Melvin Marxen,Central,GTX Plus Basic,,Engaging,2017-07-22,162,1096,,unknown,1096.00,91-180 Days,watch
FY5MBCWQ,Darcel Schlecht,Melvin Marxen,Central,GTXPro,,Engaging,2017-07-22,162,,,unknown,0.00,91-180 Days,watch
UAX2OR58,Darcel Schlecht,Melvin Marxen,Central,MG Special,,Engaging,2017-07-22,162,55,,unknown,55.00,91-180 Days,watch
YBY3PA1S,Gladys Colclough,Melvin Marxen,Central,GTX Basic,,Engaging,2017-07-22,162,550,,unknown,550.00,91-180 Days,watch
751V8OFM,Gladys Colclough,Melvin Marxen,Central,GTX Plus Basic,Funholding,Engaging,2017-07-22,162,1096,,unknown,1096.00,91-180 Days,watch
33BMGHPN,Gladys Colclough,Melvin Marxen,Central,MG Special,Opentech,Engaging,2017-07-22,162,55,,unknown,55.00,91-180 Days,watch
XNHTLVT1,Gladys Colclough,Melvin Marxen,Central,MG Special,,Engaging,2017-07-22,162,55,,unknown,55.00,91-180 Days,watch
8TFYRWZ6,Gladys Colclough,Melvin Marxen,Central,MG Advanced,Mathtouch,Engaging,2017-07-22,162,3393,,unknown,3393.00,91-180 Days,watch
E26Z10W7,James Ascencio,Summer Sewald,West,MG Special,,Engaging,2017-07-22,162,55,,unknown,55.00,91-180 Days,watch
ZTQD4PLQ,Jonathan Berthelot,Melvin Marxen,Central,GTX Plus Basic,,Engaging,2017-07-22,162,1096,,unknown,1096.00,91-180 Days,watch
2CZUU9E0,Lajuana Vencill,Dustin Brinkmann,Central,GTX Basic,,Engaging,2017-07-22,162,550,,unknown,550.00,91-180 Days,watch
I2ESAAIK,Lajuana Vencill,Dustin Brinkmann,Central,GTX Plus Basic,,Engaging,2017-07-22,162,1096,,unknown,1096.00,91-180 Days,watch
IMLG35AP,Lajuana Vencill,Dustin Brinkmann,Central,GTX Plus Pro,,Engaging,2017-07-22,162,5482,,unknown,5482.00,91-180 Days,watch
0T2CY70E,Lajuana Vencill,Dustin Brinkmann,Central,MG Advanced,,Engaging,2017-07-22,162,3393,,unknown,3393.00,91-180 Days,watch
AWCGYWTE,Moses Frase,Dustin Brinkmann,Central,MG Special,Kinnamplus,Engaging,2017-07-22,162,55,,unknown,55.00,91-180 Days,watch
UJTU7DUB,Moses Frase,Dustin Brinkmann,Central,MG Special,,Engaging,2017-07-22,162,55,,unknown,55.00,91-180 Days,watch
JOLNKYNH,Moses Frase,Dustin Brinkmann,Central,MG Advanced,,Engaging,2017-07-22,162,3393,,unknown,3393.00,91-180 Days,watch
TV2M081C,Moses Frase,Dustin Brinkmann,Central,MG Advanced,,Engaging,2017-07-22,162,3393,,unknown,3393.00,91-180 Days,watch
SJGOQMLT,Moses Frase,Dustin Brinkmann,Central,MG Advanced,,Engaging,2017-07-22,162,3393,,unknown,3393.00,91-180 Days,watch
MM79TSUR,Versie Hillebrand,Dustin Brinkmann,Central,MG Special,,Engaging,2017-07-22,162,55,,unknown,55.00,91-180 Days,watch
INLVV78V,Versie Hillebrand,Dustin Brinkmann,Central,MG Special,,Engaging,2017-07-22,162,55,,unknown,55.00,91-180 Days,watch
4JTH72JR,Versie Hillebrand,Dustin Brinkmann,Central,MG Special,,Engaging,2017-07-22,162,55,,unknown,55.00,91-180 Days,watch
TTKPNDTP,Versie Hillebrand,Dustin Brinkmann,Central,MG Advanced,,Engaging,2017-07-22,162,3393,,unknown,3393.00,91-180 Days,watch
QELHQ898,Zane Levy,Summer Sewald,West,GTX Plus Basic,Statholdings,Engaging,2017-07-22,162,1096,,unknown,1096.00,91-180 Days,watch
J732416R,Anna Snelling,Dustin Brinkmann,Central,MG Special,,Engaging,2017-07-23,161,55,,unknown,55.00,91-180 Days,watch
IAUXJ05J,Anna Snelling,Dustin Brinkmann,Central,MG Special,,Engaging,2017-07-23,161,55,,unknown,55.00,91-180 Days,watch
G7H64S20,Anna Snelling,Dustin Brinkmann,Central,MG Advanced,,Engaging,2017-07-23,161,3393,,unknown,3393.00,91-180 Days,watch
9Q7NSPTF,Cassey Cress,Rocco Neubert,East,GTX Plus Pro,,Engaging,2017-07-23,161,5482,,unknown,5482.00,91-180 Days,watch
ZRCQXB38,Darcel Schlecht,Melvin Marxen,Central,GTX Basic,,Engaging,2017-07-23,161,550,,unknown,550.00,91-180 Days,watch
EJJCUJ3P,Darcel Schlecht,Melvin Marxen,Central,GTX Plus Basic,,Engaging,2017-07-23,161,1096,,unknown,1096.00,91-180 Days,watch
ODFL6HOF,Darcel Schlecht,Melvin Marxen,Central,GTX Plus Basic,,Engaging,2017-07-23,161,1096,,unknown,1096.00,91-180 Days,watch
Q1HNDPKW,Darcel Schlecht,Melvin Marxen,Central,GTXPro,,Engaging,2017-07-23,161,,,unknown,0.00,91-180 Days,watch
6GG9CSTV,Gladys Colclough,Melvin Marxen,Central,MG Special,,Engaging,2017-07-23,161,55,,unknown,55.00,91-180 Days,watch
5WSQ6D2E,Gladys Colclough,Melvin Marxen,Central,MG Special,,Engaging,2017-07-23,161,55,,unknown,55.00,91-180 Days,watch
K6MTPSB5,Lajuana Vencill,Dustin Brinkmann,Central,GTX Basic,,Engaging,2017-07-23,161,550,,unknown,550.00,91-180 Days,watch
D2QPN9LN,Lajuana Vencill,Dustin Brinkmann,Central,GTX Basic,,Engaging,2017-07-23,161,550,,unknown,550.00,91-180 Days,watch
021Z2J9L,Markita Hansen,Celia Rouche,West,GTK 500,Rundofase,Engaging,2017-07-23,161,26768,,unknown,26768.00,91-180 Days,watch
EYBMEX1Z,Moses Frase,Dustin Brinkmann,Central,GTX Basic,,Engaging,2017-07-23,161,550,,unknown,550.00,91-180 Days,watch
G1M1KVHU,Niesha Huffines,Melvin Marxen,Central,GTX Plus Basic,Xx-zobam,Engaging,2017-07-23,161,1096,,unknown,1096.00,91-180 Days,watch
LXS3Z82E,Niesha Huffines,Melvin Marxen,Central,MG Advanced,,Engaging,2017-07-23,161,3393,,unknown,3393.00,91-180 Days,watch
S3LATQVJ,Versie Hillebrand,Dustin Brinkmann,Central,GTX Plus Basic,Kinnamplus,Engaging,2017-07-23,161,1096,,unknown,1096.00,91-180 Days,watch
P3Z2LYCL,Versie Hillebrand,Dustin Brinkmann,Central,MG Special,,Engaging,2017-07-23,161,55,,unknown,55.00,91-180 Days,watch
MIGDLH14,Zane Levy,Summer Sewald,West,GTX Basic,,Engaging,2017-07-23,161,550,,unknown,550.00,91-180 Days,watch
7FZ9CBZ3,Anna Snelling,Dustin Brinkmann,Central,GTX Plus Pro,Scotfind,Engaging,2017-07-24,160,5482,,unknown,5482.00,91-180 Days,watch
513PSPBN,Anna Snelling,Dustin Brinkmann,Central,GTX Plus Pro,,Engaging,2017-07-24,160,5482,,unknown,5482.00,91-180 Days,watch
11LIZUQE,Cassey Cress,Rocco Neubert,East,MG Advanced,,Engaging,2017-07-24,160,3393,,unknown,3393.00,91-180 Days,watch
0TC6I9SJ,Darcel Schlecht,Melvin Marxen,Central,GTXPro,Dontechi,Engaging,2017-07-24,160,,,unknown,0.00,91-180 Days,watch
WGFTBY3W,Darcel Schlecht,Melvin Marxen,Central,GTXPro,,Engaging,2017-07-24,160,,,unknown,0.00,91-180 Days,watch
NCCB118E,Darcel Schlecht,Melvin Marxen,Central,GTXPro,,Engaging,2017-07-24,160,,,unknown,0.00,91-180 Days,watch
WSQHC199,Darcel Schlecht,Melvin Marxen,Central,MG Special,,Engaging,2017-07-24,160,55,,unknown,55.00,91-180 Days,watch
VV6T07G4,Darcel Schlecht,Melvin Marxen,Central,MG Advanced,,Engaging,2017-07-24,160,3393,,unknown,3393.00,91-180 Days,watch
7OZ7L8BB,Gladys Colclough,Melvin Marxen,Central,GTX Basic,,Engaging,2017-07-24,160,550,,unknown,550.00,91-180 Days,watch
RTWAUR7C,Gladys Colclough,Melvin Marxen,Central,GTX Plus Pro,Y-corporation,Engaging,2017-07-24,160,5482,,unknown,5482.00,91-180 Days,watch
QGXJLNK1,Jonathan Berthelot,Melvin Marxen,Central,GTX Basic,,Engaging,2017-07-24,160,550,,unknown,550.00,91-180 Days,watch
E3Z74U5K,Lajuana Vencill,Dustin Brinkmann,Central,GTX Basic,,Engaging,2017-07-24,160,550,,unknown,550.00,91-180 Days,watch
Q3HHDSDS,Marty Freudenburg,Melvin Marxen,Central,GTX Basic,,Engaging,2017-07-24,160,550,,unknown,550.00,91-180 Days,watch
0S6OQ9AO,Marty Freudenburg,Melvin Marxen,Central,GTX Plus Basic,,Engaging,2017-07-24,160,1096,,unknown,1096.00,91-180 Days,watch
7AFBJFP5,Maureen Marcano,Summer Sewald,West,MG Special,,Engaging,2017-07-24,160,55,,unknown,55.00,91-180 Days,watch
7MP6KLZO,Moses Frase,Dustin Brinkmann,Central,GTX Basic,Goodsilron,Engaging,2017-07-24,160,550,,unknown,550.00,91-180 Days,watch
2TYZRE2R,Moses Frase,Dustin Brinkmann,Central,MG Special,Massive Dynamic,Engaging,2017-07-24,160,55,,unknown,55.00,91-180 Days,watch
H2FCUPHJ,Niesha Huffines,Melvin Marxen,Central,GTXPro,,Engaging,2017-07-24,160,,,unknown,0.00,91-180 Days,watch
806KPNNN,Versie Hillebrand,Dustin Brinkmann,Central,GTX Basic,Zathunicon,Engaging,2017-07-24,160,550,,unknown,550.00,91-180 Days,watch
8Y4LJOJ0,Versie Hillebrand,Dustin Brinkmann,Central,GTX Plus Basic,,Engaging,2017-07-24,160,1096,,unknown,1096.00,91-180 Days,watch
Z7EBMMAE,Versie Hillebrand,Dustin Brinkmann,Central,MG Special,,Engaging,2017-07-24,160,55,,unknown,55.00,91-180 Days,watch
KT4OEP4X,Versie Hillebrand,Dustin Brinkmann,Central,MG Special,,Engaging,2017-07-24,160,55,,unknown,55.00,91-180 Days,watch
ODHVHXKS,Versie Hillebrand,Dustin Brinkmann,Central,MG Special,,Engaging,2017-07-24,160,55,,unknown,55.00,91-180 Days,watch
SZS2IPM3,Versie Hillebrand,Dustin Brinkmann,Central,MG Advanced,Doncon,Engaging,2017-07-24,160,3393,,unknown,3393.00,91-180 Days,watch
YY2DWBG5,Versie Hillebrand,Dustin Brinkmann,Central,MG Advanced,Ron-tech,Engaging,2017-07-24,160,3393,,unknown,3393.00,91-180 Days,watch
P91SQBST,Anna Snelling,Dustin Brinkmann,Central,MG Special,Dalttechnology,Engaging,2017-07-25,159,55,,unknown,55.00,91-180 Days,watch
4DLY9ZDH,Anna Snelling,Dustin Brinkmann,Central,MG Advanced,Dalttechnology,Engaging,2017-07-25,159,3393,,unknown,3393.00,91-180 Days,watch
ZNEQXZZK,Anna Snelling,Dustin Brinkmann,Central,MG Advanced,Donquadtech,Engaging,2017-07-25,159,3393,,unknown,3393.00,91-180 Days,watch
VVO21D4Z,Cecily Lampkin,Dustin Brinkmann,Central,GTX Basic,,Engaging,2017-07-25,159,550,,unknown,550.00,91-180 Days,watch
SXFE42KG,Cecily Lampkin,Dustin Brinkmann,Central,MG Advanced,Gogozoom,Engaging,2017-07-25,159,3393,,unknown,3393.00,91-180 Days,watch
APIB681L,Darcel Schlecht,Melvin Marxen,Central,GTX Basic,,Engaging,2017-07-25,159,550,,unknown,550.00,91-180 Days,watch
TFSKOBH7,Darcel Schlecht,Melvin Marxen,Central,GTX Basic,,Engaging,2017-07-25,159,550,,unknown,550.00,91-180 Days,watch
LUTZ8UQM,Darcel Schlecht,Melvin Marxen,Central,GTXPro,Isdom,Engaging,2017-07-25,159,,,unknown,0.00,91-180 Days,watch
1QKDD1OI,Darcel Schlecht,Melvin Marxen,Central,GTXPro,Isdom,Engaging,2017-07-25,159,,,unknown,0.00,91-180 Days,watch
2GFL3TAF,Darcel Schlecht,Melvin Marxen,Central,GTXPro,,Engaging,2017-07-25,159,,,unknown,0.00,91-180 Days,watch
CUSWE9PB,Darcel Schlecht,Melvin Marxen,Central,GTXPro,,Engaging,2017-07-25,159,,,unknown,0.00,91-180 Days,watch
XFCKQ7RI,Darcel Schlecht,Melvin Marxen,Central,MG Advanced,,Engaging,2017-07-25,159,3393,,unknown,3393.00,91-180 Days,watch
PQL5GITI,Gladys Colclough,Melvin Marxen,Central,GTX Basic,,Engaging,2017-07-25,159,550,,unknown,550.00,91-180 Days,watch
8AK3KGFA,Gladys Colclough,Melvin Marxen,Central,MG Advanced,,Engaging,2017-07-25,159,3393,,unknown,3393.00,91-180 Days,watch
7F2DDW3C,Hayden Neloms,Celia Rouche,West,MG Advanced,,Engaging,2017-07-25,159,3393,,unknown,3393.00,91-180 Days,watch
BEDNZXVE,Jonathan Berthelot,Melvin Marxen,Central,GTX Basic,,Engaging,2017-07-25,159,550,,unknown,550.00,91-180 Days,watch
CGFLLZZI,Kary Hendrixson,Summer Sewald,West,MG Special,,Engaging,2017-07-25,159,55,,unknown,55.00,91-180 Days,watch
GZ6SFRAT,Lajuana Vencill,Dustin Brinkmann,Central,MG Special,Hottechi,Engaging,2017-07-25,159,55,,unknown,55.00,91-180 Days,watch
JH643YRI,Lajuana Vencill,Dustin Brinkmann,Central,MG Advanced,Umbrella Corporation,Engaging,2017-07-25,159,3393,,unknown,3393.00,91-180 Days,watch
YCQTM2BQ,Lajuana Vencill,Dustin Brinkmann,Central,MG Advanced,,Engaging,2017-07-25,159,3393,,unknown,3393.00,91-180 Days,watch
Y3TOQUQI,Marty Freudenburg,Melvin Marxen,Central,GTX Basic,Zotware,Engaging,2017-07-25,159,550,,unknown,550.00,91-180 Days,watch
RV5Y8DRY,Marty Freudenburg,Melvin Marxen,Central,GTX Plus Pro,,Engaging,2017-07-25,159,5482,,unknown,5482.00,91-180 Days,watch
HJRM13DI,Marty Freudenburg,Melvin Marxen,Central,MG Special,Treequote,Engaging,2017-07-25,159,55,,unknown,55.00,91-180 Days,watch
G2XP6IGJ,Moses Frase,Dustin Brinkmann,Central,GTX Basic,,Engaging,2017-07-25,159,550,,unknown,550.00,91-180 Days,watch
MLD3WEJC,Moses Frase,Dustin Brinkmann,Central,MG Advanced,Xx-holding,Engaging,2017-07-25,159,3393,,unknown,3393.00,91-180 Days,watch
DZP0MNRM,Niesha Huffines,Melvin Marxen,Central,GTX Plus Basic,Konex,Engaging,2017-07-25,159,1096,,unknown,1096.00,91-180 Days,watch
OBC504T8,Niesha Huffines,Melvin Marxen,Central,GTX Plus Basic,,Engaging,2017-07-25,159,1096,,unknown,1096.00,91-180 Days,watch
CMW6IQJI,Niesha Huffines,Melvin Marxen,Central,MG Advanced,Faxquote,Engaging,2017-07-25,159,3393,,unknown,3393.00,91-180 Days,watch
8ODHXBNE,Rosalina Dieter,Celia Rouche,West,MG Special,,Engaging,2017-07-25,159,55,,unknown,55.00,91-180 Days,watch
VO1YR5CY,Versie Hillebrand,Dustin Brinkmann,Central,GTX Basic,,Engaging,2017-07-25,159,550,,unknown,550.00,91-180 Days,watch
FHPRER2D,Versie Hillebrand,Dustin Brinkmann,Central,MG Special,Sonron,Engaging,2017-07-25,159,55,,unknown,55.00,91-180 Days,watch
UVCHXUIG,Anna Snelling,Dustin Brinkmann,Central,MG Special,Konmatfix,Engaging,2017-07-26,158,55,,unknown,55.00,91-180 Days,watch
V02WMIWK,Anna Snelling,Dustin Brinkmann,Central,MG Special,,Engaging,2017-07-26,158,55,,unknown,55.00,91-180 Days,watch
37UCYEDY,Cassey Cress,Rocco Neubert,East,GTX Plus Basic,Bluth Company,Engaging,2017-07-26,158,1096,,unknown,1096.00,91-180 Days,watch
1976N63N,Darcel Schlecht,Melvin Marxen,Central,GTX Plus Basic,Kinnamplus,Engaging,2017-07-26,158,1096,,unknown,1096.00,91-180 Days,watch
7TFHGN6O,Darcel Schlecht,Melvin Marxen,Central,GTX Plus Pro,Inity,Engaging,2017-07-26,158,5482,,unknown,5482.00,91-180 Days,watch
L6223VHA,Darcel Schlecht,Melvin Marxen,Central,GTXPro,Sumace,Engaging,2017-07-26,158,,,unknown,0.00,91-180 Days,watch
TJ7PNIXL,Darcel Schlecht,Melvin Marxen,Central,GTXPro,,Engaging,2017-07-26,158,,,unknown,0.00,91-180 Days,watch
VMBM5EKL,Darcel Schlecht,Melvin Marxen,Central,GTXPro,,Engaging,2017-07-26,158,,,unknown,0.00,91-180 Days,watch
8TD2LLOF,Darcel Schlecht,Melvin Marxen,Central,MG Advanced,,Engaging,2017-07-26,158,3393,,unknown,3393.00,91-180 Days,watch
7RLLNAYC,Gladys Colclough,Melvin Marxen,Central,MG Special,,Engaging,2017-07-26,158,55,,unknown,55.00,91-180 Days,watch
BRDB1I76,Gladys Colclough,Melvin Marxen,Central,MG Special,,Engaging,2017-07-26,158,55,,unknown,55.00,91-180 Days,watch
EFKPYBI9,Gladys Colclough,Melvin Marxen,Central,MG Advanced,Xx-holding,Engaging,2017-07-26,158,3393,,unknown,3393.00,91-180 Days,watch
PW9DTZON,James Ascencio,Summer Sewald,West,GTXPro,Donquadtech,Engaging,2017-07-26,158,,,unknown,0.00,91-180 Days,watch
G0DTQHIC,Jonathan Berthelot,Melvin Marxen,Central,GTX Basic,,Engaging,2017-07-26,158,550,,unknown,550.00,91-180 Days,watch
FPLXC8Z3,Kary Hendrixson,Summer Sewald,West,GTX Plus Pro,,Engaging,2017-07-26,158,5482,,unknown,5482.00,91-180 Days,watch
OD895EQM,Lajuana Vencill,Dustin Brinkmann,Central,GTX Plus Pro,,Engaging,2017-07-26,158,5482,,unknown,5482.00,91-180 Days,watch
KPH05GU8,Lajuana Vencill,Dustin Brinkmann,Central,MG Advanced,The New York Inquirer,Engaging,2017-07-26,158,3393,,unknown,3393.00,91-180 Days,watch
VBB0LCEN,Lajuana Vencill,Dustin Brinkmann,Central,MG Advanced,,Engaging,2017-07-26,158,3393,,unknown,3393.00,91-180 Days,watch
IK7LMFER,Moses Frase,Dustin Brinkmann,Central,MG Special,,Engaging,2017-07-26,158,55,,unknown,55.00,91-180 Days,watch
P3K1DVYB,Moses Frase,Dustin Brinkmann,Central,MG Advanced,,Engaging,2017-07-26,158,3393,,unknown,3393.00,91-180 Days,watch
BB1PRS3T,Moses Frase,Dustin Brinkmann,Central,MG Advanced,,Engaging,2017-07-26,158,3393,,unknown,3393.00,91-180 Days,watch
WQ5U8PPM,Niesha Huffines,Melvin Marxen,Central,GTX Plus Basic,Umbrella Corporation,Engaging,2017-07-26,158,1096,,unknown,1096.00,91-180 Days,watch
Q5GNQ823,Vicki Laflamme,Celia Rouche,West,GTXPro,,Engaging,2017-07-26,158,,,unknown,0.00,91-180 Days,watch
T50TV9SO,Zane Levy,Summer Sewald,West,GTX Basic,,Engaging,2017-07-26,158,550,,unknown,550.00,91-180 Days,watch
N9GIC5PC,Anna Snelling,Dustin Brinkmann,Central,GTX Plus Pro,,Engaging,2017-07-27,157,5482,,unknown,5482.00,91-180 Days,watch
1T5WFCEJ,Anna Snelling,Dustin Brinkmann,Central,GTX Plus Pro,,Engaging,2017-07-27,157,5482,,unknown,5482.00,91-180 Days,watch
1XJFMYCW,Anna Snelling,Dustin Brinkmann,Central,MG Special,Golddex,Engaging,2017-07-27,157,55,,unknown,55.00,91-180 Days,watch
YYU1J6E1,Anna Snelling,Dustin Brinkmann,Central,MG Special,,Engaging,2017-07-27,157,55,,unknown,55.00,91-180 Days,watch
KPYCCBQA,Cecily Lampkin,Dustin Brinkmann,Central,GTX Plus Basic,,Engaging,2017-07-27,157,1096,,unknown,1096.00,91-180 Days,watch
SSK95WLX,Darcel Schlecht,Melvin Marxen,Central,GTX Plus Basic,,Engaging,2017-07-27,157,1096,,unknown,1096.00,91-180 Days,watch
PQ104BT2,Darcel Schlecht,Melvin Marxen,Central,GTXPro,Finjob,Engaging,2017-07-27,157,,,unknown,0.00,91-180 Days,watch
GQ7H31ZJ,Darcel Schlecht,Melvin Marxen,Central,GTXPro,Funholding,Engaging,2017-07-27,157,,,unknown,0.00,91-180 Days,watch
9B7FS6YL,Darcel Schlecht,Melvin Marxen,Central,GTXPro,Konex,Engaging,2017-07-27,157,,,unknown,0.00,91-180 Days,watch
M6JT5RL8,Darcel Schlecht,Melvin Marxen,Central,GTXPro,,Engaging,2017-07-27,157,,,unknown,0.00,91-180 Days,watch
45H84LNT,Darcel Schlecht,Melvin Marxen,Central,GTXPro,,Engaging,2017-07-27,157,,,unknown,0.00,91-180 Days,watch
E8MIFXOH,Darcel Schlecht,Melvin Marxen,Central,GTXPro,,Engaging,2017-07-27,157,,,unknown,0.00,91-180 Days,watch
UO8DLVVQ,Darcel Schlecht,Melvin Marxen,Central,GTXPro,,Engaging,2017-07-27,157,,,unknown,0.00,91-180 Days,watch
R7H0M07R,Darcel Schlecht,Melvin Marxen,Central,MG Advanced,,Engaging,2017-07-27,157,3393,,unknown,3393.00,91-180 Days,watch
JQ5AOYQ8,Darcel Schlecht,Melvin Marxen,Central,MG Advanced,,Engaging,2017-07-27,157,3393,,unknown,3393.00,91-180 Days,watch
G7RZTAMV,Gladys Colclough,Melvin Marxen,Central,GTX Plus Pro,,Engaging,2017-07-27,157,5482,,unknown,5482.00,91-180 Days,watch
82K9NWKO,Gladys Colclough,Melvin Marxen,Central,MG Advanced,,Engaging,2017-07-27,157,3393,,unknown,3393.00,91-180 Days,watch
RFXH6VDX,Hayden Neloms,Celia Rouche,West,GTX Plus Basic,,Engaging,2017-07-27,157,1096,,unknown,1096.00,91-180 Days,watch
64KHY8MT,Jonathan Berthelot,Melvin Marxen,Central,GTX Basic,,Engaging,2017-07-27,157,550,,unknown,550.00,91-180 Days,watch
5PWO4RPC,Jonathan Berthelot,Melvin Marxen,Central,GTX Basic,,Engaging,2017-07-27,157,550,,unknown,550.00,91-180 Days,watch
PU62ZGX4,Jonathan Berthelot,Melvin Marxen,Central,GTX Plus Basic,Singletechno,Engaging,2017-07-27,157,1096,,unknown,1096.00,91-180 Days,watch
EVDKJDY3,Jonathan Berthelot,Melvin Marxen,Central,GTX Plus Basic,,Engaging,2017-07-27,157,1096,,unknown,1096.00,91-180 Days,watch
WX546S1D,Marty Freudenburg,Melvin Marxen,Central,GTX Basic,,Engaging,2017-07-27,157,550,,unknown,550.00,91-180 Days,watch
S2Y2Q1D2,Marty Freudenburg,Melvin Marxen,Central,GTX Plus Basic,Singletechno,Engaging,2017-07-27,157,1096,,unknown,1096.00,91-180 Days,watch
PYRLUYIQ,Marty Freudenburg,Melvin Marxen,Central,GTX Plus Basic,Y-corporation,Engaging,2017-07-27,157,1096,,unknown,1096.00,91-180 Days,watch
EN8JHUXA,Moses Frase,Dustin Brinkmann,Central,GTX Basic,,Engaging,2017-07-27,157,550,,unknown,550.00,91-180 Days,watch
I3IRJZRL,Niesha Huffines,Melvin Marxen,Central,GTX Basic,,Engaging,2017-07-27,157,550,,unknown,550.00,91-180 Days,watch
51H02FX1,Niesha Huffines,Melvin Marxen,Central,MG Special,,Engaging,2017-07-27,157,55,,unknown,55.00,91-180 Days,watch
9SRD5NCR,Rosalina Dieter,Celia Rouche,West,GTK 500,,Engaging,2017-07-27,157,26768,,unknown,26768.00,91-180 Days,watch
18YA4UUP,Versie Hillebrand,Dustin Brinkmann,Central,GTX Plus Pro,Xx-zobam,Engaging,2017-07-27,157,5482,,unknown,5482.00,91-180 Days,watch
WVT3X6IC,Versie Hillebrand,Dustin Brinkmann,Central,MG Special,,Engaging,2017-07-27,157,55,,unknown,55.00,91-180 Days,watch
VD2KHXRY,Zane Levy,Summer Sewald,West,GTXPro,Toughzap,Engaging,2017-07-27,157,,,unknown,0.00,91-180 Days,watch
P7MSQO38,Anna Snelling,Dustin Brinkmann,Central,GTX Basic,Yearin,Engaging,2017-07-28,156,550,,unknown,550.00,91-180 Days,watch
10QE4JCA,Anna Snelling,Dustin Brinkmann,Central,MG Special,,Engaging,2017-07-28,156,55,,unknown,55.00,91-180 Days,watch
DXRG254A,Boris Faz,Rocco Neubert,East,GTX Basic,,Engaging,2017-07-28,156,550,,unknown,550.00,91-180 Days,watch
X33HL9WS,Daniell Hammack,Rocco Neubert,East,GTX Plus Basic,,Engaging,2017-07-28,156,1096,,unknown,1096.00,91-180 Days,watch
9Z2WTTNY,Darcel Schlecht,Melvin Marxen,Central,GTX Plus Basic,Statholdings,Engaging,2017-07-28,156,1096,,unknown,1096.00,91-180 Days,watch
ZJLW1OPF,Darcel Schlecht,Melvin Marxen,Central,GTXPro,Xx-zobam,Engaging,2017-07-28,156,,,unknown,0.00,91-180 Days,watch
Q62JFLLD,Darcel Schlecht,Melvin Marxen,Central,GTXPro,,Engaging,2017-07-28,156,,,unknown,0.00,91-180 Days,watch
3PPHOXTT,Darcel Schlecht,Melvin Marxen,Central,MG Special,,Engaging,2017-07-28,156,55,,unknown,55.00,91-180 Days,watch
N07XYH50,Gladys Colclough,Melvin Marxen,Central,GTXPro,Newex,Engaging,2017-07-28,156,,,unknown,0.00,91-180 Days,watch
VIFA2I18,Jonathan Berthelot,Melvin Marxen,Central,GTX Basic,,Engaging,2017-07-28,156,550,,unknown,550.00,91-180 Days,watch
7K31BXX3,Jonathan Berthelot,Melvin Marxen,Central,GTXPro,,Engaging,2017-07-28,156,,,unknown,0.00,91-180 Days,watch
V3G1HBTZ,Lajuana Vencill,Dustin Brinkmann,Central,GTX Basic,Nam-zim,Engaging,2017-07-28,156,550,,unknown,550.00,91-180 Days,watch
XV41LZYE,Lajuana Vencill,Dustin Brinkmann,Central,GTX Basic,,Engaging,2017-07-28,156,550,,unknown,550.00,91-180 Days,watch
0RI2I8ZL,Lajuana Vencill,Dustin Brinkmann,Central,GTX Basic,,Engaging,2017-07-28,156,550,,unknown,550.00,91-180 Days,watch
7W9S4DCZ,Lajuana Vencill,Dustin Brinkmann,Central,MG Special,Dalttechnology,Engaging,2017-07-28,156,55,,unknown,55.00,91-180 Days,watch
3L3W9W8I,Marty Freudenburg,Melvin Marxen,Central,GTX Basic,,Engaging,2017-07-28,156,550,,unknown,550.00,91-180 Days,watch
WL6CZ7N4,Marty Freudenburg,Melvin Marxen,Central,GTX Plus Basic,,Engaging,2017-07-28,156,1096,,unknown,1096.00,91-180 Days,watch
M5FP7HGQ,Moses Frase,Dustin Brinkmann,Central,MG Special,,Engaging,2017-07-28,156,55,,unknown,55.00,91-180 Days,watch
SJ3QA8KP,Niesha Huffines,Melvin Marxen,Central,MG Advanced,Treequote,Engaging,2017-07-28,156,3393,,unknown,3393.00,91-180 Days,watch
M2ZRU2UH,Rosalina Dieter,Celia Rouche,West,GTX Basic,,Engaging,2017-07-28,156,550,,unknown,550.00,91-180 Days,watch
NX2EICNQ,Versie Hillebrand,Dustin Brinkmann,Central,GTX Basic,Kan-code,Engaging,2017-07-28,156,550,,unknown,550.00,91-180 Days,watch
T0TDA2O1,Anna Snelling,Dustin Brinkmann,Central,GTX Plus Pro,,Engaging,2017-07-29,155,5482,,unknown,5482.00,91-180 Days,watch
B1ZN2CFP,Anna Snelling,Dustin Brinkmann,Central,MG Advanced,,Engaging,2017-07-29,155,3393,,unknown,3393.00,91-180 Days,watch
3A2CCWEG,Cecily Lampkin,Dustin Brinkmann,Central,MG Special,,Engaging,2017-07-29,155,55,,unknown,55.00,91-180 Days,watch
4QQOSYGL,Corliss Cosme,Cara Losch,East,MG Advanced,,Engaging,2017-07-29,155,3393,,unknown,3393.00,91-180 Days,watch
NJNY07JZ,Darcel Schlecht,Melvin Marxen,Central,GTX Basic,Codehow,Engaging,2017-07-29,155,550,,unknown,550.00,91-180 Days,watch
UWI771ZX,Darcel Schlecht,Melvin Marxen,Central,GTX Plus Basic,,Engaging,2017-07-29,155,1096,,unknown,1096.00,91-180 Days,watch
YI1V6SOX,Darcel Schlecht,Melvin Marxen,Central,GTXPro,The New York Inquirer,Engaging,2017-07-29,155,,,unknown,0.00,91-180 Days,watch
PNTHPFHY,Darcel Schlecht,Melvin Marxen,Central,GTXPro,,Engaging,2017-07-29,155,,,unknown,0.00,91-180 Days,watch
2I7IFY8D,Darcel Schlecht,Melvin Marxen,Central,GTXPro,,Engaging,2017-07-29,155,,,unknown,0.00,91-180 Days,watch
T1SITEI0,Darcel Schlecht,Melvin Marxen,Central,MG Special,Singletechno,Engaging,2017-07-29,155,55,,unknown,55.00,91-180 Days,watch
3FI1J4VO,Gladys Colclough,Melvin Marxen,Central,MG Special,,Engaging,2017-07-29,155,55,,unknown,55.00,91-180 Days,watch
7BKYKVF2,Jonathan Berthelot,Melvin Marxen,Central,GTX Plus Basic,,Engaging,2017-07-29,155,1096,,unknown,1096.00,91-180 Days,watch
6US3WW0M,Jonathan Berthelot,Melvin Marxen,Central,MG Special,,Engaging,2017-07-29,155,55,,unknown,55.00,91-180 Days,watch
9M72KPA3,Kami Bicknell,Summer Sewald,West,GTX Plus Basic,Bluth Company,Engaging,2017-07-29,155,1096,,unknown,1096.00,91-180 Days,watch
4OYGRQGO,Kami Bicknell,Summer Sewald,West,MG Advanced,,Engaging,2017-07-29,155,3393,,unknown,3393.00,91-180 Days,watch
SPMQ0BHA,Lajuana Vencill,Dustin Brinkmann,Central,GTX Basic,,Engaging,2017-07-29,155,550,,unknown,550.00,91-180 Days,watch
ERTQ4SN3,Lajuana Vencill,Dustin Brinkmann,Central,MG Special,Zumgoity,Engaging,2017-07-29,155,55,,unknown,55.00,91-180 Days,watch
FQI66XXN,Marty Freudenburg,Melvin Marxen,Central,GTX Basic,,Engaging,2017-07-29,155,550,,unknown,550.00,91-180 Days,watch
1RXGKOUE,Versie Hillebrand,Dustin Brinkmann,Central,GTX Plus Pro,,Engaging,2017-07-29,155,5482,,unknown,5482.00,91-180 Days,watch
G40058T1,Versie Hillebrand,Dustin Brinkmann,Central,MG Special,Yearin,Engaging,2017-07-29,155,55,,unknown,55.00,91-180 Days,watch
TQZLDFIJ,Versie Hillebrand,Dustin Brinkmann,Central,MG Special,,Engaging,2017-07-29,155,55,,unknown,55.00,91-180 Days,watch
3SD04QJ4,Wilburn Farren,Cara Losch,East,MG Advanced,,Engaging,2017-07-29,155,3393,,unknown,3393.00,91-180 Days,watch
ERD6D5K3,Anna Snelling,Dustin Brinkmann,Central,GTX Basic,,Engaging,2017-07-30,154,550,,unknown,550.00,91-180 Days,watch
VVM42VWQ,Anna Snelling,Dustin Brinkmann,Central,GTX Basic,,Engaging,2017-07-30,154,550,,unknown,550.00,91-180 Days,watch
MK380H70,Anna Snelling,Dustin Brinkmann,Central,MG Special,,Engaging,2017-07-30,154,55,,unknown,55.00,91-180 Days,watch
5SNCUQ8Z,Anna Snelling,Dustin Brinkmann,Central,MG Special,,Engaging,2017-07-30,154,55,,unknown,55.00,91-180 Days,watch
SP9W5IND,Boris Faz,Rocco Neubert,East,MG Special,Acme Corporation,Engaging,2017-07-30,154,55,,unknown,55.00,91-180 Days,watch
P9EJ68SM,Cassey Cress,Rocco Neubert,East,GTX Plus Basic,,Engaging,2017-07-30,154,1096,,unknown,1096.00,91-180 Days,watch
IG540SIB,Cecily Lampkin,Dustin Brinkmann,Central,MG Advanced,,Engaging,2017-07-30,154,3393,,unknown,3393.00,91-180 Days,watch
CUZDYOOO,Darcel Schlecht,Melvin Marxen,Central,GTX Basic,,Engaging,2017-07-30,154,550,,unknown,550.00,91-180 Days,watch
EY7OI10Z,Darcel Schlecht,Melvin Marxen,Central,GTX Plus Basic,,Engaging,2017-07-30,154,1096,,unknown,1096.00,91-180 Days,watch
R55U5QI4,Darcel Schlecht,Melvin Marxen,Central,GTX Plus Pro,Scottech,Engaging,2017-07-30,154,5482,,unknown,5482.00,91-180 Days,watch
TJ95PY76,Darcel Schlecht,Melvin Marxen,Central,GTXPro,J-Texon,Engaging,2017-07-30,154,,,unknown,0.00,91-180 Days,watch
R6OZIG5J,Darcel Schlecht,Melvin Marxen,Central,MG Advanced,,Engaging,2017-07-30,154,3393,,unknown,3393.00,91-180 Days,watch
DVT7NPEH,Darcel Schlecht,Melvin Marxen,Central,MG Advanced,,Engaging,2017-07-30,154,3393,,unknown,3393.00,91-180 Days,watch
S9JXWIBD,Gladys Colclough,Melvin Marxen,Central,GTX Plus Basic,,Engaging,2017-07-30,154,1096,,unknown,1096.00,91-180 Days,watch
0XBGT413,Gladys Colclough,Melvin Marxen,Central,GTXPro,,Engaging,2017-07-30,154,,,unknown,0.00,91-180 Days,watch
RTOIXNPC,Gladys Colclough,Melvin Marxen,Central,MG Special,,Engaging,2017-07-30,154,55,,unknown,55.00,91-180 Days,watch
7COYG1Z2,Kami Bicknell,Summer Sewald,West,MG Special,,Engaging,2017-07-30,154,55,,unknown,55.00,91-180 Days,watch
OVLGWURN,Kary Hendrixson,Summer Sewald,West,GTX Basic,,Engaging,2017-07-30,154,550,,unknown,550.00,91-180 Days,watch
UHIIYU2J,Lajuana Vencill,Dustin Brinkmann,Central,GTX Basic,,Engaging,2017-07-30,154,550,,unknown,550.00,91-180 Days,watch
5W29OCB8,Lajuana Vencill,Dustin Brinkmann,Central,MG Special,Bioholding,Engaging,2017-07-30,154,55,,unknown,55.00,91-180 Days,watch
R7I947IZ,Marty Freudenburg,Melvin Marxen,Central,GTX Plus Basic,,Engaging,2017-07-30,154,1096,,unknown,1096.00,91-180 Days,watch
754UOV5F,Marty Freudenburg,Melvin Marxen,Central,MG Special,,Engaging,2017-07-30,154,55,,unknown,55.00,91-180 Days,watch
MTN3BOMC,Maureen Marcano,Summer Sewald,West,GTX Plus Basic,,Engaging,2017-07-30,154,1096,,unknown,1096.00,91-180 Days,watch
ABT1TDH1,Moses Frase,Dustin Brinkmann,Central,GTX Basic,,Engaging,2017-07-30,154,550,,unknown,550.00,91-180 Days,watch
DJFMG9QI,Moses Frase,Dustin Brinkmann,Central,MG Special,Plusstrip,Engaging,2017-07-30,154,55,,unknown,55.00,91-180 Days,watch
GWQX8BSZ,Niesha Huffines,Melvin Marxen,Central,GTX Basic,Donquadtech,Engaging,2017-07-30,154,550,,unknown,550.00,91-180 Days,watch
D9NLFAEG,Niesha Huffines,Melvin Marxen,Central,GTX Basic,,Engaging,2017-07-30,154,550,,unknown,550.00,91-180 Days,watch
TX5SADEI,Niesha Huffines,Melvin Marxen,Central,GTX Plus Basic,Dontechi,Engaging,2017-07-30,154,1096,,unknown,1096.00,91-180 Days,watch
I5AKI9KC,Niesha Huffines,Melvin Marxen,Central,MG Special,,Engaging,2017-07-30,154,55,,unknown,55.00,91-180 Days,watch
0M3NCPQX,Versie Hillebrand,Dustin Brinkmann,Central,MG Special,,Engaging,2017-07-30,154,55,,unknown,55.00,91-180 Days,watch
RN7M3757,Versie Hillebrand,Dustin Brinkmann,Central,MG Advanced,,Engaging,2017-07-30,154,3393,,unknown,3393.00,91-180 Days,watch
OJ42ZCHR,Violet Mclelland,Cara Losch,East,MG Special,,Engaging,2017-07-30,154,55,,unknown,55.00,91-180 Days,watch
QD4ONE04,Anna Snelling,Dustin Brinkmann,Central,MG Special,Rangreen,Engaging,2017-07-31,153,55,,unknown,55.00,91-180 Days,watch
0PT4RY4P,Cecily Lampkin,Dustin Brinkmann,Central,MG Advanced,,Engaging,2017-07-31,153,3393,,unknown,3393.00,91-180 Days,watch
FSEV7ZJC,Darcel Schlecht,Melvin Marxen,Central,GTXPro,,Engaging,2017-07-31,153,,,unknown,0.00,91-180 Days,watch
OEP0IJ6S,Darcel Schlecht,Melvin Marxen,Central,GTXPro,,Engaging,2017-07-31,153,,,unknown,0.00,91-180 Days,watch
YWGU40CP,Darcel Schlecht,Melvin Marxen,Central,MG Special,,Engaging,2017-07-31,153,55,,unknown,55.00,91-180 Days,watch
ICG3THQK,Gladys Colclough,Melvin Marxen,Central,GTX Basic,Sumace,Engaging,2017-07-31,153,550,,unknown,550.00,91-180 Days,watch
WOO9JXOQ,Gladys Colclough,Melvin Marxen,Central,MG Advanced,Sumace,Engaging,2017-07-31,153,3393,,unknown,3393.00,91-180 Days,watch
OBDEDIXA,Hayden Neloms,Celia Rouche,West,MG Advanced,,Engaging,2017-07-31,153,3393,,unknown,3393.00,91-180 Days,watch
1O72EKFY,James Ascencio,Summer Sewald,West,GTX Plus Pro,,Engaging,2017-07-31,153,5482,,unknown,5482.00,91-180 Days,watch
4XXAK1QL,Jonathan Berthelot,Melvin Marxen,Central,GTX Basic,,Engaging,2017-07-31,153,550,,unknown,550.00,91-180 Days,watch
WU81R3XH,Lajuana Vencill,Dustin Brinkmann,Central,GTX Basic,,Engaging,2017-07-31,153,550,,unknown,550.00,91-180 Days,watch
HHWZEWDV,Lajuana Vencill,Dustin Brinkmann,Central,GTX Plus Basic,,Engaging,2017-07-31,153,1096,,unknown,1096.00,91-180 Days,watch
EMH2I8XE,Lajuana Vencill,Dustin Brinkmann,Central,MG Advanced,Acme Corporation,Engaging,2017-07-31,153,3393,,unknown,3393.00,91-180 Days,watch
UBO7V799,Lajuana Vencill,Dustin Brinkmann,Central,MG Advanced,,Engaging,2017-07-31,153,3393,,unknown,3393.00,91-180 Days,watch
DZQW0KQ4,Markita Hansen,Celia Rouche,West,GTX Plus Pro,,Engaging,2017-07-31,153,5482,,unknown,5482.00,91-180 Days,watch
OAUUCC2N,Marty Freudenburg,Melvin Marxen,Central,GTX Plus Basic,,Engaging,2017-07-31,153,1096,,unknown,1096.00,91-180 Days,watch
283MDYKM,Moses Frase,Dustin Brinkmann,Central,GTX Plus Basic,,Engaging,2017-07-31,153,1096,,unknown,1096.00,91-180 Days,watch
56LUBQTV,Moses Frase,Dustin Brinkmann,Central,MG Advanced,,Engaging,2017-07-31,153,3393,,unknown,3393.00,91-180 Days,watch
Q65B52C5,Niesha Huffines,Melvin Marxen,Central,GTX Basic,Kan-code,Engaging,2017-07-31,153,550,,unknown,550.00,91-180 Days,watch
STI8KYWL,Niesha Huffines,Melvin Marxen,Central,GTX Plus Basic,,Engaging,2017-07-31,153,1096,,unknown,1096.00,91-180 Days,watch
K63TD0WD,Versie Hillebrand,Dustin Brinkmann,Central,MG Special,,Engaging,2017-07-31,153,55,,unknown,55.00,91-180 Days,watch
EP9JNNF1,Violet Mclelland,Cara Losch,East,MG Special,,Engaging,2017-07-31,153,55,,unknown,55.00,91-180 Days,watch
I1R23P5F,Anna Snelling,Dustin Brinkmann,Central,GTX Plus Basic,,Engaging,2017-08-01,152,1096,,unknown,1096.00,91-180 Days,watch
CFKXEPFN,Anna Snelling,Dustin Brinkmann,Central,GTX Plus Basic,,Engaging,2017-08-01,152,1096,,unknown,1096.00,91-180 Days,watch
4ZB2W6O7,Anna Snelling,Dustin Brinkmann,Central,MG Special,Plusstrip,Engaging,2017-08-01,152,55,,unknown,55.00,91-180 Days,watch
H85L45JM,Anna Snelling,Dustin Brinkmann,Central,MG Special,,Engaging,2017-08-01,152,55,,unknown,55.00,91-180 Days,watch
A2YIYWNW,Cassey Cress,Rocco Neubert,East,MG Advanced,,Engaging,2017-08-01,152,3393,,unknown,3393.00,91-180 Days,watch
HISWL7B0,Darcel Schlecht,Melvin Marxen,Central,GTXPro,,Engaging,2017-08-01,152,,,unknown,0.00,91-180 Days,watch
BSKNQJOJ,Darcel Schlecht,Melvin Marxen,Central,GTXPro,,Engaging,2017-08-01,152,,,unknown,0.00,91-180 Days,watch
1FLN8BTI,Darcel Schlecht,Melvin Marxen,Central,MG Special,Rundofase,Engaging,2017-08-01,152,55,,unknown,55.00,91-180 Days,watch
VAL8O4PH,Darcel Schlecht,Melvin Marxen,Central,MG Special,,Engaging,2017-08-01,152,55,,unknown,55.00,91-180 Days,watch
RZXMIHGO,Gladys Colclough,Melvin Marxen,Central,GTX Basic,,Engaging,2017-08-01,152,550,,unknown,550.00,91-180 Days,watch
IW6S2BN0,Gladys Colclough,Melvin Marxen,Central,GTX Plus Basic,,Engaging,2017-08-01,152,1096,,unknown,1096.00,91-180 Days,watch
G78ZK6XI,Gladys Colclough,Melvin Marxen,Central,MG Special,,Engaging,2017-08-01,152,55,,unknown,55.00,91-180 Days,watch
9C3YHNBY,Gladys Colclough,Melvin Marxen,Central,MG Advanced,,Engaging,2017-08-01,152,3393,,unknown,3393.00,91-180 Days,watch
U4L1277G,Hayden Neloms,Celia Rouche,West,GTX Plus Basic,,Engaging,2017-08-01,152,1096,,unknown,1096.00,91-180 Days,watch
YE7F777U,Lajuana Vencill,Dustin Brinkmann,Central,GTX Basic,,Engaging,2017-08-01,152,550,,unknown,550.00,91-180 Days,watch
DO6VKC2G,Marty Freudenburg,Melvin Marxen,Central,GTK 500,,Engaging,2017-08-01,152,26768,,unknown,26768.00,91-180 Days,watch
MBYOJR5A,Marty Freudenburg,Melvin Marxen,Central,GTX Plus Pro,,Engaging,2017-08-01,152,5482,,unknown,5482.00,91-180 Days,watch
NBJR3GVR,Marty Freudenburg,Melvin Marxen,Central,GTXPro,,Engaging,2017-08-01,152,,,unknown,0.00,91-180 Days,watch
Y7244XW7,Moses Frase,Dustin Brinkmann,Central,MG Special,Plussunin,Engaging,2017-08-01,152,55,,unknown,55.00,91-180 Days,watch
22HV3N2W,Niesha Huffines,Melvin Marxen,Central,GTX Plus Basic,Rangreen,Engaging,2017-08-01,152,1096,,unknown,1096.00,91-180 Days,watch
FKY3O5O1,Niesha Huffines,Melvin Marxen,Central,GTXPro,Zotware,Engaging,2017-08-01,152,,,unknown,0.00,91-180 Days,watch
WRKPDK7O,Versie Hillebrand,Dustin Brinkmann,Central,GTX Plus Pro,Hatfan,Engaging,2017-08-01,152,5482,,unknown,5482.00,91-180 Days,watch
3FWZBSW1,Versie Hillebrand,Dustin Brinkmann,Central,MG Special,Cancity,Engaging,2017-08-01,152,55,,unknown,55.00,91-180 Days,watch
VIY7P8J6,Versie Hillebrand,Dustin Brinkmann,Central,MG Special,Hatfan,Engaging,2017-08-01,152,55,,unknown,55.00,91-180 Days,watch
PR1H7NHK,Versie Hillebrand,Dustin Brinkmann,Central,MG Special,Mathtouch,Engaging,2017-08-01,152,55,,unknown,55.00,91-180 Days,watch
A9TEJW6U,Versie Hillebrand,Dustin Brinkmann,Central,MG Special,,Engaging,2017-08-01,152,55,,unknown,55.00,91-180 Days,watch
1DC9PQ4S,Versie Hillebrand,Dustin Brinkmann,Central,MG Special,,Engaging,2017-08-01,152,55,,unknown,55.00,91-180 Days,watch
JGXK8P6T,Zane Levy,Summer Sewald,West,MG Advanced,,Engaging,2017-08-01,152,3393,,unknown,3393.00,91-180 Days,watch
URQYDGX8,Jonathan Berthelot,Melvin Marxen,Central,GTX Basic,,Engaging,2017-08-02,151,550,,unknown,550.00,91-180 Days,watch
KIKG1BGV,Moses Frase,Dustin Brinkmann,Central,MG Advanced,Domzoom,Engaging,2017-08-02,151,3393,,unknown,3393.00,91-180 Days,watch
2E2FDZHG,Niesha Huffines,Melvin Marxen,Central,GTXPro,,Engaging,2017-08-02,151,,,unknown,0.00,91-180 Days,watch
8LP076IV,Versie Hillebrand,Dustin Brinkmann,Central,MG Special,,Engaging,2017-08-02,151,55,,unknown,55.00,91-180 Days,watch
CWXHKUV5,Versie Hillebrand,Dustin Brinkmann,Central,MG Special,,Engaging,2017-08-02,151,55,,unknown,55.00,91-180 Days,watch
N909ADDC,Vicki Laflamme,Celia Rouche,West,MG Advanced,,Engaging,2017-08-02,151,3393,,unknown,3393.00,91-180 Days,watch
ULJG457F,Anna Snelling,Dustin Brinkmann,Central,MG Special,,Engaging,2017-08-03,150,55,,unknown,55.00,91-180 Days,watch
AZN2K0V9,Anna Snelling,Dustin Brinkmann,Central,MG Advanced,Ganjaflex,Engaging,2017-08-03,150,3393,,unknown,3393.00,91-180 Days,watch
6TGCOE5O,Cassey Cress,Rocco Neubert,East,GTX Plus Pro,,Engaging,2017-08-03,150,5482,,unknown,5482.00,91-180 Days,watch
QIEAKLRU,Cecily Lampkin,Dustin Brinkmann,Central,MG Advanced,,Engaging,2017-08-03,150,3393,,unknown,3393.00,91-180 Days,watch
A04V2WB3,Elease Gluck,Celia Rouche,West,GTK 500,,Engaging,2017-08-03,150,26768,,unknown,26768.00,91-180 Days,watch
TIPXNDS2,Gladys Colclough,Melvin Marxen,Central,MG Special,Betatech,Engaging,2017-08-03,150,55,,unknown,55.00,91-180 Days,watch
3G61D5KV,Gladys Colclough,Melvin Marxen,Central,MG Special,,Engaging,2017-08-03,150,55,,unknown,55.00,91-180 Days,watch
6RZ5GSAB,Jonathan Berthelot,Melvin Marxen,Central,GTX Basic,,Engaging,2017-08-03,150,550,,unknown,550.00,91-180 Days,watch
RD6Y5R4P,Kami Bicknell,Summer Sewald,West,MG Special,Cancity,Engaging,2017-08-03,150,55,,unknown,55.00,91-180 Days,watch
7VSFD2MV,Kary Hendrixson,Summer Sewald,West,GTX Basic,,Engaging,2017-08-03,150,550,,unknown,550.00,91-180 Days,watch
3BA9OPGY,Lajuana Vencill,Dustin Brinkmann,Central,MG Special,,Engaging,2017-08-03,150,55,,unknown,55.00,91-180 Days,watch
LDQITW5C,Lajuana Vencill,Dustin Brinkmann,Central,MG Advanced,Acme Corporation,Engaging,2017-08-03,150,3393,,unknown,3393.00,91-180 Days,watch
9V2SW5MV,Marty Freudenburg,Melvin Marxen,Central,MG Advanced,,Engaging,2017-08-03,150,3393,,unknown,3393.00,91-180 Days,watch
0R5KAHNB,Moses Frase,Dustin Brinkmann,Central,MG Advanced,Umbrella Corporation,Engaging,2017-08-03,150,3393,,unknown,3393.00,91-180 Days,watch
ATMWAQL5,Niesha Huffines,Melvin Marxen,Central,GTX Plus Basic,Gogozoom,Engaging,2017-08-03,150,1096,,unknown,1096.00,91-180 Days,watch
SUUVV6RP,Niesha Huffines,Melvin Marxen,Central,MG Special,,Engaging,2017-08-03,150,55,,unknown,55.00,91-180 Days,watch
XB1ZV04H,Versie Hillebrand,Dustin Brinkmann,Central,GTX Basic,,Engaging,2017-08-03,150,550,,unknown,550.00,91-180 Days,watch
Q1TS5ZKD,Versie Hillebrand,Dustin Brinkmann,Central,MG Special,,Engaging,2017-08-03,150,55,,unknown,55.00,91-180 Days,watch
NNH4EBG8,Vicki Laflamme,Celia Rouche,West,MG Special,Mathtouch,Engaging,2017-08-03,150,55,,unknown,55.00,91-180 Days,watch
5UFU5IO4,Corliss Cosme,Cara Losch,East,MG Special,Cancity,Engaging,2017-08-04,149,55,,unknown,55.00,91-180 Days,watch
VLYT262U,Daniell Hammack,Rocco Neubert,East,GTX Plus Basic,,Engaging,2017-08-04,149,1096,,unknown,1096.00,91-180 Days,watch
UM1OU73X,Darcel Schlecht,Melvin Marxen,Central,GTXPro,,Engaging,2017-08-04,149,,,unknown,0.00,91-180 Days,watch
69U39SXU,Darcel Schlecht,Melvin Marxen,Central,GTXPro,,Engaging,2017-08-04,149,,,unknown,0.00,91-180 Days,watch
ZCUMC0XC,Gladys Colclough,Melvin Marxen,Central,MG Special,,Engaging,2017-08-04,149,55,,unknown,55.00,91-180 Days,watch
V1KABF71,Jonathan Berthelot,Melvin Marxen,Central,GTX Plus Basic,,Engaging,2017-08-04,149,1096,,unknown,1096.00,91-180 Days,watch
CPOA6FVA,Lajuana Vencill,Dustin Brinkmann,Central,GTX Basic,,Engaging,2017-08-04,149,550,,unknown,550.00,91-180 Days,watch
5VW9YVTU,Moses Frase,Dustin Brinkmann,Central,GTX Basic,Condax,Engaging,2017-08-04,149,550,,unknown,550.00,91-180 Days,watch
FUI9BIS3,Moses Frase,Dustin Brinkmann,Central,MG Advanced,Funholding,Engaging,2017-08-04,149,3393,,unknown,3393.00,91-180 Days,watch
49SUORYW,Niesha Huffines,Melvin Marxen,Central,GTX Plus Basic,Betasoloin,Engaging,2017-08-04,149,1096,,unknown,1096.00,91-180 Days,watch
51VR0RD3,Violet Mclelland,Cara Losch,East,MG Special,,Engaging,2017-08-04,149,55,,unknown,55.00,91-180 Days,watch
4PNXMXXC,Anna Snelling,Dustin Brinkmann,Central,GTX Basic,,Engaging,2017-08-05,148,550,,unknown,550.00,91-180 Days,watch
OVA9HMN1,Anna Snelling,Dustin Brinkmann,Central,GTX Plus Pro,,Engaging,2017-08-05,148,5482,,unknown,5482.00,91-180 Days,watch
DAAHNY6T,Anna Snelling,Dustin Brinkmann,Central,MG Special,,Engaging,2017-08-05,148,55,,unknown,55.00,91-180 Days,watch
80QJ0BQH,Anna Snelling,Dustin Brinkmann,Central,MG Special,,Engaging,2017-08-05,148,55,,unknown,55.00,91-180 Days,watch
MOAP4XN7,Boris Faz,Rocco Neubert,East,GTXPro,,Engaging,2017-08-05,148,,,unknown,0.00,91-180 Days,watch
2N2MUDOA,Daniell Hammack,Rocco Neubert,East,GTXPro,Bioholding,Engaging,2017-08-05,148,,,unknown,0.00,91-180 Days,watch
RCJRB8W8,Darcel Schlecht,Melvin Marxen,Central,GTX Plus Pro,,Engaging,2017-08-05,148,5482,,unknown,5482.00,91-180 Days,watch
5NGPM4C3,Darcel Schlecht,Melvin Marxen,Central,GTX Plus Pro,,Engaging,2017-08-05,148,5482,,unknown,5482.00,91-180 Days,watch
7DOGGIXI,Elease Gluck,Celia Rouche,West,MG Special,Bioplex,Engaging,2017-08-05,148,55,,unknown,55.00,91-180 Days,watch
NY7Z4I06,Kary Hendrixson,Summer Sewald,West,GTX Plus Pro,Betasoloin,Engaging,2017-08-05,148,5482,,unknown,5482.00,91-180 Days,watch
9P180HVQ,Moses Frase,Dustin Brinkmann,Central,GTX Basic,Zencorporation,Engaging,2017-08-05,148,550,,unknown,550.00,91-180 Days,watch
ACGLK2YE,Moses Frase,Dustin Brinkmann,Central,GTX Plus Basic,Treequote,Engaging,2017-08-05,148,1096,,unknown,1096.00,91-180 Days,watch
3A54O8JT,Versie Hillebrand,Dustin Brinkmann,Central,MG Special,,Engaging,2017-08-05,148,55,,unknown,55.00,91-180 Days,watch
R9GI5SJ5,Vicki Laflamme,Celia Rouche,West,MG Advanced,Domzoom,Engaging,2017-08-05,148,3393,,unknown,3393.00,91-180 Days,watch
WO1OYV0Z,Boris Faz,Rocco Neubert,East,GTX Plus Pro,,Engaging,2017-08-06,147,5482,,unknown,5482.00,91-180 Days,watch
ZGK1AWBD,Boris Faz,Rocco Neubert,East,MG Special,Vehement Capital Partners,Engaging,2017-08-06,147,55,,unknown,55.00,91-180 Days,watch
AV72Y65Y,Cecily Lampkin,Dustin Brinkmann,Central,MG Special,Streethex,Engaging,2017-08-06,147,55,,unknown,55.00,91-180 Days,watch
A8NDGVJE,Darcel Schlecht,Melvin Marxen,Central,GTXPro,,Engaging,2017-08-06,147,,,unknown,0.00,91-180 Days,watch
7FFV8D9U,Gladys Colclough,Melvin Marxen,Central,GTXPro,Plusstrip,Engaging,2017-08-06,147,,,unknown,0.00,91-180 Days,watch
04T6SOQW,Kami Bicknell,Summer Sewald,West,GTX Basic,,Engaging,2017-08-06,147,550,,unknown,550.00,91-180 Days,watch
SLMY2KDA,Kary Hendrixson,Summer Sewald,West,GTXPro,,Engaging,2017-08-06,147,,,unknown,0.00,91-180 Days,watch
PDMZ1I99,Lajuana Vencill,Dustin Brinkmann,Central,MG Advanced,Globex Corporation,Engaging,2017-08-06,147,3393,,unknown,3393.00,91-180 Days,watch
AD2YEH7W,Marty Freudenburg,Melvin Marxen,Central,GTX Plus Pro,,Engaging,2017-08-06,147,5482,,unknown,5482.00,91-180 Days,watch
98K99UW9,Rosie Papadopoulos,Cara Losch,East,GTX Plus Pro,,Engaging,2017-08-06,147,5482,,unknown,5482.00,91-180 Days,watch
OMJHW2J1,Versie Hillebrand,Dustin Brinkmann,Central,MG Advanced,,Engaging,2017-08-06,147,3393,,unknown,3393.00,91-180 Days,watch
G6CMP5I9,Versie Hillebrand,Dustin Brinkmann,Central,MG Advanced,,Engaging,2017-08-06,147,3393,,unknown,3393.00,91-180 Days,watch
OSG9KZGB,Anna Snelling,Dustin Brinkmann,Central,GTX Plus Basic,Kan-code,Engaging,2017-08-07,146,1096,,unknown,1096.00,91-180 Days,watch
693K7IAT,Boris Faz,Rocco Neubert,East,GTX Basic,Funholding,Engaging,2017-08-07,146,550,,unknown,550.00,91-180 Days,watch
WD7Q5D3G,Markita Hansen,Celia Rouche,West,GTX Plus Basic,,Engaging,2017-08-07,146,1096,,unknown,1096.00,91-180 Days,watch
ZC987DAQ,Markita Hansen,Celia Rouche,West,MG Advanced,,Engaging,2017-08-07,146,3393,,unknown,3393.00,91-180 Days,watch
I6M40320,Niesha Huffines,Melvin Marxen,Central,GTX Plus Basic,Betatech,Engaging,2017-08-07,146,1096,,unknown,1096.00,91-180 Days,watch
SYA1A4E5,Niesha Huffines,Melvin Marxen,Central,GTXPro,,Engaging,2017-08-07,146,,,unknown,0.00,91-180 Days,watch
9AESK6QV,Vicki Laflamme,Celia Rouche,West,GTX Basic,,Engaging,2017-08-07,146,550,,unknown,550.00,91-180 Days,watch
Q8QGD2OG,Cecily Lampkin,Dustin Brinkmann,Central,MG Advanced,,Engaging,2017-08-08,145,3393,,unknown,3393.00,91-180 Days,watch
FH3UXT3T,Darcel Schlecht,Melvin Marxen,Central,GTXPro,,Engaging,2017-08-08,145,,,unknown,0.00,91-180 Days,watch
CLRPASVW,Kami Bicknell,Summer Sewald,West,GTX Basic,Cancity,Engaging,2017-08-08,145,550,,unknown,550.00,91-180 Days,watch
FS60AX8A,Lajuana Vencill,Dustin Brinkmann,Central,GTX Basic,,Engaging,2017-08-08,145,550,,unknown,550.00,91-180 Days,watch
O7LSETHG,Rosie Papadopoulos,Cara Losch,East,MG Advanced,,Engaging,2017-08-08,145,3393,,unknown,3393.00,91-180 Days,watch
FCBSZ6FJ,Anna Snelling,Dustin Brinkmann,Central,GTX Plus Pro,,Engaging,2017-08-09,144,5482,,unknown,5482.00,91-180 Days,watch
S931EBRN,Cassey Cress,Rocco Neubert,East,GTX Basic,,Engaging,2017-08-09,144,550,,unknown,550.00,91-180 Days,watch
MUSSD9WD,Darcel Schlecht,Melvin Marxen,Central,GTX Plus Basic,Goodsilron,Engaging,2017-08-09,144,1096,,unknown,1096.00,91-180 Days,watch
9B20R6A5,Darcel Schlecht,Melvin Marxen,Central,GTXPro,,Engaging,2017-08-09,144,,,unknown,0.00,91-180 Days,watch
BJH89YWM,Jonathan Berthelot,Melvin Marxen,Central,GTX Basic,,Engaging,2017-08-09,144,550,,unknown,550.00,91-180 Days,watch
EVXPG3V5,Lajuana Vencill,Dustin Brinkmann,Central,GTX Basic,The New York Inquirer,Engaging,2017-08-09,144,550,,unknown,550.00,91-180 Days,watch
FSNL204U,Marty Freudenburg,Melvin Marxen,Central,GTX Plus Pro,Hatfan,Engaging,2017-08-09,144,5482,,unknown,5482.00,91-180 Days,watch
RC4LEDIA,Marty Freudenburg,Melvin Marxen,Central,MG Advanced,,Engaging,2017-08-09,144,3393,,unknown,3393.00,91-180 Days,watch
298J5EM0,Vicki Laflamme,Celia Rouche,West,GTX Basic,,Engaging,2017-08-09,144,550,,unknown,550.00,91-180 Days,watch
Z4OOTJAJ,Darcel Schlecht,Melvin Marxen,Central,GTX Plus Pro,,Engaging,2017-08-10,143,5482,,unknown,5482.00,91-180 Days,watch
988J5AUI,Hayden Neloms,Celia Rouche,West,GTX Plus Basic,,Engaging,2017-08-10,143,1096,,unknown,1096.00,91-180 Days,watch
MBPJUJ7F,Jonathan Berthelot,Melvin Marxen,Central,GTX Basic,Plexzap,Engaging,2017-08-10,143,550,,unknown,550.00,91-180 Days,watch
2KWJIZX6,Lajuana Vencill,Dustin Brinkmann,Central,GTX Plus Basic,,Engaging,2017-08-10,143,1096,,unknown,1096.00,91-180 Days,watch
99EA6HXJ,Markita Hansen,Celia Rouche,West,GTX Basic,,Engaging,2017-08-10,143,550,,unknown,550.00,91-180 Days,watch
J31SUXQJ,Marty Freudenburg,Melvin Marxen,Central,GTX Plus Pro,Sumace,Engaging,2017-08-10,143,5482,,unknown,5482.00,91-180 Days,watch
DYO98F6J,Marty Freudenburg,Melvin Marxen,Central,MG Special,,Engaging,2017-08-10,143,55,,unknown,55.00,91-180 Days,watch
EEB0JYIQ,Niesha Huffines,Melvin Marxen,Central,GTX Plus Basic,,Engaging,2017-08-10,143,1096,,unknown,1096.00,91-180 Days,watch
68EYCEV4,Rosie Papadopoulos,Cara Losch,East,GTXPro,Faxquote,Engaging,2017-08-10,143,,,unknown,0.00,91-180 Days,watch
P4D1NK6D,Elease Gluck,Celia Rouche,West,GTX Basic,,Engaging,2017-08-11,142,550,,unknown,550.00,91-180 Days,watch
5MAXF8FK,Gladys Colclough,Melvin Marxen,Central,GTX Plus Pro,The New York Inquirer,Engaging,2017-08-11,142,5482,,unknown,5482.00,91-180 Days,watch
Z7Q2USU1,Markita Hansen,Celia Rouche,West,MG Special,,Engaging,2017-08-11,142,55,,unknown,55.00,91-180 Days,watch
8CBTC1PX,Marty Freudenburg,Melvin Marxen,Central,MG Advanced,Streethex,Engaging,2017-08-11,142,3393,,unknown,3393.00,91-180 Days,watch
UMF3KRCL,Maureen Marcano,Summer Sewald,West,GTX Basic,,Engaging,2017-08-11,142,550,,unknown,550.00,91-180 Days,watch
VJSI29OF,Versie Hillebrand,Dustin Brinkmann,Central,MG Special,,Engaging,2017-08-11,142,55,,unknown,55.00,91-180 Days,watch
6KEWAQMX,Cassey Cress,Rocco Neubert,East,GTXPro,,Engaging,2017-08-12,141,,,unknown,0.00,91-180 Days,watch
QFRZLXF3,Cecily Lampkin,Dustin Brinkmann,Central,MG Special,,Engaging,2017-08-12,141,55,,unknown,55.00,91-180 Days,watch
8MUD1WS1,Cecily Lampkin,Dustin Brinkmann,Central,MG Advanced,,Engaging,2017-08-12,141,3393,,unknown,3393.00,91-180 Days,watch
HMWIP0F2,Darcel Schlecht,Melvin Marxen,Central,MG Special,Finjob,Engaging,2017-08-12,141,55,,unknown,55.00,91-180 Days,watch
27REMGYU,James Ascencio,Summer Sewald,West,GTX Basic,,Engaging,2017-08-12,141,550,,unknown,550.00,91-180 Days,watch
O0L6JUYE,Marty Freudenburg,Melvin Marxen,Central,GTX Basic,Bluth Company,Engaging,2017-08-12,141,550,,unknown,550.00,91-180 Days,watch
ZR436XWW,Maureen Marcano,Summer Sewald,West,GTX Plus Basic,,Engaging,2017-08-12,141,1096,,unknown,1096.00,91-180 Days,watch
44Q1W18Y,Moses Frase,Dustin Brinkmann,Central,MG Special,Zoomit,Engaging,2017-08-12,141,55,,unknown,55.00,91-180 Days,watch
LT111IZL,Moses Frase,Dustin Brinkmann,Central,MG Special,,Engaging,2017-08-12,141,55,,unknown,55.00,91-180 Days,watch
QHY85D44,Moses Frase,Dustin Brinkmann,Central,MG Special,,Engaging,2017-08-12,141,55,,unknown,55.00,91-180 Days,watch
7ZN8YCH8,Versie Hillebrand,Dustin Brinkmann,Central,MG Special,Gekko & Co,Engaging,2017-08-12,141,55,,unknown,55.00,91-180 Days,watch
B96E3BBD,Vicki Laflamme,Celia Rouche,West,GTX Basic,,Engaging,2017-08-12,141,550,,unknown,550.00,91-180 Days,watch
MQEFGUOG,Vicki Laflamme,Celia Rouche,West,GTX Basic,,Engaging,2017-08-12,141,550,,unknown,550.00,91-180 Days,watch
3C6E0D28,Vicki Laflamme,Celia Rouche,West,GTX Plus Pro,,Engaging,2017-08-12,141,5482,,unknown,5482.00,91-180 Days,watch
58W7CZGD,Vicki Laflamme,Celia Rouche,West,GTXPro,Cancity,Engaging,2017-08-12,141,,,unknown,0.00,91-180 Days,watch
EEQV0YY4,Violet Mclelland,Cara Losch,East,GTX Basic,,Engaging,2017-08-12,141,550,,unknown,550.00,91-180 Days,watch
0OHEJOI5,Corliss Cosme,Cara Losch,East,MG Advanced,,Engaging,2017-08-13,140,3393,,unknown,3393.00,91-180 Days,watch
QMFN71BT,Darcel Schlecht,Melvin Marxen,Central,GTX Plus Basic,,Engaging,2017-08-13,140,1096,,unknown,1096.00,91-180 Days,watch
7O1UQ19W,Gladys Colclough,Melvin Marxen,Central,GTX Basic,,Engaging,2017-08-13,140,550,,unknown,550.00,91-180 Days,watch
LFJVV393,Hayden Neloms,Celia Rouche,West,GTX Plus Basic,,Engaging,2017-08-13,140,1096,,unknown,1096.00,91-180 Days,watch
QQPAK72N,Hayden Neloms,Celia Rouche,West,GTX Plus Pro,,Engaging,2017-08-13,140,5482,,unknown,5482.00,91-180 Days,watch
5CAP1055,Kary Hendrixson,Summer Sewald,West,GTX Plus Pro,Kan-code,Engaging,2017-08-13,140,5482,,unknown,5482.00,91-180 Days,watch
DFSFEADV,Lajuana Vencill,Dustin Brinkmann,Central,GTX Basic,,Engaging,2017-08-13,140,550,,unknown,550.00,91-180 Days,watch
PXNDLIL2,Lajuana Vencill,Dustin Brinkmann,Central,MG Special,Initech,Engaging,2017-08-13,140,55,,unknown,55.00,91-180 Days,watch
7FVBMH48,Markita Hansen,Celia Rouche,West,MG Advanced,,Engaging,2017-08-13,140,3393,,unknown,3393.00,91-180 Days,watch
V0G393Q6,Marty Freudenburg,Melvin Marxen,Central,GTX Plus Basic,,Engaging,2017-08-13,140,1096,,unknown,1096.00,91-180 Days,watch
9CPUX0D0,Marty Freudenburg,Melvin Marxen,Central,GTXPro,,Engaging,2017-08-13,140,,,unknown,0.00,91-180 Days,watch
USS2SNQI,Maureen Marcano,Summer Sewald,West,MG Special,,Engaging,2017-08-13,140,55,,unknown,55.00,91-180 Days,watch
HQKWQ004,Moses Frase,Dustin Brinkmann,Central,MG Advanced,,Engaging,2017-08-13,140,3393,,unknown,3393.00,91-180 Days,watch
SAMPTSH0,Anna Snelling,Dustin Brinkmann,Central,GTX Plus Basic,,Engaging,2017-08-14,139,1096,,unknown,1096.00,91-180 Days,watch
NSX4NR40,Anna Snelling,Dustin Brinkmann,Central,GTX Plus Pro,Bioholding,Engaging,2017-08-14,139,5482,,unknown,5482.00,91-180 Days,watch
NPORW46K,Anna Snelling,Dustin Brinkmann,Central,MG Special,,Engaging,2017-08-14,139,55,,unknown,55.00,91-180 Days,watch
0GS0L5VR,Anna Snelling,Dustin Brinkmann,Central,MG Special,,Engaging,2017-08-14,139,55,,unknown,55.00,91-180 Days,watch
LBO52V0N,Cassey Cress,Rocco Neubert,East,GTXPro,,Engaging,2017-08-14,139,,,unknown,0.00,91-180 Days,watch
FJE58EP1,Darcel Schlecht,Melvin Marxen,Central,GTXPro,,Engaging,2017-08-14,139,,,unknown,0.00,91-180 Days,watch
AILB4LIX,Darcel Schlecht,Melvin Marxen,Central,GTXPro,,Engaging,2017-08-14,139,,,unknown,0.00,91-180 Days,watch
8FGW6RSX,Elease Gluck,Celia Rouche,West,MG Special,,Engaging,2017-08-14,139,55,,unknown,55.00,91-180 Days,watch
CYV6MJL9,Hayden Neloms,Celia Rouche,West,MG Advanced,,Engaging,2017-08-14,139,3393,,unknown,3393.00,91-180 Days,watch
Y8ZUSC9C,Jonathan Berthelot,Melvin Marxen,Central,GTX Basic,,Engaging,2017-08-14,139,550,,unknown,550.00,91-180 Days,watch
VHT6G2BS,Jonathan Berthelot,Melvin Marxen,Central,GTX Plus Basic,,Engaging,2017-08-14,139,1096,,unknown,1096.00,91-180 Days,watch
KBPKLB2X,Jonathan Berthelot,Melvin Marxen,Central,GTXPro,,Engaging,2017-08-14,139,,,unknown,0.00,91-180 Days,watch
EZDMNAK8,Lajuana Vencill,Dustin Brinkmann,Central,MG Advanced,Plussunin,Engaging,2017-08-14,139,3393,,unknown,3393.00,91-180 Days,watch
I6PXHXST,Marty Freudenburg,Melvin Marxen,Central,MG Advanced,Singletechno,Engaging,2017-08-14,139,3393,,unknown,3393.00,91-180 Days,watch
AMP2GT6F,Maureen Marcano,Summer Sewald,West,GTXPro,,Engaging,2017-08-14,139,,,unknown,0.00,91-180 Days,watch
PQJZNRKK,Rosie Papadopoulos,Cara Losch,East,GTXPro,,Engaging,2017-08-14,139,,,unknown,0.00,91-180 Days,watch
E617EXPD,Vicki Laflamme,Celia Rouche,West,MG Advanced,Iselectrics,Engaging,2017-08-14,139,3393,,unknown,3393.00,91-180 Days,watch
JEWIBFH9,Wilburn Farren,Cara Losch,East,MG Advanced,,Engaging,2017-08-14,139,3393,,unknown,3393.00,91-180 Days,watch
B08R55ET,Anna Snelling,Dustin Brinkmann,Central,MG Special,,Engaging,2017-08-15,138,55,,unknown,55.00,91-180 Days,watch
ICR59VIJ,Cassey Cress,Rocco Neubert,East,MG Advanced,,Engaging,2017-08-15,138,3393,,unknown,3393.00,91-180 Days,watch
TQJJDWWH,James Ascencio,Summer Sewald,West,MG Advanced,,Engaging,2017-08-15,138,3393,,unknown,3393.00,91-180 Days,watch
XGHMOHYQ,Lajuana Vencill,Dustin Brinkmann,Central,GTX Basic,,Engaging,2017-08-15,138,550,,unknown,550.00,91-180 Days,watch
5378T3K3,Markita Hansen,Celia Rouche,West,GTX Plus Pro,,Engaging,2017-08-15,138,5482,,unknown,5482.00,91-180 Days,watch
1MQ3015O,Niesha Huffines,Melvin Marxen,Central,GTX Plus Basic,,Engaging,2017-08-15,138,1096,,unknown,1096.00,91-180 Days,watch
PYQ3VX08,Niesha Huffines,Melvin Marxen,Central,GTXPro,,Engaging,2017-08-15,138,,,unknown,0.00,91-180 Days,watch
W1XRTUT2,Versie Hillebrand,Dustin Brinkmann,Central,MG Special,Finhigh,Engaging,2017-08-15,138,55,,unknown,55.00,91-180 Days,watch
6SMB6SDY,Vicki Laflamme,Celia Rouche,West,GTXPro,,Engaging,2017-08-15,138,,,unknown,0.00,91-180 Days,watch
041Q1IZL,Zane Levy,Summer Sewald,West,GTXPro,Green-Plus,Engaging,2017-08-15,138,,,unknown,0.00,91-180 Days,watch
SU1NDYXR,Boris Faz,Rocco Neubert,East,GTX Plus Basic,Stanredtax,Engaging,2017-08-16,137,1096,,unknown,1096.00,91-180 Days,watch
V7W8CA47,Vicki Laflamme,Celia Rouche,West,MG Special,,Engaging,2017-08-16,137,55,,unknown,55.00,91-180 Days,watch
KR22DD8M,Cassey Cress,Rocco Neubert,East,GTX Basic,,Engaging,2017-08-17,136,550,,unknown,550.00,91-180 Days,watch
SY61BAXZ,Cassey Cress,Rocco Neubert,East,GTX Plus Basic,Rantouch,Engaging,2017-08-17,136,1096,,unknown,1096.00,91-180 Days,watch
FKVC924F,Daniell Hammack,Rocco Neubert,East,GTXPro,,Engaging,2017-08-17,136,,,unknown,0.00,91-180 Days,watch
LXVCMY4C,Daniell Hammack,Rocco Neubert,East,GTXPro,,Engaging,2017-08-17,136,,,unknown,0.00,91-180 Days,watch
QJ1DIUN7,Rosalina Dieter,Celia Rouche,West,MG Special,Ganjaflex,Engaging,2017-08-17,136,55,,unknown,55.00,91-180 Days,watch
L4R7LDY1,Violet Mclelland,Cara Losch,East,MG Special,Hatfan,Engaging,2017-08-17,136,55,,unknown,55.00,91-180 Days,watch
XNKIZY9J,Corliss Cosme,Cara Losch,East,MG Advanced,,Engaging,2017-08-18,135,3393,,unknown,3393.00,91-180 Days,watch
X9L0T199,Kami Bicknell,Summer Sewald,West,GTXPro,,Engaging,2017-08-18,135,,,unknown,0.00,91-180 Days,watch
VYR4EWHR,Kary Hendrixson,Summer Sewald,West,GTX Basic,,Engaging,2017-08-18,135,550,,unknown,550.00,91-180 Days,watch
PODXJ4SP,Maureen Marcano,Summer Sewald,West,GTX Basic,Donquadtech,Engaging,2017-08-18,135,550,,unknown,550.00,91-180 Days,watch
MAH5U65E,Vicki Laflamme,Celia Rouche,West,MG Advanced,,Engaging,2017-08-18,135,3393,,unknown,3393.00,91-180 Days,watch
NZJXKD9H,Daniell Hammack,Rocco Neubert,East,MG Special,,Engaging,2017-08-19,134,55,,unknown,55.00,91-180 Days,watch
H7GXKD3O,Maureen Marcano,Summer Sewald,West,GTX Plus Basic,Kan-code,Engaging,2017-08-19,134,1096,,unknown,1096.00,91-180 Days,watch
QPUPBL50,Kary Hendrixson,Summer Sewald,West,GTX Basic,,Engaging,2017-08-20,133,550,,unknown,550.00,91-180 Days,watch
7P069DNF,Kary Hendrixson,Summer Sewald,West,GTX Plus Basic,Labdrill,Engaging,2017-08-20,133,1096,,unknown,1096.00,91-180 Days,watch
TUKHDOGS,Maureen Marcano,Summer Sewald,West,GTXPro,,Engaging,2017-08-20,133,,,unknown,0.00,91-180 Days,watch
9D43V124,Vicki Laflamme,Celia Rouche,West,MG Special,Mathtouch,Engaging,2017-08-20,133,55,,unknown,55.00,91-180 Days,watch
1VFT3UCK,Boris Faz,Rocco Neubert,East,GTX Plus Basic,Condax,Engaging,2017-08-21,132,1096,,unknown,1096.00,91-180 Days,watch
R2V49PU5,Kami Bicknell,Summer Sewald,West,GTX Plus Basic,,Engaging,2017-08-21,132,1096,,unknown,1096.00,91-180 Days,watch
RFQFJLNJ,Markita Hansen,Celia Rouche,West,MG Special,,Engaging,2017-08-21,132,55,,unknown,55.00,91-180 Days,watch
23J295J4,Rosalina Dieter,Celia Rouche,West,MG Special,Xx-holding,Engaging,2017-08-21,132,55,,unknown,55.00,91-180 Days,watch
8P3O8A9H,Vicki Laflamme,Celia Rouche,West,MG Special,,Engaging,2017-08-21,132,55,,unknown,55.00,91-180 Days,watch
5P4O1IU6,Cassey Cress,Rocco Neubert,East,MG Advanced,,Engaging,2017-08-22,131,3393,,unknown,3393.00,91-180 Days,watch
TZPE6M07,Wilburn Farren,Cara Losch,East,MG Advanced,,Engaging,2017-08-22,131,3393,,unknown,3393.00,91-180 Days,watch
G03J67Z1,Zane Levy,Summer Sewald,West,GTX Plus Basic,,Engaging,2017-08-22,131,1096,,unknown,1096.00,91-180 Days,watch
TM70L0W8,Zane Levy,Summer Sewald,West,GTXPro,,Engaging,2017-08-22,131,,,unknown,0.00,91-180 Days,watch
WK1319MB,Boris Faz,Rocco Neubert,East,MG Advanced,,Engaging,2017-08-23,130,3393,,unknown,3393.00,91-180 Days,watch
S53EVWFC,Daniell Hammack,Rocco Neubert,East,GTXPro,,Engaging,2017-08-23,130,,,unknown,0.00,91-180 Days,watch
YB4YJTK4,Kami Bicknell,Summer Sewald,West,GTX Basic,Lexiqvolax,Engaging,2017-08-23,130,550,,unknown,550.00,91-180 Days,watch
P6NQ2LZK,Vicki Laflamme,Celia Rouche,West,GTX Basic,,Engaging,2017-08-23,130,550,,unknown,550.00,91-180 Days,watch
0XYUJ7HF,Vicki Laflamme,Celia Rouche,West,MG Special,Isdom,Engaging,2017-08-23,130,55,,unknown,55.00,91-180 Days,watch
QKW7MDJK,Violet Mclelland,Cara Losch,East,GTXPro,,Engaging,2017-08-23,130,,,unknown,0.00,91-180 Days,watch
UIOJX7O0,Cassey Cress,Rocco Neubert,East,GTXPro,,Engaging,2017-08-24,129,,,unknown,0.00,91-180 Days,watch
CN8X0DLA,Daniell Hammack,Rocco Neubert,East,GTX Plus Basic,Stanredtax,Engaging,2017-08-24,129,1096,,unknown,1096.00,91-180 Days,watch
HF1GSBT4,Daniell Hammack,Rocco Neubert,East,GTX Plus Pro,,Engaging,2017-08-24,129,5482,,unknown,5482.00,91-180 Days,watch
Z8Z77GN3,Kami Bicknell,Summer Sewald,West,GTXPro,,Engaging,2017-08-24,129,,,unknown,0.00,91-180 Days,watch
LKJZEISS,Zane Levy,Summer Sewald,West,GTX Basic,,Engaging,2017-08-24,129,550,,unknown,550.00,91-180 Days,watch
Y0M8X7BV,Corliss Cosme,Cara Losch,East,GTX Plus Pro,,Engaging,2017-08-25,128,5482,,unknown,5482.00,91-180 Days,watch
TWEVVI99,Daniell Hammack,Rocco Neubert,East,GTX Plus Basic,Scottech,Engaging,2017-08-25,128,1096,,unknown,1096.00,91-180 Days,watch
0H9C9J03,Markita Hansen,Celia Rouche,West,GTX Plus Basic,,Engaging,2017-08-25,128,1096,,unknown,1096.00,91-180 Days,watch
VGSH1TSW,Violet Mclelland,Cara Losch,East,MG Special,Vehement Capital Partners,Engaging,2017-08-25,128,55,,unknown,55.00,91-180 Days,watch
WZ3FJA3V,Zane Levy,Summer Sewald,West,GTX Plus Basic,Labdrill,Engaging,2017-08-25,128,1096,,unknown,1096.00,91-180 Days,watch
TLLW2ZRM,Zane Levy,Summer Sewald,West,GTXPro,Condax,Engaging,2017-08-25,128,,,unknown,0.00,91-180 Days,watch
2F41W100,Daniell Hammack,Rocco Neubert,East,GTX Plus Basic,,Engaging,2017-08-26,127,1096,,unknown,1096.00,91-180 Days,watch
059K86LU,Kami Bicknell,Summer Sewald,West,GTX Plus Pro,Labdrill,Engaging,2017-08-26,127,5482,,unknown,5482.00,91-180 Days,watch
8PLXH354,Rosalina Dieter,Celia Rouche,West,MG Special,,Engaging,2017-08-26,127,55,,unknown,55.00,91-180 Days,watch
RU5X1LZM,Zane Levy,Summer Sewald,West,GTXPro,,Engaging,2017-08-26,127,,,unknown,0.00,91-180 Days,watch
OO9U4C0Y,Cassey Cress,Rocco Neubert,East,GTX Plus Basic,Y-corporation,Engaging,2017-08-27,126,1096,,unknown,1096.00,91-180 Days,watch
WZN26QZQ,Corliss Cosme,Cara Losch,East,GTX Plus Pro,Lexiqvolax,Engaging,2017-08-27,126,5482,,unknown,5482.00,91-180 Days,watch
7K1KXMBT,Kami Bicknell,Summer Sewald,West,GTXPro,,Engaging,2017-08-27,126,,,unknown,0.00,91-180 Days,watch
TCJA7XF2,Kami Bicknell,Summer Sewald,West,MG Special,,Engaging,2017-08-27,126,55,,unknown,55.00,91-180 Days,watch
TGSLH2ZD,Zane Levy,Summer Sewald,West,GTX Basic,,Engaging,2017-08-27,126,550,,unknown,550.00,91-180 Days,watch
OLXEYM3P,Zane Levy,Summer Sewald,West,GTX Basic,,Engaging,2017-08-27,126,550,,unknown,550.00,91-180 Days,watch
3ORQ2R0R,Elease Gluck,Celia Rouche,West,GTXPro,,Engaging,2017-08-28,125,,,unknown,0.00,91-180 Days,watch
7868JVH9,Cassey Cress,Rocco Neubert,East,GTX Plus Basic,Rantouch,Engaging,2017-08-29,124,1096,,unknown,1096.00,91-180 Days,watch
RYNZ2WOK,Markita Hansen,Celia Rouche,West,MG Advanced,Iselectrics,Engaging,2017-08-29,124,3393,,unknown,3393.00,91-180 Days,watch
PTZ9QLEF,Violet Mclelland,Cara Losch,East,GTX Basic,,Engaging,2017-08-29,124,550,,unknown,550.00,91-180 Days,watch
R65LGLJ0,Cassey Cress,Rocco Neubert,East,MG Special,,Engaging,2017-08-30,123,55,,unknown,55.00,91-180 Days,watch
XXD7OQOH,Markita Hansen,Celia Rouche,West,MG Special,,Engaging,2017-08-30,123,55,,unknown,55.00,91-180 Days,watch
LMU41E2W,Rosalina Dieter,Celia Rouche,West,MG Special,,Engaging,2017-08-30,123,55,,unknown,55.00,91-180 Days,watch
1Y58TSUU,Violet Mclelland,Cara Losch,East,MG Special,,Engaging,2017-08-30,123,55,,unknown,55.00,91-180 Days,watch
WNTAT1OT,Boris Faz,Rocco Neubert,East,GTX Basic,,Engaging,2017-08-31,122,550,,unknown,550.00,91-180 Days,watch
EDM7CEZ6,Kami Bicknell,Summer Sewald,West,GTXPro,Opentech,Engaging,2017-08-31,122,,,unknown,0.00,91-180 Days,watch
XBPJ6M4K,Kary Hendrixson,Summer Sewald,West,GTX Basic,Finhigh,Engaging,2017-08-31,122,550,,unknown,550.00,91-180 Days,watch
XRZNF1LQ,Kary Hendrixson,Summer Sewald,West,GTXPro,,Engaging,2017-08-31,122,,,unknown,0.00,91-180 Days,watch
6CT660FF,Maureen Marcano,Summer Sewald,West,GTX Plus Basic,,Engaging,2017-08-31,122,1096,,unknown,1096.00,91-180 Days,watch
NUS67BOQ,Rosie Papadopoulos,Cara Losch,East,GTX Basic,,Engaging,2017-08-31,122,550,,unknown,550.00,91-180 Days,watch
RTX8ZJXT,Vicki Laflamme,Celia Rouche,West,GTX Basic,,Engaging,2017-08-31,122,550,,unknown,550.00,91-180 Days,watch
6C6Z3HRA,Zane Levy,Summer Sewald,West,GTX Basic,,Engaging,2017-08-31,122,550,,unknown,550.00,91-180 Days,watch
102XKYAC,Cassey Cress,Rocco Neubert,East,GTXPro,Zotware,Engaging,2017-09-01,121,,,unknown,0.00,91-180 Days,watch
A5SCVK7E,Corliss Cosme,Cara Losch,East,GTX Plus Pro,Goodsilron,Engaging,2017-09-01,121,5482,,unknown,5482.00,91-180 Days,watch
ASZNII2J,Elease Gluck,Celia Rouche,West,MG Special,,Engaging,2017-09-01,121,55,,unknown,55.00,91-180 Days,watch
KAGK2GQJ,James Ascencio,Summer Sewald,West,GTX Plus Pro,,Engaging,2017-09-01,121,5482,,unknown,5482.00,91-180 Days,watch
6OD1J7MW,Elease Gluck,Celia Rouche,West,GTX Plus Pro,Plexzap,Engaging,2017-09-02,120,5482,,unknown,5482.00,91-180 Days,watch
J0G6ZLYZ,Zane Levy,Summer Sewald,West,GTX Plus Pro,,Engaging,2017-09-02,120,5482,,unknown,5482.00,91-180 Days,watch
LOQ46F0T,Cassey Cress,Rocco Neubert,East,GTX Basic,,Engaging,2017-09-03,119,550,,unknown,550.00,91-180 Days,watch
JKAYQ4HQ,Elease Gluck,Celia Rouche,West,MG Special,,Engaging,2017-09-03,119,55,,unknown,55.00,91-180 Days,watch
DZP41ANW,Hayden Neloms,Celia Rouche,West,GTX Plus Basic,,Engaging,2017-09-03,119,1096,,unknown,1096.00,91-180 Days,watch
GRYHHER0,Hayden Neloms,Celia Rouche,West,MG Special,Finhigh,Engaging,2017-09-03,119,55,,unknown,55.00,91-180 Days,watch
H8XH5MFQ,Kary Hendrixson,Summer Sewald,West,GTX Plus Pro,,Engaging,2017-09-03,119,5482,,unknown,5482.00,91-180 Days,watch
YPM5PZMD,Vicki Laflamme,Celia Rouche,West,MG Special,,Engaging,2017-09-03,119,55,,unknown,55.00,91-180 Days,watch
OGHK250E,Violet Mclelland,Cara Losch,East,GTX Basic,,Engaging,2017-09-03,119,550,,unknown,550.00,91-180 Days,watch
KXR63BV7,Corliss Cosme,Cara Losch,East,GTXPro,,Engaging,2017-09-04,118,,,unknown,0.00,91-180 Days,watch
VKIR68JX,Violet Mclelland,Cara Losch,East,GTX Plus Basic,,Engaging,2017-09-04,118,1096,,unknown,1096.00,91-180 Days,watch
W533W8G6,Zane Levy,Summer Sewald,West,GTX Basic,,Engaging,2017-09-04,118,550,,unknown,550.00,91-180 Days,watch
RW3CJO8D,Zane Levy,Summer Sewald,West,MG Advanced,,Engaging,2017-09-04,118,3393,,unknown,3393.00,91-180 Days,watch
5E274CQS,Boris Faz,Rocco Neubert,East,GTXPro,,Engaging,2017-09-05,117,,,unknown,0.00,91-180 Days,watch
7GDSUY9K,Hayden Neloms,Celia Rouche,West,GTX Plus Pro,Konmatfix,Engaging,2017-09-05,117,5482,,unknown,5482.00,91-180 Days,watch
H5J7C2FE,Kami Bicknell,Summer Sewald,West,GTX Basic,,Engaging,2017-09-05,117,550,,unknown,550.00,91-180 Days,watch
1UW6ILCH,Maureen Marcano,Summer Sewald,West,GTX Basic,Bioplex,Engaging,2017-09-05,117,550,,unknown,550.00,91-180 Days,watch
X6NSKI7H,Cassey Cress,Rocco Neubert,East,GTX Basic,,Engaging,2017-09-06,116,550,,unknown,550.00,91-180 Days,watch
FH30JK3J,Cassey Cress,Rocco Neubert,East,GTX Plus Basic,Ontomedia,Engaging,2017-09-06,116,1096,,unknown,1096.00,91-180 Days,watch
ZPXE49AP,Daniell Hammack,Rocco Neubert,East,GTX Basic,,Engaging,2017-09-06,116,550,,unknown,550.00,91-180 Days,watch
U1XSUD1P,Kami Bicknell,Summer Sewald,West,GTX Basic,,Engaging,2017-09-06,116,550,,unknown,550.00,91-180 Days,watch
OM8LELJW,Kary Hendrixson,Summer Sewald,West,GTX Basic,Iselectrics,Engaging,2017-09-06,116,550,,unknown,550.00,91-180 Days,watch
WEES59KH,Violet Mclelland,Cara Losch,East,MG Special,,Engaging,2017-09-06,116,55,,unknown,55.00,91-180 Days,watch
95YT659K,Zane Levy,Summer Sewald,West,MG Special,Groovestreet,Engaging,2017-09-06,116,55,,unknown,55.00,91-180 Days,watch
IOPIJ6C6,Boris Faz,Rocco Neubert,East,GTX Plus Basic,,Engaging,2017-09-07,115,1096,,unknown,1096.00,91-180 Days,watch
QEZ2X87C,Rosalina Dieter,Celia Rouche,West,MG Special,Iselectrics,Engaging,2017-09-07,115,55,,unknown,55.00,91-180 Days,watch
S8FODURJ,Zane Levy,Summer Sewald,West,GTX Basic,Nam-zim,Engaging,2017-09-07,115,550,,unknown,550.00,91-180 Days,watch
EJGRLQP8,James Ascencio,Summer Sewald,West,GTXPro,,Engaging,2017-09-08,114,,,unknown,0.00,91-180 Days,watch
8DDR4MUL,James Ascencio,Summer Sewald,West,MG Advanced,,Engaging,2017-09-08,114,3393,,unknown,3393.00,91-180 Days,watch
H0RRUQZ6,Maureen Marcano,Summer Sewald,West,MG Special,,Engaging,2017-09-08,114,55,,unknown,55.00,91-180 Days,watch
NJC4XMEN,James Ascencio,Summer Sewald,West,GTX Plus Basic,Initech,Engaging,2017-09-09,113,1096,,unknown,1096.00,91-180 Days,watch
IMLFM79C,Markita Hansen,Celia Rouche,West,GTX Plus Basic,,Engaging,2017-09-09,113,1096,,unknown,1096.00,91-180 Days,watch
ZGW9SCQ0,Hayden Neloms,Celia Rouche,West,MG Advanced,,Engaging,2017-09-10,112,3393,,unknown,3393.00,91-180 Days,watch
34XWXEQE,James Ascencio,Summer Sewald,West,GTXPro,,Engaging,2017-09-10,112,,,unknown,0.00,91-180 Days,watch
8NG46N94,Kami Bicknell,Summer Sewald,West,GTXPro,,Engaging,2017-09-10,112,,,unknown,0.00,91-180 Days,watch
XT8HCGAD,Rosalina Dieter,Celia Rouche,West,MG Special,Bubba Gump,Engaging,2017-09-10,112,55,,unknown,55.00,91-180 Days,watch
WIQQUZRQ,Rosalina Dieter,Celia Rouche,West,MG Special,,Engaging,2017-09-10,112,55,,unknown,55.00,91-180 Days,watch
LOHJU3OB,Zane Levy,Summer Sewald,West,GTXPro,,Engaging,2017-09-10,112,,,unknown,0.00,91-180 Days,watch
0558PJL2,Corliss Cosme,Cara Losch,East,GTX Basic,,Engaging,2017-09-11,111,550,,unknown,550.00,91-180 Days,watch
JB60NPU9,Corliss Cosme,Cara Losch,East,GTXPro,,Engaging,2017-09-11,111,,,unknown,0.00,91-180 Days,watch
77IBMLTB,James Ascencio,Summer Sewald,West,GTX Plus Pro,,Engaging,2017-09-11,111,5482,,unknown,5482.00,91-180 Days,watch
S2XTTF3B,Rosalina Dieter,Celia Rouche,West,MG Special,,Engaging,2017-09-11,111,55,,unknown,55.00,91-180 Days,watch
8XY5IA68,Rosie Papadopoulos,Cara Losch,East,GTXPro,Sonron,Engaging,2017-09-11,111,,,unknown,0.00,91-180 Days,watch
RKOQZJZR,Zane Levy,Summer Sewald,West,GTX Plus Basic,J-Texon,Engaging,2017-09-11,111,1096,,unknown,1096.00,91-180 Days,watch
8V5OCDHN,Cassey Cress,Rocco Neubert,East,GTX Basic,,Engaging,2017-09-12,110,550,,unknown,550.00,91-180 Days,watch
I35REHYN,Vicki Laflamme,Celia Rouche,West,GTX Basic,Genco Pura Olive Oil Company,Engaging,2017-09-12,110,550,,unknown,550.00,91-180 Days,watch
Y3AAS62P,Vicki Laflamme,Celia Rouche,West,GTX Plus Basic,Zoomit,Engaging,2017-09-12,110,1096,,unknown,1096.00,91-180 Days,watch
3NC5XSDF,Violet Mclelland,Cara Losch,East,MG Advanced,,Engaging,2017-09-12,110,3393,,unknown,3393.00,91-180 Days,watch
5X3TSUA9,Cassey Cress,Rocco Neubert,East,GTX Plus Basic,,Engaging,2017-09-13,109,1096,,unknown,1096.00,91-180 Days,watch
9DY57A6F,Daniell Hammack,Rocco Neubert,East,GTXPro,,Engaging,2017-09-13,109,,,unknown,0.00,91-180 Days,watch
EQ0PLA0O,Vicki Laflamme,Celia Rouche,West,MG Special,,Engaging,2017-09-13,109,55,,unknown,55.00,91-180 Days,watch
VRWH3YJV,Maureen Marcano,Summer Sewald,West,GTX Plus Pro,,Engaging,2017-09-14,108,5482,,unknown,5482.00,91-180 Days,watch
JBECEURV,Zane Levy,Summer Sewald,West,GTX Basic,,Engaging,2017-09-14,108,550,,unknown,550.00,91-180 Days,watch
ER0U0TOC,Corliss Cosme,Cara Losch,East,GTX Basic,,Engaging,2017-09-15,107,550,,unknown,550.00,91-180 Days,watch
24K085JJ,Maureen Marcano,Summer Sewald,West,GTX Plus Basic,,Engaging,2017-09-15,107,1096,,unknown,1096.00,91-180 Days,watch
NBBIFIKB,Wilburn Farren,Cara Losch,East,MG Advanced,,Engaging,2017-09-15,107,3393,,unknown,3393.00,91-180 Days,watch
R6Q5JOLX,Cassey Cress,Rocco Neubert,East,GTX Plus Pro,,Engaging,2017-09-16,106,5482,,unknown,5482.00,91-180 Days,watch
DY8DMZZ9,Vicki Laflamme,Celia Rouche,West,GTX Plus Pro,,Engaging,2017-09-16,106,5482,,unknown,5482.00,91-180 Days,watch
KQ83VL8T,Boris Faz,Rocco Neubert,East,GTX Plus Basic,,Engaging,2017-09-17,105,1096,,unknown,1096.00,91-180 Days,watch
PAQ6EKHB,Kami Bicknell,Summer Sewald,West,GTX Basic,,Engaging,2017-09-17,105,550,,unknown,550.00,91-180 Days,watch
8LA72RM8,Maureen Marcano,Summer Sewald,West,MG Advanced,Donware,Engaging,2017-09-17,105,3393,,unknown,3393.00,91-180 Days,watch
UU7N7LZK,James Ascencio,Summer Sewald,West,MG Advanced,,Engaging,2017-09-18,104,3393,,unknown,3393.00,91-180 Days,watch
ZBDT3T2H,Kary Hendrixson,Summer Sewald,West,GTX Basic,,Engaging,2017-09-18,104,550,,unknown,550.00,91-180 Days,watch
WSO3NMK5,Maureen Marcano,Summer Sewald,West,MG Advanced,,Engaging,2017-09-18,104,3393,,unknown,3393.00,91-180 Days,watch
01XZ9CRY,Zane Levy,Summer Sewald,West,GTX Plus Pro,Initech,Engaging,2017-09-18,104,5482,,unknown,5482.00,91-180 Days,watch
HJY0TQ7X,Zane Levy,Summer Sewald,West,MG Special,Toughzap,Engaging,2017-09-18,104,55,,unknown,55.00,91-180 Days,watch
A7OVC1WK,Corliss Cosme,Cara Losch,East,GTX Plus Pro,,Engaging,2017-09-19,103,5482,,unknown,5482.00,91-180 Days,watch
V1SX6HOD,Maureen Marcano,Summer Sewald,West,GTX Plus Basic,,Engaging,2017-09-19,103,1096,,unknown,1096.00,91-180 Days,watch
WVKBXWA9,Rosie Papadopoulos,Cara Losch,East,MG Advanced,,Engaging,2017-09-19,103,3393,,unknown,3393.00,91-180 Days,watch
PSMWYTMB,Boris Faz,Rocco Neubert,East,MG Advanced,Toughzap,Engaging,2017-09-20,102,3393,,unknown,3393.00,91-180 Days,watch
NRK892VX,Elease Gluck,Celia Rouche,West,GTX Plus Pro,,Engaging,2017-09-20,102,5482,,unknown,5482.00,91-180 Days,watch
5F1RM2YM,Elease Gluck,Celia Rouche,West,MG Special,,Engaging,2017-09-20,102,55,,unknown,55.00,91-180 Days,watch
197EQMY8,Kami Bicknell,Summer Sewald,West,GTXPro,,Engaging,2017-09-20,102,,,unknown,0.00,91-180 Days,watch
61IKUAZI,Rosalina Dieter,Celia Rouche,West,GTX Plus Basic,Dalttechnology,Engaging,2017-09-20,102,1096,,unknown,1096.00,91-180 Days,watch
D9MZMDOL,Vicki Laflamme,Celia Rouche,West,MG Special,Zumgoity,Engaging,2017-09-20,102,55,,unknown,55.00,91-180 Days,watch
2FM8HJDM,Vicki Laflamme,Celia Rouche,West,MG Advanced,,Engaging,2017-09-20,102,3393,,unknown,3393.00,91-180 Days,watch
4R4QF0ZU,Zane Levy,Summer Sewald,West,GTXPro,,Engaging,2017-09-20,102,,,unknown,0.00,91-180 Days,watch
IDKBZCAF,Daniell Hammack,Rocco Neubert,East,GTXPro,,Engaging,2017-09-21,101,,,unknown,0.00,91-180 Days,watch
LFI3BGEE,Daniell Hammack,Rocco Neubert,East,GTX Plus Pro,,Engaging,2017-09-22,100,5482,,unknown,5482.00,91-180 Days,watch
1LHU0876,Elease Gluck,Celia Rouche,West,MG Advanced,Labdrill,Engaging,2017-09-22,100,3393,,unknown,3393.00,91-180 Days,watch
K2NPVZL8,Kami Bicknell,Summer Sewald,West,GTX Basic,,Engaging,2017-09-23,99,550,,unknown,550.00,91-180 Days,watch
7FLPKZN7,Kami Bicknell,Summer Sewald,West,GTXPro,Kan-code,Engaging,2017-09-23,99,,,unknown,0.00,91-180 Days,watch
3Q15OHQB,Vicki Laflamme,Celia Rouche,West,MG Advanced,,Engaging,2017-09-23,99,3393,,unknown,3393.00,91-180 Days,watch
EJVD09HQ,James Ascencio,Summer Sewald,West,MG Special,Betasoloin,Engaging,2017-09-25,97,55,,unknown,55.00,91-180 Days,watch
P8QXRXMR,Rosalina Dieter,Celia Rouche,West,GTXPro,,Engaging,2017-09-25,97,,,unknown,0.00,91-180 Days,watch
G7QIQDSA,Corliss Cosme,Cara Losch,East,GTXPro,,Engaging,2017-09-26,96,,,unknown,0.00,91-180 Days,watch
JXUSPNPV,Markita Hansen,Celia Rouche,West,GTX Plus Basic,,Engaging,2017-09-26,96,1096,,unknown,1096.00,91-180 Days,watch
FSYTM6YE,James Ascencio,Summer Sewald,West,GTXPro,,Engaging,2017-09-27,95,,,unknown,0.00,91-180 Days,watch
1LY8CAXD,Rosalina Dieter,Celia Rouche,West,GTK 500,Betasoloin,Engaging,2017-09-27,95,26768,,unknown,26768.00,91-180 Days,watch
SMP2K39G,Markita Hansen,Celia Rouche,West,GTXPro,,Engaging,2017-09-28,94,,,unknown,0.00,91-180 Days,watch
9JTFD4FZ,Wilburn Farren,Cara Losch,East,GTX Plus Pro,,Engaging,2017-09-28,94,5482,,unknown,5482.00,91-180 Days,watch
C51GWGUE,Daniell Hammack,Rocco Neubert,East,GTX Plus Basic,,Engaging,2017-09-29,93,1096,,unknown,1096.00,91-180 Days,watch
NS6JLCZ2,Rosie Papadopoulos,Cara Losch,East,GTXPro,,Engaging,2017-09-29,93,,,unknown,0.00,91-180 Days,watch
LZ3B174J,Vicki Laflamme,Celia Rouche,West,MG Special,,Engaging,2017-09-29,93,55,,unknown,55.00,91-180 Days,watch
NX28C8EI,James Ascencio,Summer Sewald,West,GTX Plus Pro,,Engaging,2017-09-30,92,5482,,unknown,5482.00,91-180 Days,watch
WV2YBM8V,Kary Hendrixson,Summer Sewald,West,GTX Basic,,Engaging,2017-09-30,92,550,,unknown,550.00,91-180 Days,watch
NMLTE4CS,Maureen Marcano,Summer Sewald,West,GTX Plus Pro,,Engaging,2017-09-30,92,5482,,unknown,5482.00,91-180 Days,watch
4SOUOUKH,Vicki Laflamme,Celia Rouche,West,GTX Plus Pro,Treequote,Engaging,2017-09-30,92,5482,,unknown,5482.00,91-180 Days,watch
EM1BA4EK,Cassey Cress,Rocco Neubert,East,GTX Basic,Scotfind,Engaging,2017-10-01,91,550,,unknown,550.00,91-180 Days,watch
GWOOPZE8,Cassey Cress,Rocco Neubert,East,GTX Plus Basic,Cheers,Engaging,2017-10-01,91,1096,,unknown,1096.00,91-180 Days,watch
GXIVJQPG,Daniell Hammack,Rocco Neubert,East,GTX Plus Basic,Xx-zobam,Engaging,2017-10-01,91,1096,,unknown,1096.00,91-180 Days,watch
MG1YUTUE,Markita Hansen,Celia Rouche,West,MG Special,Acme Corporation,Engaging,2017-10-01,91,55,,unknown,55.00,91-180 Days,watch
QNB3SCN9,Wilburn Farren,Cara Losch,East,GTX Plus Pro,,Engaging,2017-10-01,91,5482,,unknown,5482.00,91-180 Days,watch
MYD4PBM9,Kary Hendrixson,Summer Sewald,West,GTX Basic,,Engaging,2017-10-03,89,550,,unknown,550.00,31-90 Days,healthy
E2CJIO85,Vicki Laflamme,Celia Rouche,West,GTX Plus Pro,,Engaging,2017-10-03,89,5482,,unknown,5482.00,31-90 Days,healthy
EP5QRHID,Boris Faz,Rocco Neubert,East,MG Advanced,,Engaging,2017-10-04,88,3393,,unknown,3393.00,31-90 Days,healthy
5WAKI1NB,Corliss Cosme,Cara Losch,East,GTX Basic,,Engaging,2017-10-04,88,550,,unknown,550.00,31-90 Days,healthy
LDJ6VTNW,Daniell Hammack,Rocco Neubert,East,GTX Plus Basic,,Engaging,2017-10-04,88,1096,,unknown,1096.00,31-90 Days,healthy
1L68AC0E,Wilburn Farren,Cara Losch,East,GTXPro,Gogozoom,Engaging,2017-10-04,88,,,unknown,0.00,31-90 Days,healthy
06C1N1F7,Elease Gluck,Celia Rouche,West,MG Special,,Engaging,2017-10-05,87,55,,unknown,55.00,31-90 Days,healthy
VVE9HGLD,Kary Hendrixson,Summer Sewald,West,GTXPro,,Engaging,2017-10-05,87,,,unknown,0.00,31-90 Days,healthy
JIEO87ZV,Daniell Hammack,Rocco Neubert,East,MG Advanced,,Engaging,2017-10-06,86,3393,,unknown,3393.00,31-90 Days,healthy
MIA65OVY,Elease Gluck,Celia Rouche,West,MG Special,,Engaging,2017-10-06,86,55,,unknown,55.00,31-90 Days,healthy
L9EVLHSJ,Kami Bicknell,Summer Sewald,West,GTX Plus Basic,,Engaging,2017-10-08,84,1096,,unknown,1096.00,31-90 Days,healthy
O691ZXXH,Markita Hansen,Celia Rouche,West,MG Special,,Engaging,2017-10-08,84,55,,unknown,55.00,31-90 Days,healthy
QDBJOE9M,Zane Levy,Summer Sewald,West,MG Special,,Engaging,2017-10-08,84,55,,unknown,55.00,31-90 Days,healthy
ZEYGDEBG,Daniell Hammack,Rocco Neubert,East,GTXPro,,Engaging,2017-10-09,83,,,unknown,0.00,31-90 Days,healthy
0HUWQWOJ,Markita Hansen,Celia Rouche,West,MG Special,,Engaging,2017-10-09,83,55,,unknown,55.00,31-90 Days,healthy
8SLDCS0F,Markita Hansen,Celia Rouche,West,MG Special,,Engaging,2017-10-11,81,55,,unknown,55.00,31-90 Days,healthy
OHOWVHYX,Rosalina Dieter,Celia Rouche,West,MG Advanced,Zoomit,Engaging,2017-10-11,81,3393,,unknown,3393.00,31-90 Days,healthy
F761DF0M,Zane Levy,Summer Sewald,West,GTX Basic,Silis,Engaging,2017-10-11,81,550,,unknown,550.00,31-90 Days,healthy
4O3EPWFR,Corliss Cosme,Cara Losch,East,GTX Plus Basic,,Engaging,2017-10-12,80,1096,,unknown,1096.00,31-90 Days,healthy
QCBO7C6E,Kami Bicknell,Summer Sewald,West,GTX Plus Basic,,Engaging,2017-10-13,79,1096,,unknown,1096.00,31-90 Days,healthy
ORYORRQV,Kary Hendrixson,Summer Sewald,West,GTX Basic,Hottechi,Engaging,2017-10-13,79,550,,unknown,550.00,31-90 Days,healthy
NGG8O0JX,Markita Hansen,Celia Rouche,West,GTX Basic,,Engaging,2017-10-13,79,550,,unknown,550.00,31-90 Days,healthy
DYYJW46L,Vicki Laflamme,Celia Rouche,West,GTX Plus Pro,,Engaging,2017-10-14,78,5482,,unknown,5482.00,31-90 Days,healthy
XSTGL252,Cassey Cress,Rocco Neubert,East,GTXPro,Toughzap,Engaging,2017-10-15,77,,,unknown,0.00,31-90 Days,healthy
4ZKFSG5F,Violet Mclelland,Cara Losch,East,GTX Basic,,Engaging,2017-10-16,76,550,,unknown,550.00,31-90 Days,healthy
5TCGN3GX,Violet Mclelland,Cara Losch,East,GTX Plus Basic,,Engaging,2017-10-16,76,1096,,unknown,1096.00,31-90 Days,healthy
Y6NI5EBV,Kami Bicknell,Summer Sewald,West,GTX Plus Basic,,Engaging,2017-10-17,75,1096,,unknown,1096.00,31-90 Days,healthy
OFC7ZTU8,Kami Bicknell,Summer Sewald,West,GTXPro,,Engaging,2017-10-17,75,,,unknown,0.00,31-90 Days,healthy
RVUJPYY8,Rosalina Dieter,Celia Rouche,West,MG Special,,Engaging,2017-10-18,74,55,,unknown,55.00,31-90 Days,healthy
YQJGEI71,James Ascencio,Summer Sewald,West,GTX Plus Pro,,Engaging,2017-10-19,73,5482,,unknown,5482.00,31-90 Days,healthy
BZGJ44FH,Kami Bicknell,Summer Sewald,West,GTXPro,,Engaging,2017-10-19,73,,,unknown,0.00,31-90 Days,healthy
4S17VJ7O,Kary Hendrixson,Summer Sewald,West,MG Advanced,,Engaging,2017-10-19,73,3393,,unknown,3393.00,31-90 Days,healthy
B2FSFXKA,Markita Hansen,Celia Rouche,West,MG Special,,Engaging,2017-10-19,73,55,,unknown,55.00,31-90 Days,healthy
W72TPY7P,Markita Hansen,Celia Rouche,West,MG Special,,Engaging,2017-10-19,73,55,,unknown,55.00,31-90 Days,healthy
SLILSQJV,Maureen Marcano,Summer Sewald,West,GTX Plus Basic,,Engaging,2017-10-19,73,1096,,unknown,1096.00,31-90 Days,healthy
RYWETTBK,Kami Bicknell,Summer Sewald,West,GTX Basic,Fasehatice,Engaging,2017-10-20,72,550,,unknown,550.00,31-90 Days,healthy
2DY9U1V7,Rosie Papadopoulos,Cara Losch,East,GTXPro,Konex,Engaging,2017-10-20,72,,,unknown,0.00,31-90 Days,healthy
GL2FM1RM,Rosalina Dieter,Celia Rouche,West,GTX Basic,,Engaging,2017-10-22,70,550,,unknown,550.00,31-90 Days,healthy
JJGRAQ2K,Kary Hendrixson,Summer Sewald,West,GTX Plus Pro,Rangreen,Engaging,2017-10-23,69,5482,,unknown,5482.00,31-90 Days,healthy
X7MN9ROG,Vicki Laflamme,Celia Rouche,West,GTX Plus Pro,,Engaging,2017-10-23,69,5482,,unknown,5482.00,31-90 Days,healthy
S7UVZXM3,Corliss Cosme,Cara Losch,East,MG Special,,Engaging,2017-10-24,68,55,,unknown,55.00,31-90 Days,healthy
HWOBBZWQ,Wilburn Farren,Cara Losch,East,GTX Basic,,Engaging,2017-10-24,68,550,,unknown,550.00,31-90 Days,healthy
OYH46MQB,Corliss Cosme,Cara Losch,East,GTX Basic,,Engaging,2017-10-25,67,550,,unknown,550.00,31-90 Days,healthy
HXGDBNAV,Maureen Marcano,Summer Sewald,West,MG Advanced,,Engaging,2017-10-25,67,3393,,unknown,3393.00,31-90 Days,healthy
31IV2B9O,Vicki Laflamme,Celia Rouche,West,GTX Basic,,Engaging,2017-10-26,66,550,,unknown,550.00,31-90 Days,healthy
4D0K5T7T,Zane Levy,Summer Sewald,West,GTXPro,Gogozoom,Engaging,2017-10-26,66,,,unknown,0.00,31-90 Days,healthy
P5C842B5,Kami Bicknell,Summer Sewald,West,GTX Plus Pro,,Engaging,2017-10-28,64,5482,,unknown,5482.00,31-90 Days,healthy
7EHJYKWE,Kary Hendrixson,Summer Sewald,West,GTX Basic,Xx-holding,Engaging,2017-10-28,64,550,,unknown,550.00,31-90 Days,healthy
0N11U6L3,Daniell Hammack,Rocco Neubert,East,GTX Plus Basic,Acme Corporation,Engaging,2017-10-30,62,1096,,unknown,1096.00,31-90 Days,healthy
W5FH95XO,Hayden Neloms,Celia Rouche,West,MG Special,,Engaging,2017-10-30,62,55,,unknown,55.00,31-90 Days,healthy
O1SCOU11,Elease Gluck,Celia Rouche,West,MG Special,,Engaging,2017-10-31,61,55,,unknown,55.00,31-90 Days,healthy
OMCFUDOU,James Ascencio,Summer Sewald,West,GTXPro,,Engaging,2017-10-31,61,,,unknown,0.00,31-90 Days,healthy
HN6TZPAF,Wilburn Farren,Cara Losch,East,GTX Plus Pro,,Engaging,2017-10-31,61,5482,,unknown,5482.00,31-90 Days,healthy
854QZNWK,Violet Mclelland,Cara Losch,East,MG Special,,Engaging,2017-11-01,60,55,,unknown,55.00,31-90 Days,healthy
46UHJGY0,Corliss Cosme,Cara Losch,East,MG Special,,Engaging,2017-11-02,59,55,,unknown,55.00,31-90 Days,healthy
N2249A7T,Markita Hansen,Celia Rouche,West,GTXPro,,Engaging,2017-11-02,59,,,unknown,0.00,31-90 Days,healthy
E1LFK6E3,Kami Bicknell,Summer Sewald,West,GTX Basic,,Engaging,2017-11-03,58,550,,unknown,550.00,31-90 Days,healthy
XSEG5T4H,Markita Hansen,Celia Rouche,West,GTX Plus Basic,Zoomit,Engaging,2017-11-03,58,1096,,unknown,1096.00,31-90 Days,healthy
WJO52I18,Cassey Cress,Rocco Neubert,East,GTXPro,Inity,Engaging,2017-11-04,57,,,unknown,0.00,31-90 Days,healthy
SQ71BWHG,Kary Hendrixson,Summer Sewald,West,GTXPro,Zencorporation,Engaging,2017-11-04,57,,,unknown,0.00,31-90 Days,healthy
ON821ADT,Markita Hansen,Celia Rouche,West,GTXPro,,Engaging,2017-11-04,57,,,unknown,0.00,31-90 Days,healthy
T7N0RX05,Maureen Marcano,Summer Sewald,West,GTX Plus Pro,,Engaging,2017-11-04,57,5482,,unknown,5482.00,31-90 Days,healthy
RN67OVFW,Zane Levy,Summer Sewald,West,GTX Basic,,Engaging,2017-11-04,57,550,,unknown,550.00,31-90 Days,healthy
IBB0VGUN,Cassey Cress,Rocco Neubert,East,MG Special,,Engaging,2017-11-05,56,55,,unknown,55.00,31-90 Days,healthy
0CR37ETK,Corliss Cosme,Cara Losch,East,MG Advanced,,Engaging,2017-11-05,56,3393,,unknown,3393.00,31-90 Days,healthy
MA56XGWR,Daniell Hammack,Rocco Neubert,East,GTX Basic,Iselectrics,Engaging,2017-11-05,56,550,,unknown,550.00,31-90 Days,healthy
NNNEMOZ5,James Ascencio,Summer Sewald,West,GTX Plus Pro,,Engaging,2017-11-05,56,5482,,unknown,5482.00,31-90 Days,healthy
QD7MU7DD,Rosie Papadopoulos,Cara Losch,East,GTXPro,,Engaging,2017-11-05,56,,,unknown,0.00,31-90 Days,healthy
I5VHXAWW,Boris Faz,Rocco Neubert,East,GTX Plus Pro,Bluth Company,Engaging,2017-11-06,55,5482,,unknown,5482.00,31-90 Days,healthy
J9PCNCUP,Kary Hendrixson,Summer Sewald,West,GTX Basic,Golddex,Engaging,2017-11-06,55,550,,unknown,550.00,31-90 Days,healthy
1BW8S7JD,Violet Mclelland,Cara Losch,East,MG Special,,Engaging,2017-11-06,55,55,,unknown,55.00,31-90 Days,healthy
C2FSIMZP,Corliss Cosme,Cara Losch,East,GTXPro,,Engaging,2017-11-07,54,,,unknown,0.00,31-90 Days,healthy
PMK11X5L,Wilburn Farren,Cara Losch,East,GTX Plus Basic,,Engaging,2017-11-08,53,1096,,unknown,1096.00,31-90 Days,healthy
W4XB23IP,Boris Faz,Rocco Neubert,East,GTX Basic,,Engaging,2017-11-09,52,550,,unknown,550.00,31-90 Days,healthy
6JBM1ZKO,Vicki Laflamme,Celia Rouche,West,GTXPro,,Engaging,2017-11-09,52,,,unknown,0.00,31-90 Days,healthy
0KWYQTQQ,Rosalina Dieter,Celia Rouche,West,MG Special,,Engaging,2017-11-10,51,55,,unknown,55.00,31-90 Days,healthy
G1W97XZA,Maureen Marcano,Summer Sewald,West,GTX Plus Basic,,Engaging,2017-11-13,48,1096,,unknown,1096.00,31-90 Days,healthy
NXXKM7C7,Daniell Hammack,Rocco Neubert,East,GTX Plus Basic,Cancity,Engaging,2017-11-14,47,1096,,unknown,1096.00,31-90 Days,healthy
7XRWWM0X,Kami Bicknell,Summer Sewald,West,MG Special,Scotfind,Engaging,2017-11-15,46,55,,unknown,55.00,31-90 Days,healthy
BREOLQD9,Boris Faz,Rocco Neubert,East,MG Advanced,,Engaging,2017-11-16,45,3393,,unknown,3393.00,31-90 Days,healthy
62PCN0KS,Maureen Marcano,Summer Sewald,West,GTX Plus Basic,,Engaging,2017-11-16,45,1096,,unknown,1096.00,31-90 Days,healthy
J962I0KG,Cassey Cress,Rocco Neubert,East,GTX Plus Basic,,Engaging,2017-11-20,41,1096,,unknown,1096.00,31-90 Days,healthy
PQ84ANKD,Violet Mclelland,Cara Losch,East,MG Special,,Engaging,2017-11-20,41,55,,unknown,55.00,31-90 Days,healthy
J1G2SZKD,Zane Levy,Summer Sewald,West,GTX Basic,Goodsilron,Engaging,2017-11-22,39,550,,unknown,550.00,31-90 Days,healthy
YMWG4Z3S,Kary Hendrixson,Summer Sewald,West,GTX Plus Basic,Warephase,Engaging,2017-11-23,38,1096,,unknown,1096.00,31-90 Days,healthy
PV3TH2FF,Vicki Laflamme,Celia Rouche,West,MG Special,,Engaging,2017-11-23,38,55,,unknown,55.00,31-90 Days,healthy
4ZQTMS3Z,Violet Mclelland,Cara Losch,East,MG Special,Kan-code,Engaging,2017-11-23,38,55,,unknown,55.00,31-90 Days,healthy
D55HTKRU,Kary Hendrixson,Summer Sewald,West,GTXPro,Newex,Engaging,2017-11-24,37,,,unknown,0.00,31-90 Days,healthy
7S8SLZDY,Rosalina Dieter,Celia Rouche,West,MG Special,,Engaging,2017-11-27,34,55,,unknown,55.00,31-90 Days,healthy
L8XNQONA,Zane Levy,Summer Sewald,West,GTX Basic,Inity,Engaging,2017-11-27,34,550,,unknown,550.00,31-90 Days,healthy
JVF7HZMV,Zane Levy,Summer Sewald,West,GTX Plus Basic,,Engaging,2017-11-28,33,1096,,unknown,1096.00,31-90 Days,healthy
GQDS81G1,Corliss Cosme,Cara Losch,East,GTX Plus Pro,,Engaging,2017-11-30,31,5482,,unknown,5482.00,31-90 Days,healthy
LC93MVYP,Kami Bicknell,Summer Sewald,West,GTX Basic,,Engaging,2017-12-01,30,550,,unknown,550.00,0-30 Days,healthy
07GUKIG3,Violet Mclelland,Cara Losch,East,MG Special,,Engaging,2017-12-05,26,55,,unknown,55.00,0-30 Days,healthy
RS31U03Y,Zane Levy,Summer Sewald,West,GTX Plus Basic,,Engaging,2017-12-07,24,1096,,unknown,1096.00,0-30 Days,healthy
VL8YNHD7,Kary Hendrixson,Summer Sewald,West,GTX Plus Basic,,Engaging,2017-12-08,23,1096,,unknown,1096.00,0-30 Days,healthy
GMY4U7RD,Maureen Marcano,Summer Sewald,West,GTX Basic,,Engaging,2017-12-09,22,550,,unknown,550.00,0-30 Days,healthy
FZWU2I30,Zane Levy,Summer Sewald,West,GTX Plus Pro,The New York Inquirer,Engaging,2017-12-10,21,5482,,unknown,5482.00,0-30 Days,healthy
PM2BF2KB,Cassey Cress,Rocco Neubert,East,GTX Plus Basic,Xx-holding,Engaging,2017-12-13,18,1096,,unknown,1096.00,0-30 Days,healthy
IQR162ZT,Elease Gluck,Celia Rouche,West,GTX Plus Basic,,Engaging,2017-12-13,18,1096,,unknown,1096.00,0-30 Days,healthy
K9KGXL2E,Markita Hansen,Celia Rouche,West,MG Advanced,Lexiqvolax,Engaging,2017-12-13,18,3393,,unknown,3393.00,0-30 Days,healthy
TOJ902PF,Daniell Hammack,Rocco Neubert,East,GTX Plus Basic,Bioholding,Engaging,2017-12-15,16,1096,,unknown,1096.00,0-30 Days,healthy
J5BCAQ1Z,Zane Levy,Summer Sewald,West,GTX Basic,Bioplex,Engaging,2017-12-15,16,550,,unknown,550.00,0-30 Days,healthy
RTWE19SU,Kary Hendrixson,Summer Sewald,West,GTXPro,Conecom,Engaging,2017-12-17,14,,,unknown,0.00,0-30 Days,healthy
T6MPH7JC,Violet Mclelland,Cara Losch,East,MG Special,,Engaging,2017-12-17,14,55,,unknown,55.00,0-30 Days,healthy
NGTVHTFH,Boris Faz,Rocco Neubert,East,GTXPro,,Engaging,2017-12-19,12,,,unknown,0.00,0-30 Days,healthy
HB740BLB,Hayden Neloms,Celia Rouche,West,MG Special,Silis,Engaging,2017-12-20,11,55,,unknown,55.00,0-30 Days,healthy
HCQK8NQ8,Wilburn Farren,Cara Losch,East,GTX Plus Basic,,Engaging,2017-12-20,11,1096,,unknown,1096.00,0-30 Days,healthy
RDHTQLNI,Cassey Cress,Rocco Neubert,East,GTX Plus Pro,,Engaging,2017-12-21,10,5482,,unknown,5482.00,0-30 Days,healthy
DB801ISB,Elease Gluck,Celia Rouche,West,MG Special,,Engaging,2017-12-22,9,55,,unknown,55.00,0-30 Days,healthy
6CWZFOHJ,Anna Snelling,Dustin Brinkmann,Central,GTX Basic,Green-Plus,Prospecting,,,550,,unknown,550.00,unknown,unknown
3LCLVRVV,Anna Snelling,Dustin Brinkmann,Central,GTX Basic,,Prospecting,,,550,,unknown,550.00,unknown,unknown
YIU1B39V,Anna Snelling,Dustin Brinkmann,Central,GTX Basic,,Prospecting,,,550,,unknown,550.00,unknown,unknown
8E0VRCLW,Anna Snelling,Dustin Brinkmann,Central,GTX Basic,,Prospecting,,,550,,unknown,550.00,unknown,unknown
G99CS23F,Anna Snelling,Dustin Brinkmann,Central,GTX Basic,,Prospecting,,,550,,unknown,550.00,unknown,unknown
XRJ54GNR,Anna Snelling,Dustin Brinkmann,Central,GTX Basic,,Prospecting,,,550,,unknown,550.00,unknown,unknown
GR9S7VHI,Anna Snelling,Dustin Brinkmann,Central,GTX Basic,,Prospecting,,,550,,unknown,550.00,unknown,unknown
Q9UWOC28,Anna Snelling,Dustin Brinkmann,Central,GTX Plus Basic,Plusstrip,Prospecting,,,1096,,unknown,1096.00,unknown,unknown
YL29KX3L,Anna Snelling,Dustin Brinkmann,Central,GTX Plus Basic,Zumgoity,Prospecting,,,1096,,unknown,1096.00,unknown,unknown
OJDZN6UK,Anna Snelling,Dustin Brinkmann,Central,GTX Plus Basic,,Prospecting,,,1096,,unknown,1096.00,unknown,unknown
OM60BJ4S,Anna Snelling,Dustin Brinkmann,Central,GTX Plus Basic,,Prospecting,,,1096,,unknown,1096.00,unknown,unknown
9PDR4X2R,Anna Snelling,Dustin Brinkmann,Central,GTX Plus Pro,Hatfan,Prospecting,,,5482,,unknown,5482.00,unknown,unknown
9P9ISECL,Anna Snelling,Dustin Brinkmann,Central,GTX Plus Pro,Sumace,Prospecting,,,5482,,unknown,5482.00,unknown,unknown
0D8Y5JA0,Anna Snelling,Dustin Brinkmann,Central,GTX Plus Pro,,Prospecting,,,5482,,unknown,5482.00,unknown,unknown
GNN53C6D,Anna Snelling,Dustin Brinkmann,Central,GTX Plus Pro,,Prospecting,,,5482,,unknown,5482.00,unknown,unknown
6KHIXTAD,Anna Snelling,Dustin Brinkmann,Central,GTX Plus Pro,,Prospecting,,,5482,,unknown,5482.00,unknown,unknown
5C59O9GU,Anna Snelling,Dustin Brinkmann,Central,MG Special,Conecom,Prospecting,,,55,,unknown,55.00,unknown,unknown
ZQRBJVZF,Anna Snelling,Dustin Brinkmann,Central,MG Special,Dontechi,Prospecting,,,55,,unknown,55.00,unknown,unknown
I93XL6Q9,Anna Snelling,Dustin Brinkmann,Central,MG Special,Finhigh,Prospecting,,,55,,unknown,55.00,unknown,unknown
UMD1BA4S,Anna Snelling,Dustin Brinkmann,Central,MG Special,Ganjaflex,Prospecting,,,55,,unknown,55.00,unknown,unknown
E6DGJSDW,Anna Snelling,Dustin Brinkmann,Central,MG Special,Green-Plus,Prospecting,,,55,,unknown,55.00,unknown,unknown
JHNDPI2N,Anna Snelling,Dustin Brinkmann,Central,MG Special,J-Texon,Prospecting,,,55,,unknown,55.00,unknown,unknown
GI94RTL5,Anna Snelling,Dustin Brinkmann,Central,MG Special,Labdrill,Prospecting,,,55,,unknown,55.00,unknown,unknown
10ALJD82,Anna Snelling,Dustin Brinkmann,Central,MG Special,Nam-zim,Prospecting,,,55,,unknown,55.00,unknown,unknown
Z89NKUC7,Anna Snelling,Dustin Brinkmann,Central,MG Special,Plussunin,Prospecting,,,55,,unknown,55.00,unknown,unknown
47P0HBNM,Anna Snelling,Dustin Brinkmann,Central,MG Special,Plussunin,Prospecting,,,55,,unknown,55.00,unknown,unknown
4H8GZ075,Anna Snelling,Dustin Brinkmann,Central,MG Special,Scotfind,Prospecting,,,55,,unknown,55.00,unknown,unknown
UDAUS3DF,Anna Snelling,Dustin Brinkmann,Central,MG Special,Sonron,Prospecting,,,55,,unknown,55.00,unknown,unknown
F4W7Z1UU,Anna Snelling,Dustin Brinkmann,Central,MG Special,Vehement Capital Partners,Prospecting,,,55,,unknown,55.00,unknown,unknown
DW5BQ220,Anna Snelling,Dustin Brinkmann,Central,MG Special,Zoomit,Prospecting,,,55,,unknown,55.00,unknown,unknown
4ENCEYPG,Anna Snelling,Dustin Brinkmann,Central,MG Special,,Prospecting,,,55,,unknown,55.00,unknown,unknown
EU4DPJGN,Anna Snelling,Dustin Brinkmann,Central,MG Special,,Prospecting,,,55,,unknown,55.00,unknown,unknown
426EL41A,Anna Snelling,Dustin Brinkmann,Central,MG Special,,Prospecting,,,55,,unknown,55.00,unknown,unknown
OXKLRULK,Anna Snelling,Dustin Brinkmann,Central,MG Special,,Prospecting,,,55,,unknown,55.00,unknown,unknown
D3ZJX20X,Anna Snelling,Dustin Brinkmann,Central,MG Special,,Prospecting,,,55,,unknown,55.00,unknown,unknown
V9JDJ861,Anna Snelling,Dustin Brinkmann,Central,MG Special,,Prospecting,,,55,,unknown,55.00,unknown,unknown
DYXD1AXO,Anna Snelling,Dustin Brinkmann,Central,MG Special,,Prospecting,,,55,,unknown,55.00,unknown,unknown
JSTHYUCD,Anna Snelling,Dustin Brinkmann,Central,MG Special,,Prospecting,,,55,,unknown,55.00,unknown,unknown
JC7DDV56,Anna Snelling,Dustin Brinkmann,Central,MG Special,,Prospecting,,,55,,unknown,55.00,unknown,unknown
ASDR6QEZ,Anna Snelling,Dustin Brinkmann,Central,MG Special,,Prospecting,,,55,,unknown,55.00,unknown,unknown
5ELMZN3E,Anna Snelling,Dustin Brinkmann,Central,MG Special,,Prospecting,,,55,,unknown,55.00,unknown,unknown
7Q90C2VN,Anna Snelling,Dustin Brinkmann,Central,MG Special,,Prospecting,,,55,,unknown,55.00,unknown,unknown
ZIMT5RQ2,Anna Snelling,Dustin Brinkmann,Central,MG Special,,Prospecting,,,55,,unknown,55.00,unknown,unknown
WTD6O2OR,Anna Snelling,Dustin Brinkmann,Central,MG Advanced,Betasoloin,Prospecting,,,3393,,unknown,3393.00,unknown,unknown
OEG8QG42,Anna Snelling,Dustin Brinkmann,Central,MG Advanced,Bioplex,Prospecting,,,3393,,unknown,3393.00,unknown,unknown
BG0BLC6S,Anna Snelling,Dustin Brinkmann,Central,MG Advanced,Fasehatice,Prospecting,,,3393,,unknown,3393.00,unknown,unknown
5Q2BX622,Anna Snelling,Dustin Brinkmann,Central,MG Advanced,Inity,Prospecting,,,3393,,unknown,3393.00,unknown,unknown
RSY2XLKK,Anna Snelling,Dustin Brinkmann,Central,MG Advanced,Streethex,Prospecting,,,3393,,unknown,3393.00,unknown,unknown
FEEOZHT8,Anna Snelling,Dustin Brinkmann,Central,MG Advanced,,Prospecting,,,3393,,unknown,3393.00,unknown,unknown
D382N39B,Anna Snelling,Dustin Brinkmann,Central,MG Advanced,,Prospecting,,,3393,,unknown,3393.00,unknown,unknown
YYUJ1DCF,Anna Snelling,Dustin Brinkmann,Central,MG Advanced,,Prospecting,,,3393,,unknown,3393.00,unknown,unknown
OH0HJ6KK,Anna Snelling,Dustin Brinkmann,Central,MG Advanced,,Prospecting,,,3393,,unknown,3393.00,unknown,unknown
5TGQL49J,Anna Snelling,Dustin Brinkmann,Central,MG Advanced,,Prospecting,,,3393,,unknown,3393.00,unknown,unknown
Y7WAFW9D,Anna Snelling,Dustin Brinkmann,Central,MG Advanced,,Prospecting,,,3393,,unknown,3393.00,unknown,unknown
I8NC3RFB,Anna Snelling,Dustin Brinkmann,Central,MG Advanced,,Prospecting,,,3393,,unknown,3393.00,unknown,unknown
38K5251H,Cecily Lampkin,Dustin Brinkmann,Central,GTX Basic,Fasehatice,Prospecting,,,550,,unknown,550.00,unknown,unknown
QR63ME8L,Cecily Lampkin,Dustin Brinkmann,Central,GTX Basic,,Prospecting,,,550,,unknown,550.00,unknown,unknown
I79B9KJ2,Cecily Lampkin,Dustin Brinkmann,Central,GTX Plus Basic,,Prospecting,,,1096,,unknown,1096.00,unknown,unknown
LABZ0UGB,Cecily Lampkin,Dustin Brinkmann,Central,GTX Plus Basic,,Prospecting,,,1096,,unknown,1096.00,unknown,unknown
3R4W7ZVY,Cecily Lampkin,Dustin Brinkmann,Central,GTX Plus Basic,,Prospecting,,,1096,,unknown,1096.00,unknown,unknown
2SZX9B7J,Cecily Lampkin,Dustin Brinkmann,Central,GTX Plus Pro,Sunnamplex,Prospecting,,,5482,,unknown,5482.00,unknown,unknown
0ZG6U7MQ,Cecily Lampkin,Dustin Brinkmann,Central,GTX Plus Pro,,Prospecting,,,5482,,unknown,5482.00,unknown,unknown
KQPNPH8A,Cecily Lampkin,Dustin Brinkmann,Central,GTX Plus Pro,,Prospecting,,,5482,,unknown,5482.00,unknown,unknown
SGI0VM1F,Cecily Lampkin,Dustin Brinkmann,Central,GTX Plus Pro,,Prospecting,,,5482,,unknown,5482.00,unknown,unknown
DS5HZHDA,Cecily Lampkin,Dustin Brinkmann,Central,MG Special,Betatech,Prospecting,,,55,,unknown,55.00,unknown,unknown
TLZGG7G5,Cecily Lampkin,Dustin Brinkmann,Central,MG Special,Conecom,Prospecting,,,55,,unknown,55.00,unknown,unknown
8NI8O26G,Cecily Lampkin,Dustin Brinkmann,Central,MG Special,Goodsilron,Prospecting,,,55,,unknown,55.00,unknown,unknown
9BM1CGBV,Cecily Lampkin,Dustin Brinkmann,Central,MG Special,Sumace,Prospecting,,,55,,unknown,55.00,unknown,unknown
GSBUIL1E,Cecily Lampkin,Dustin Brinkmann,Central,MG Special,,Prospecting,,,55,,unknown,55.00,unknown,unknown
9F9NDO41,Cecily Lampkin,Dustin Brinkmann,Central,MG Special,,Prospecting,,,55,,unknown,55.00,unknown,unknown
IAV71BEX,Cecily Lampkin,Dustin Brinkmann,Central,MG Advanced,Singletechno,Prospecting,,,3393,,unknown,3393.00,unknown,unknown
SJE81OUR,Cecily Lampkin,Dustin Brinkmann,Central,MG Advanced,,Prospecting,,,3393,,unknown,3393.00,unknown,unknown
R0MBBXL8,Cecily Lampkin,Dustin Brinkmann,Central,MG Advanced,,Prospecting,,,3393,,unknown,3393.00,unknown,unknown
NR2EDMKC,Cecily Lampkin,Dustin Brinkmann,Central,MG Advanced,,Prospecting,,,3393,,unknown,3393.00,unknown,unknown
SU8FTFLS,Cecily Lampkin,Dustin Brinkmann,Central,MG Advanced,,Prospecting,,,3393,,unknown,3393.00,unknown,unknown
61GDYW9T,Cecily Lampkin,Dustin Brinkmann,Central,MG Advanced,,Prospecting,,,3393,,unknown,3393.00,unknown,unknown
TFCQZ28G,Cecily Lampkin,Dustin Brinkmann,Central,MG Advanced,,Prospecting,,,3393,,unknown,3393.00,unknown,unknown
IXW68X6Z,Cecily Lampkin,Dustin Brinkmann,Central,MG Advanced,,Prospecting,,,3393,,unknown,3393.00,unknown,unknown
F77XD7IZ,Cecily Lampkin,Dustin Brinkmann,Central,MG Advanced,,Prospecting,,,3393,,unknown,3393.00,unknown,unknown
LEJWV2Y5,Darcel Schlecht,Melvin Marxen,Central,GTX Basic,Donquadtech,Prospecting,,,550,,unknown,550.00,unknown,unknown
CAONNFXN,Darcel Schlecht,Melvin Marxen,Central,GTX Basic,Kinnamplus,Prospecting,,,550,,unknown,550.00,unknown,unknown
R8V3ALA8,Darcel Schlecht,Melvin Marxen,Central,GTX Basic,Konmatfix,Prospecting,,,550,,unknown,550.00,unknown,unknown
CPEYUW7V,Darcel Schlecht,Melvin Marxen,Central,GTX Basic,,Prospecting,,,550,,unknown,550.00,unknown,unknown
5ZATE1WV,Darcel Schlecht,Melvin Marxen,Central,GTX Basic,,Prospecting,,,550,,unknown,550.00,unknown,unknown
R1HFBU5H,Darcel Schlecht,Melvin Marxen,Central,GTX Basic,,Prospecting,,,550,,unknown,550.00,unknown,unknown
03P9VXWG,Darcel Schlecht,Melvin Marxen,Central,GTX Basic,,Prospecting,,,550,,unknown,550.00,unknown,unknown
RMJG8OS2,Darcel Schlecht,Melvin Marxen,Central,GTX Basic,,Prospecting,,,550,,unknown,550.00,unknown,unknown
9L0WKMJ2,Darcel Schlecht,Melvin Marxen,Central,GTX Basic,,Prospecting,,,550,,unknown,550.00,unknown,unknown
VAM56BG4,Darcel Schlecht,Melvin Marxen,Central,GTX Plus Basic,Acme Corporation,Prospecting,,,1096,,unknown,1096.00,unknown,unknown
ZTCQWF53,Darcel Schlecht,Melvin Marxen,Central,GTX Plus Basic,Faxquote,Prospecting,,,1096,,unknown,1096.00,unknown,unknown
LKDSEQ2Q,Darcel Schlecht,Melvin Marxen,Central,GTX Plus Basic,Yearin,Prospecting,,,1096,,unknown,1096.00,unknown,unknown
I2LEEFAM,Darcel Schlecht,Melvin Marxen,Central,GTX Plus Basic,,Prospecting,,,1096,,unknown,1096.00,unknown,unknown
1LWG4COF,Darcel Schlecht,Melvin Marxen,Central,GTX Plus Basic,,Prospecting,,,1096,,unknown,1096.00,unknown,unknown
FEL7FQQG,Darcel Schlecht,Melvin Marxen,Central,GTX Plus Basic,,Prospecting,,,1096,,unknown,1096.00,unknown,unknown
0TQP0E65,Darcel Schlecht,Melvin Marxen,Central,GTX Plus Basic,,Prospecting,,,1096,,unknown,1096.00,unknown,unknown
P95E1DOX,Darcel Schlecht,Melvin Marxen,Central,GTX Plus Basic,,Prospecting,,,1096,,unknown,1096.00,unknown,unknown
JCRT0QHO,Darcel Schlecht,Melvin Marxen,Central,GTX Plus Basic,,Prospecting,,,1096,,unknown,1096.00,unknown,unknown
MTGV7WOM,Darcel Schlecht,Melvin Marxen,Central,GTX Plus Basic,,Prospecting,,,1096,,unknown,1096.00,unknown,unknown
IEMOIN3K,Darcel Schlecht,Melvin Marxen,Central,GTX Plus Basic,,Prospecting,,,1096,,unknown,1096.00,unknown,unknown
XTXMQMRC,Darcel Schlecht,Melvin Marxen,Central,GTX Plus Basic,,Prospecting,,,1096,,unknown,1096.00,unknown,unknown
OQX98BBL,Darcel Schlecht,Melvin Marxen,Central,GTX Plus Basic,,Prospecting,,,1096,,unknown,1096.00,unknown,unknown
RH0FJYPZ,Darcel Schlecht,Melvin Marxen,Central,GTX Plus Basic,,Prospecting,,,1096,,unknown,1096.00,unknown,unknown
HD6YD6P9,Darcel Schlecht,Melvin Marxen,Central,GTX Plus Basic,,Prospecting,,,1096,,unknown,1096.00,unknown,unknown
64OXRCSR,Darcel Schlecht,Melvin Marxen,Central,GTX Plus Basic,,Prospecting,,,1096,,unknown,1096.00,unknown,unknown
EG3X1ACF,Darcel Schlecht,Melvin Marxen,Central,GTX Plus Basic,,Prospecting,,,1096,,unknown,1096.00,unknown,unknown
TJ64MOUR,Darcel Schlecht,Melvin Marxen,Central,GTX Plus Basic,,Prospecting,,,1096,,unknown,1096.00,unknown,unknown
FY0SHNZY,Darcel Schlecht,Melvin Marxen,Central,GTX Plus Basic,,Prospecting,,,1096,,unknown,1096.00,unknown,unknown
V2V69I86,Darcel Schlecht,Melvin Marxen,Central,GTX Plus Basic,,Prospecting,,,1096,,unknown,1096.00,unknown,unknown
OAECXU4A,Darcel Schlecht,Melvin Marxen,Central,GTX Plus Basic,,Prospecting,,,1096,,unknown,1096.00,unknown,unknown
XETF5BVH,Darcel Schlecht,Melvin Marxen,Central,GTX Plus Pro,Finjob,Prospecting,,,5482,,unknown,5482.00,unknown,unknown
FU2PQZR4,Darcel Schlecht,Melvin Marxen,Central,GTX Plus Pro,Green-Plus,Prospecting,,,5482,,unknown,5482.00,unknown,unknown
CVMNBKGH,Darcel Schlecht,Melvin Marxen,Central,GTX Plus Pro,Hatfan,Prospecting,,,5482,,unknown,5482.00,unknown,unknown
LZW4N9KF,Darcel Schlecht,Melvin Marxen,Central,GTX Plus Pro,Zathunicon,Prospecting,,,5482,,unknown,5482.00,unknown,unknown
A4TA5P1B,Darcel Schlecht,Melvin Marxen,Central,GTX Plus Pro,,Prospecting,,,5482,,unknown,5482.00,unknown,unknown
KIKV29M0,Darcel Schlecht,Melvin Marxen,Central,GTX Plus Pro,,Prospecting,,,5482,,unknown,5482.00,unknown,unknown
PCXGIH9X,Darcel Schlecht,Melvin Marxen,Central,GTX Plus Pro,,Prospecting,,,5482,,unknown,5482.00,unknown,unknown
ODSFN0YA,Darcel Schlecht,Melvin Marxen,Central,GTX Plus Pro,,Prospecting,,,5482,,unknown,5482.00,unknown,unknown
6RQUXORL,Darcel Schlecht,Melvin Marxen,Central,GTX Plus Pro,,Prospecting,,,5482,,unknown,5482.00,unknown,unknown
74LCNGIK,Darcel Schlecht,Melvin Marxen,Central,GTX Plus Pro,,Prospecting,,,5482,,unknown,5482.00,unknown,unknown
28EJ0L9T,Darcel Schlecht,Melvin Marxen,Central,GTX Plus Pro,,Prospecting,,,5482,,unknown,5482.00,unknown,unknown
UH9TR8Y1,Darcel Schlecht,Melvin Marxen,Central,GTX Plus Pro,,Prospecting,,,5482,,unknown,5482.00,unknown,unknown
JVXGG70X,Darcel Schlecht,Melvin Marxen,Central,GTX Plus Pro,,Prospecting,,,5482,,unknown,5482.00,unknown,unknown
SYP74C5W,Darcel Schlecht,Melvin Marxen,Central,GTXPro,Bioholding,Prospecting,,,,,unknown,0.00,unknown,unknown
R0Q5BZ9Y,Darcel Schlecht,Melvin Marxen,Central,GTXPro,Blackzim,Prospecting,,,,,unknown,0.00,unknown,unknown
OT0GOR3I,Darcel Schlecht,Melvin Marxen,Central,GTXPro,Bluth Company,Prospecting,,,,,unknown,0.00,unknown,unknown
6RN7I8ZF,Darcel Schlecht,Melvin Marxen,Central,GTXPro,Condax,Prospecting,,,,,unknown,0.00,unknown,unknown
YBWUG6QP,Darcel Schlecht,Melvin Marxen,Central,GTXPro,Condax,Prospecting,,,,,unknown,0.00,unknown,unknown
8XE8GGIW,Darcel Schlecht,Melvin Marxen,Central,GTXPro,Donquadtech,Prospecting,,,,,unknown,0.00,unknown,unknown
IHKIAB1W,Darcel Schlecht,Melvin Marxen,Central,GTXPro,Dontechi,Prospecting,,,,,unknown,0.00,unknown,unknown
YKBJP191,Darcel Schlecht,Melvin Marxen,Central,GTXPro,Faxquote,Prospecting,,,,,unknown,0.00,unknown,unknown
P7UPCSTC,Darcel Schlecht,Melvin Marxen,Central,GTXPro,Faxquote,Prospecting,,,,,unknown,0.00,unknown,unknown
GEQ8IGKW,Darcel Schlecht,Melvin Marxen,Central,GTXPro,Finjob,Prospecting,,,,,unknown,0.00,unknown,unknown
EYR5E7LO,Darcel Schlecht,Melvin Marxen,Central,GTXPro,Initech,Prospecting,,,,,unknown,0.00,unknown,unknown
LO8L5ELD,Darcel Schlecht,Melvin Marxen,Central,GTXPro,Inity,Prospecting,,,,,unknown,0.00,unknown,unknown
S1U1RD6K,Darcel Schlecht,Melvin Marxen,Central,GTXPro,Iselectrics,Prospecting,,,,,unknown,0.00,unknown,unknown
R6HYAPR6,Darcel Schlecht,Melvin Marxen,Central,GTXPro,Opentech,Prospecting,,,,,unknown,0.00,unknown,unknown
A8NXNY0M,Darcel Schlecht,Melvin Marxen,Central,GTXPro,Plusstrip,Prospecting,,,,,unknown,0.00,unknown,unknown
4ROECHG6,Darcel Schlecht,Melvin Marxen,Central,GTXPro,Ron-tech,Prospecting,,,,,unknown,0.00,unknown,unknown
FVVATY89,Darcel Schlecht,Melvin Marxen,Central,GTXPro,Ron-tech,Prospecting,,,,,unknown,0.00,unknown,unknown
BV75OM0B,Darcel Schlecht,Melvin Marxen,Central,GTXPro,Rundofase,Prospecting,,,,,unknown,0.00,unknown,unknown
ZGTCQT1A,Darcel Schlecht,Melvin Marxen,Central,GTXPro,Rundofase,Prospecting,,,,,unknown,0.00,unknown,unknown
GR8JTX1T,Darcel Schlecht,Melvin Marxen,Central,GTXPro,Warephase,Prospecting,,,,,unknown,0.00,unknown,unknown
2IRZM0LB,Darcel Schlecht,Melvin Marxen,Central,GTXPro,Xx-zobam,Prospecting,,,,,unknown,0.00,unknown,unknown
99YRLZM0,Darcel Schlecht,Melvin Marxen,Central,GTXPro,Yearin,Prospecting,,,,,unknown,0.00,unknown,unknown
VJILDVVF,Darcel Schlecht,Melvin Marxen,Central,GTXPro,Zathunicon,Prospecting,,,,,unknown,0.00,unknown,unknown
A9DGDN56,Darcel Schlecht,Melvin Marxen,Central,GTXPro,Zencorporation,Prospecting,,,,,unknown,0.00,unknown,unknown
D01U08PR,Darcel Schlecht,Melvin Marxen,Central,GTXPro,Zumgoity,Prospecting,,,,,unknown,0.00,unknown,unknown
LFD1ZGJ8,Darcel Schlecht,Melvin Marxen,Central,GTXPro,,Prospecting,,,,,unknown,0.00,unknown,unknown
4YJKB8EC,Darcel Schlecht,Melvin Marxen,Central,GTXPro,,Prospecting,,,,,unknown,0.00,unknown,unknown
DIGG7U6M,Darcel Schlecht,Melvin Marxen,Central,GTXPro,,Prospecting,,,,,unknown,0.00,unknown,unknown
VMXGBINH,Darcel Schlecht,Melvin Marxen,Central,GTXPro,,Prospecting,,,,,unknown,0.00,unknown,unknown
N6BT2U29,Darcel Schlecht,Melvin Marxen,Central,GTXPro,,Prospecting,,,,,unknown,0.00,unknown,unknown
T12MT0HL,Darcel Schlecht,Melvin Marxen,Central,GTXPro,,Prospecting,,,,,unknown,0.00,unknown,unknown
HZVVOITE,Darcel Schlecht,Melvin Marxen,Central,GTXPro,,Prospecting,,,,,unknown,0.00,unknown,unknown
P6Z4X54S,Darcel Schlecht,Melvin Marxen,Central,GTXPro,,Prospecting,,,,,unknown,0.00,unknown,unknown
910NLQ80,Darcel Schlecht,Melvin Marxen,Central,GTXPro,,Prospecting,,,,,unknown,0.00,unknown,unknown
8IPMP8NT,Darcel Schlecht,Melvin Marxen,Central,GTXPro,,Prospecting,,,,,unknown,0.00,unknown,unknown
7YOJ4KU7,Darcel Schlecht,Melvin Marxen,Central,GTXPro,,Prospecting,,,,,unknown,0.00,unknown,unknown
3K70RL7Q,Darcel Schlecht,Melvin Marxen,Central,GTXPro,,Prospecting,,,,,unknown,0.00,unknown,unknown
DX1M0XF0,Darcel Schlecht,Melvin Marxen,Central,GTXPro,,Prospecting,,,,,unknown,0.00,unknown,unknown
5MNF16D8,Darcel Schlecht,Melvin Marxen,Central,GTXPro,,Prospecting,,,,,unknown,0.00,unknown,unknown
PES548QV,Darcel Schlecht,Melvin Marxen,Central,GTXPro,,Prospecting,,,,,unknown,0.00,unknown,unknown
XGMTNND1,Darcel Schlecht,Melvin Marxen,Central,GTXPro,,Prospecting,,,,,unknown,0.00,unknown,unknown
6R94B0SG,Darcel Schlecht,Melvin Marxen,Central,GTXPro,,Prospecting,,,,,unknown,0.00,unknown,unknown
8JL58ECD,Darcel Schlecht,Melvin Marxen,Central,GTXPro,,Prospecting,,,,,unknown,0.00,unknown,unknown
KO7JWXCT,Darcel Schlecht,Melvin Marxen,Central,GTXPro,,Prospecting,,,,,unknown,0.00,unknown,unknown
FGSBCJSC,Darcel Schlecht,Melvin Marxen,Central,GTXPro,,Prospecting,,,,,unknown,0.00,unknown,unknown
65SMA4OZ,Darcel Schlecht,Melvin Marxen,Central,GTXPro,,Prospecting,,,,,unknown,0.00,unknown,unknown
537X47QY,Darcel Schlecht,Melvin Marxen,Central,GTXPro,,Prospecting,,,,,unknown,0.00,unknown,unknown
D95K3R9N,Darcel Schlecht,Melvin Marxen,Central,GTXPro,,Prospecting,,,,,unknown,0.00,unknown,unknown
51HOGHF0,Darcel Schlecht,Melvin Marxen,Central,GTXPro,,Prospecting,,,,,unknown,0.00,unknown,unknown
PRUFERA6,Darcel Schlecht,Melvin Marxen,Central,GTXPro,,Prospecting,,,,,unknown,0.00,unknown,unknown
NST2FEF3,Darcel Schlecht,Melvin Marxen,Central,GTXPro,,Prospecting,,,,,unknown,0.00,unknown,unknown
BBV196A3,Darcel Schlecht,Melvin Marxen,Central,GTXPro,,Prospecting,,,,,unknown,0.00,unknown,unknown
E4YR0OE6,Darcel Schlecht,Melvin Marxen,Central,GTXPro,,Prospecting,,,,,unknown,0.00,unknown,unknown
TR7WLH5Q,Darcel Schlecht,Melvin Marxen,Central,MG Special,,Prospecting,,,55,,unknown,55.00,unknown,unknown
M64OQCC3,Darcel Schlecht,Melvin Marxen,Central,MG Special,,Prospecting,,,55,,unknown,55.00,unknown,unknown
WR9CQB8E,Darcel Schlecht,Melvin Marxen,Central,MG Special,,Prospecting,,,55,,unknown,55.00,unknown,unknown
TWWD62O3,Darcel Schlecht,Melvin Marxen,Central,MG Special,,Prospecting,,,55,,unknown,55.00,unknown,unknown
7CZU8GS1,Darcel Schlecht,Melvin Marxen,Central,MG Special,,Prospecting,,,55,,unknown,55.00,unknown,unknown
APXWBOOT,Darcel Schlecht,Melvin Marxen,Central,MG Special,,Prospecting,,,55,,unknown,55.00,unknown,unknown
7N6AHU7C,Darcel Schlecht,Melvin Marxen,Central,MG Special,,Prospecting,,,55,,unknown,55.00,unknown,unknown
EJUQOEY5,Darcel Schlecht,Melvin Marxen,Central,MG Advanced,Bubba Gump,Prospecting,,,3393,,unknown,3393.00,unknown,unknown
9HA8VBAP,Darcel Schlecht,Melvin Marxen,Central,MG Advanced,Donquadtech,Prospecting,,,3393,,unknown,3393.00,unknown,unknown
X4THRRSJ,Darcel Schlecht,Melvin Marxen,Central,MG Advanced,,Prospecting,,,3393,,unknown,3393.00,unknown,unknown
3PN3YSPK,Darcel Schlecht,Melvin Marxen,Central,MG Advanced,,Prospecting,,,3393,,unknown,3393.00,unknown,unknown
F6AOT0NK,Darcel Schlecht,Melvin Marxen,Central,MG Advanced,,Prospecting,,,3393,,unknown,3393.00,unknown,unknown
YI92HVHO,Darcel Schlecht,Melvin Marxen,Central,MG Advanced,,Prospecting,,,3393,,unknown,3393.00,unknown,unknown
39NJ6UC9,Darcel Schlecht,Melvin Marxen,Central,MG Advanced,,Prospecting,,,3393,,unknown,3393.00,unknown,unknown
1XR36ESV,Darcel Schlecht,Melvin Marxen,Central,MG Advanced,,Prospecting,,,3393,,unknown,3393.00,unknown,unknown
RJ21Q4HO,Gladys Colclough,Melvin Marxen,Central,GTX Basic,Hottechi,Prospecting,,,550,,unknown,550.00,unknown,unknown
NSYCCHCJ,Gladys Colclough,Melvin Marxen,Central,GTX Basic,,Prospecting,,,550,,unknown,550.00,unknown,unknown
ATOYVLLB,Gladys Colclough,Melvin Marxen,Central,GTX Basic,,Prospecting,,,550,,unknown,550.00,unknown,unknown
0M4K6F8Q,Gladys Colclough,Melvin Marxen,Central,GTX Basic,,Prospecting,,,550,,unknown,550.00,unknown,unknown
TLJWMKEO,Gladys Colclough,Melvin Marxen,Central,GTX Plus Basic,Iselectrics,Prospecting,,,1096,,unknown,1096.00,unknown,unknown
NXJNQ3Z9,Gladys Colclough,Melvin Marxen,Central,GTX Plus Basic,Plexzap,Prospecting,,,1096,,unknown,1096.00,unknown,unknown
HWKJ7TFJ,Gladys Colclough,Melvin Marxen,Central,GTX Plus Basic,,Prospecting,,,1096,,unknown,1096.00,unknown,unknown
Q62STRQQ,Gladys Colclough,Melvin Marxen,Central,GTX Plus Basic,,Prospecting,,,1096,,unknown,1096.00,unknown,unknown
9P9J2ANM,Gladys Colclough,Melvin Marxen,Central,GTX Plus Basic,,Prospecting,,,1096,,unknown,1096.00,unknown,unknown
OJWGRIXN,Gladys Colclough,Melvin Marxen,Central,GTX Plus Basic,,Prospecting,,,1096,,unknown,1096.00,unknown,unknown
EB393LSH,Gladys Colclough,Melvin Marxen,Central,GTX Plus Basic,,Prospecting,,,1096,,unknown,1096.00,unknown,unknown
566X0PLZ,Gladys Colclough,Melvin Marxen,Central,GTX Plus Basic,,Prospecting,,,1096,,unknown,1096.00,unknown,unknown
SFR7RG9V,Gladys Colclough,Melvin Marxen,Central,GTX Plus Basic,,Prospecting,,,1096,,unknown,1096.00,unknown,unknown
9RGWSKNU,Gladys Colclough,Melvin Marxen,Central,GTX Plus Pro,Kan-code,Prospecting,,,5482,,unknown,5482.00,unknown,unknown
49T7VKA7,Gladys Colclough,Melvin Marxen,Central,GTX Plus Pro,Plussunin,Prospecting,,,5482,,unknown,5482.00,unknown,unknown
BTDY3DHP,Gladys Colclough,Melvin Marxen,Central,GTX Plus Pro,Vehement Capital Partners,Prospecting,,,5482,,unknown,5482.00,unknown,unknown
UZ7DU3D9,Gladys Colclough,Melvin Marxen,Central,GTX Plus Pro,,Prospecting,,,5482,,unknown,5482.00,unknown,unknown
73CWPT9H,Gladys Colclough,Melvin Marxen,Central,GTX Plus Pro,,Prospecting,,,5482,,unknown,5482.00,unknown,unknown
B7KZYEII,Gladys Colclough,Melvin Marxen,Central,GTX Plus Pro,,Prospecting,,,5482,,unknown,5482.00,unknown,unknown
67CBAWHG,Gladys Colclough,Melvin Marxen,Central,GTX Plus Pro,,Prospecting,,,5482,,unknown,5482.00,unknown,unknown
2WTPSQTN,Gladys Colclough,Melvin Marxen,Central,GTX Plus Pro,,Prospecting,,,5482,,unknown,5482.00,unknown,unknown
V5PKXYWS,Gladys Colclough,Melvin Marxen,Central,GTX Plus Pro,,Prospecting,,,5482,,unknown,5482.00,unknown,unknown
EJCPWP6V,Gladys Colclough,Melvin Marxen,Central,GTXPro,Bioholding,Prospecting,,,,,unknown,0.00,unknown,unknown
BJE7KCZ1,Gladys Colclough,Melvin Marxen,Central,GTXPro,Genco Pura Olive Oil Company,Prospecting,,,,,unknown,0.00,unknown,unknown
TK9J8AOZ,Gladys Colclough,Melvin Marxen,Central,GTXPro,Treequote,Prospecting,,,,,unknown,0.00,unknown,unknown
XARW0KTX,Gladys Colclough,Melvin Marxen,Central,GTXPro,,Prospecting,,,,,unknown,0.00,unknown,unknown
0C34Z5UZ,Gladys Colclough,Melvin Marxen,Central,GTXPro,,Prospecting,,,,,unknown,0.00,unknown,unknown
OA3RDG12,Gladys Colclough,Melvin Marxen,Central,GTXPro,,Prospecting,,,,,unknown,0.00,unknown,unknown
847RHYQE,Gladys Colclough,Melvin Marxen,Central,GTXPro,,Prospecting,,,,,unknown,0.00,unknown,unknown
P0B49XCI,Gladys Colclough,Melvin Marxen,Central,MG Special,Codehow,Prospecting,,,55,,unknown,55.00,unknown,unknown
DOP1NORG,Gladys Colclough,Melvin Marxen,Central,MG Special,Plexzap,Prospecting,,,55,,unknown,55.00,unknown,unknown
BUOI3TBI,Gladys Colclough,Melvin Marxen,Central,MG Special,Rundofase,Prospecting,,,55,,unknown,55.00,unknown,unknown
F22C6LKO,Gladys Colclough,Melvin Marxen,Central,MG Special,The New York Inquirer,Prospecting,,,55,,unknown,55.00,unknown,unknown
D8ZJ6F45,Gladys Colclough,Melvin Marxen,Central,MG Special,Yearin,Prospecting,,,55,,unknown,55.00,unknown,unknown
HP50ZWIZ,Gladys Colclough,Melvin Marxen,Central,MG Special,,Prospecting,,,55,,unknown,55.00,unknown,unknown
X3KQZM1K,Gladys Colclough,Melvin Marxen,Central,MG Special,,Prospecting,,,55,,unknown,55.00,unknown,unknown
WA3U0EVI,Gladys Colclough,Melvin Marxen,Central,MG Special,,Prospecting,,,55,,unknown,55.00,unknown,unknown
Q9CASEJL,Gladys Colclough,Melvin Marxen,Central,MG Special,,Prospecting,,,55,,unknown,55.00,unknown,unknown
OIBR7UA7,Gladys Colclough,Melvin Marxen,Central,MG Special,,Prospecting,,,55,,unknown,55.00,unknown,unknown
J5IXJWVU,Gladys Colclough,Melvin Marxen,Central,MG Advanced,Cancity,Prospecting,,,3393,,unknown,3393.00,unknown,unknown
KFSKQ291,Gladys Colclough,Melvin Marxen,Central,MG Advanced,Plusstrip,Prospecting,,,3393,,unknown,3393.00,unknown,unknown
ZT1234V3,Gladys Colclough,Melvin Marxen,Central,MG Advanced,Ron-tech,Prospecting,,,3393,,unknown,3393.00,unknown,unknown
JQBN7PXK,Gladys Colclough,Melvin Marxen,Central,MG Advanced,Xx-zobam,Prospecting,,,3393,,unknown,3393.00,unknown,unknown
J5IF7CT6,Gladys Colclough,Melvin Marxen,Central,MG Advanced,,Prospecting,,,3393,,unknown,3393.00,unknown,unknown
AAQ5H36J,Gladys Colclough,Melvin Marxen,Central,MG Advanced,,Prospecting,,,3393,,unknown,3393.00,unknown,unknown
37PEZCGO,Gladys Colclough,Melvin Marxen,Central,MG Advanced,,Prospecting,,,3393,,unknown,3393.00,unknown,unknown
X9NUTLTR,Gladys Colclough,Melvin Marxen,Central,MG Advanced,,Prospecting,,,3393,,unknown,3393.00,unknown,unknown
L5PS6S68,Gladys Colclough,Melvin Marxen,Central,MG Advanced,,Prospecting,,,3393,,unknown,3393.00,unknown,unknown
JLZCOLIE,Gladys Colclough,Melvin Marxen,Central,MG Advanced,,Prospecting,,,3393,,unknown,3393.00,unknown,unknown
TN4KM3D1,Jonathan Berthelot,Melvin Marxen,Central,GTX Basic,Bluth Company,Prospecting,,,550,,unknown,550.00,unknown,unknown
OIIFWY81,Jonathan Berthelot,Melvin Marxen,Central,GTX Basic,Conecom,Prospecting,,,550,,unknown,550.00,unknown,unknown
WE2CEE8A,Jonathan Berthelot,Melvin Marxen,Central,GTX Basic,Dontechi,Prospecting,,,550,,unknown,550.00,unknown,unknown
NT38RBZY,Jonathan Berthelot,Melvin Marxen,Central,GTX Basic,Gogozoom,Prospecting,,,550,,unknown,550.00,unknown,unknown
0XVL2UMH,Jonathan Berthelot,Melvin Marxen,Central,GTX Basic,Groovestreet,Prospecting,,,550,,unknown,550.00,unknown,unknown
UFZFCBOS,Jonathan Berthelot,Melvin Marxen,Central,GTX Basic,Lexiqvolax,Prospecting,,,550,,unknown,550.00,unknown,unknown
2BD1SDBX,Jonathan Berthelot,Melvin Marxen,Central,GTX Basic,Vehement Capital Partners,Prospecting,,,550,,unknown,550.00,unknown,unknown
AE3YDLK3,Jonathan Berthelot,Melvin Marxen,Central,GTX Basic,Xx-zobam,Prospecting,,,550,,unknown,550.00,unknown,unknown
C54CWZIT,Jonathan Berthelot,Melvin Marxen,Central,GTX Basic,Zencorporation,Prospecting,,,550,,unknown,550.00,unknown,unknown
D00AN5HY,Jonathan Berthelot,Melvin Marxen,Central,GTX Basic,,Prospecting,,,550,,unknown,550.00,unknown,unknown
E6798P2J,Jonathan Berthelot,Melvin Marxen,Central,GTX Basic,,Prospecting,,,550,,unknown,550.00,unknown,unknown
MR08TTTT,Jonathan Berthelot,Melvin Marxen,Central,GTX Basic,,Prospecting,,,550,,unknown,550.00,unknown,unknown
7UVKZD60,Jonathan Berthelot,Melvin Marxen,Central,GTX Basic,,Prospecting,,,550,,unknown,550.00,unknown,unknown
0RLU8I9Q,Jonathan Berthelot,Melvin Marxen,Central,GTX Basic,,Prospecting,,,550,,unknown,550.00,unknown,unknown
ZT163LH3,Jonathan Berthelot,Melvin Marxen,Central,GTX Basic,,Prospecting,,,550,,unknown,550.00,unknown,unknown
8Y3OMER4,Jonathan Berthelot,Melvin Marxen,Central,GTX Basic,,Prospecting,,,550,,unknown,550.00,unknown,unknown
OQ1P1OLH,Jonathan Berthelot,Melvin Marxen,Central,GTX Basic,,Prospecting,,,550,,unknown,550.00,unknown,unknown
UY93W9NZ,Jonathan Berthelot,Melvin Marxen,Central,GTX Basic,,Prospecting,,,550,,unknown,550.00,unknown,unknown
NVH71LD4,Jonathan Berthelot,Melvin Marxen,Central,GTX Basic,,Prospecting,,,550,,unknown,550.00,unknown,unknown
XVQ3OA99,Jonathan Berthelot,Melvin Marxen,Central,GTX Basic,,Prospecting,,,550,,unknown,550.00,unknown,unknown
DJDJ5A58,Jonathan Berthelot,Melvin Marxen,Central,GTX Basic,,Prospecting,,,550,,unknown,550.00,unknown,unknown
22TUMCKT,Jonathan Berthelot,Melvin Marxen,Central,GTX Basic,,Prospecting,,,550,,unknown,550.00,unknown,unknown
ARBTXSEH,Jonathan Berthelot,Melvin Marxen,Central,GTX Plus Basic,Globex Corporation,Prospecting,,,1096,,unknown,1096.00,unknown,unknown
P4D8H19O,Jonathan Berthelot,Melvin Marxen,Central,GTX Plus Basic,Isdom,Prospecting,,,1096,,unknown,1096.00,unknown,unknown
UD1GNRL4,Jonathan Berthelot,Melvin Marxen,Central,GTX Plus Basic,,Prospecting,,,1096,,unknown,1096.00,unknown,unknown
B2YZJ212,Jonathan Berthelot,Melvin Marxen,Central,GTX Plus Basic,,Prospecting,,,1096,,unknown,1096.00,unknown,unknown
94DGJSLN,Jonathan Berthelot,Melvin Marxen,Central,GTX Plus Basic,,Prospecting,,,1096,,unknown,1096.00,unknown,unknown
IRTO8ZJW,Jonathan Berthelot,Melvin Marxen,Central,GTX Plus Basic,,Prospecting,,,1096,,unknown,1096.00,unknown,unknown
OAMIMSUU,Jonathan Berthelot,Melvin Marxen,Central,GTX Plus Pro,Cheers,Prospecting,,,5482,,unknown,5482.00,unknown,unknown
B26TNOGQ,Jonathan Berthelot,Melvin Marxen,Central,GTX Plus Pro,Silis,Prospecting,,,5482,,unknown,5482.00,unknown,unknown
QN1UL4N3,Jonathan Berthelot,Melvin Marxen,Central,GTX Plus Pro,,Prospecting,,,5482,,unknown,5482.00,unknown,unknown
FW2CVY2X,Jonathan Berthelot,Melvin Marxen,Central,GTX Plus Pro,,Prospecting,,,5482,,unknown,5482.00,unknown,unknown
9R8AKL0D,Jonathan Berthelot,Melvin Marxen,Central,GTXPro,Initech,Prospecting,,,,,unknown,0.00,unknown,unknown
R14YE68N,Jonathan Berthelot,Melvin Marxen,Central,GTXPro,Plexzap,Prospecting,,,,,unknown,0.00,unknown,unknown
8RQCHZ5O,Jonathan Berthelot,Melvin Marxen,Central,GTXPro,,Prospecting,,,,,unknown,0.00,unknown,unknown
90KRHC6T,Jonathan Berthelot,Melvin Marxen,Central,GTXPro,,Prospecting,,,,,unknown,0.00,unknown,unknown
8NLGRTU5,Jonathan Berthelot,Melvin Marxen,Central,GTXPro,,Prospecting,,,,,unknown,0.00,unknown,unknown
QMRDG7WP,Jonathan Berthelot,Melvin Marxen,Central,GTXPro,,Prospecting,,,,,unknown,0.00,unknown,unknown
F0K8UDEG,Jonathan Berthelot,Melvin Marxen,Central,GTXPro,,Prospecting,,,,,unknown,0.00,unknown,unknown
NUEPXB8Z,Jonathan Berthelot,Melvin Marxen,Central,GTXPro,,Prospecting,,,,,unknown,0.00,unknown,unknown
FBDS7GIZ,Jonathan Berthelot,Melvin Marxen,Central,GTXPro,,Prospecting,,,,,unknown,0.00,unknown,unknown
URRD7VUB,Jonathan Berthelot,Melvin Marxen,Central,MG Special,Blackzim,Prospecting,,,55,,unknown,55.00,unknown,unknown
11T4HX93,Jonathan Berthelot,Melvin Marxen,Central,MG Special,Bluth Company,Prospecting,,,55,,unknown,55.00,unknown,unknown
0QMDTHBS,Jonathan Berthelot,Melvin Marxen,Central,MG Special,,Prospecting,,,55,,unknown,55.00,unknown,unknown
GM5X0CSG,Jonathan Berthelot,Melvin Marxen,Central,MG Special,,Prospecting,,,55,,unknown,55.00,unknown,unknown
E0HMRMZ9,Jonathan Berthelot,Melvin Marxen,Central,MG Special,,Prospecting,,,55,,unknown,55.00,unknown,unknown
DYA87PL1,Jonathan Berthelot,Melvin Marxen,Central,MG Special,,Prospecting,,,55,,unknown,55.00,unknown,unknown
CGRMC7OE,Jonathan Berthelot,Melvin Marxen,Central,MG Advanced,,Prospecting,,,3393,,unknown,3393.00,unknown,unknown
0KSK9O00,Lajuana Vencill,Dustin Brinkmann,Central,GTX Basic,Bluth Company,Prospecting,,,550,,unknown,550.00,unknown,unknown
76WK0KFZ,Lajuana Vencill,Dustin Brinkmann,Central,GTX Basic,Konex,Prospecting,,,550,,unknown,550.00,unknown,unknown
IMN2GUYV,Lajuana Vencill,Dustin Brinkmann,Central,GTX Basic,Statholdings,Prospecting,,,550,,unknown,550.00,unknown,unknown
9HFEMESD,Lajuana Vencill,Dustin Brinkmann,Central,GTX Basic,,Prospecting,,,550,,unknown,550.00,unknown,unknown
00400B1S,Lajuana Vencill,Dustin Brinkmann,Central,GTX Basic,,Prospecting,,,550,,unknown,550.00,unknown,unknown
PELBIQ95,Lajuana Vencill,Dustin Brinkmann,Central,GTX Basic,,Prospecting,,,550,,unknown,550.00,unknown,unknown
HLE798LQ,Lajuana Vencill,Dustin Brinkmann,Central,GTX Basic,,Prospecting,,,550,,unknown,550.00,unknown,unknown
NB67WD27,Lajuana Vencill,Dustin Brinkmann,Central,GTX Basic,,Prospecting,,,550,,unknown,550.00,unknown,unknown
2RQOUJ9V,Lajuana Vencill,Dustin Brinkmann,Central,GTX Basic,,Prospecting,,,550,,unknown,550.00,unknown,unknown
6KW4PU0S,Lajuana Vencill,Dustin Brinkmann,Central,GTX Basic,,Prospecting,,,550,,unknown,550.00,unknown,unknown
Y533QVR5,Lajuana Vencill,Dustin Brinkmann,Central,GTX Basic,,Prospecting,,,550,,unknown,550.00,unknown,unknown
PAUK1IU0,Lajuana Vencill,Dustin Brinkmann,Central,GTX Basic,,Prospecting,,,550,,unknown,550.00,unknown,unknown
97WEHB4X,Lajuana Vencill,Dustin Brinkmann,Central,GTX Basic,,Prospecting,,,550,,unknown,550.00,unknown,unknown
Z4JQEOMT,Lajuana Vencill,Dustin Brinkmann,Central,GTX Basic,,Prospecting,,,550,,unknown,550.00,unknown,unknown
W2K1S9N3,Lajuana Vencill,Dustin Brinkmann,Central,GTX Plus Basic,Dalttechnology,Prospecting,,,1096,,unknown,1096.00,unknown,unknown
U0U1RIMI,Lajuana Vencill,Dustin Brinkmann,Central,GTX Plus Basic,,Prospecting,,,1096,,unknown,1096.00,unknown,unknown
ZTFYF8PV,Lajuana Vencill,Dustin Brinkmann,Central,GTX Plus Basic,,Prospecting,,,1096,,unknown,1096.00,unknown,unknown
Q620I4AZ,Lajuana Vencill,Dustin Brinkmann,Central,GTX Plus Basic,,Prospecting,,,1096,,unknown,1096.00,unknown,unknown
L7PPTHLF,Lajuana Vencill,Dustin Brinkmann,Central,GTX Plus Basic,,Prospecting,,,1096,,unknown,1096.00,unknown,unknown
8U9CA21G,Lajuana Vencill,Dustin Brinkmann,Central,GTX Plus Basic,,Prospecting,,,1096,,unknown,1096.00,unknown,unknown
F14T88OP,Lajuana Vencill,Dustin Brinkmann,Central,GTX Plus Pro,,Prospecting,,,5482,,unknown,5482.00,unknown,unknown
JZ4QLP1W,Lajuana Vencill,Dustin Brinkmann,Central,MG Special,Bioplex,Prospecting,,,55,,unknown,55.00,unknown,unknown
HSGGBG9J,Lajuana Vencill,Dustin Brinkmann,Central,MG Special,Codehow,Prospecting,,,55,,unknown,55.00,unknown,unknown
O7MBZPN4,Lajuana Vencill,Dustin Brinkmann,Central,MG Special,,Prospecting,,,55,,unknown,55.00,unknown,unknown
XS7B6QT7,Lajuana Vencill,Dustin Brinkmann,Central,MG Special,,Prospecting,,,55,,unknown,55.00,unknown,unknown
N6JMQG0E,Lajuana Vencill,Dustin Brinkmann,Central,MG Special,,Prospecting,,,55,,unknown,55.00,unknown,unknown
TBNPWPNE,Lajuana Vencill,Dustin Brinkmann,Central,MG Special,,Prospecting,,,55,,unknown,55.00,unknown,unknown
M4WW6I1S,Lajuana Vencill,Dustin Brinkmann,Central,MG Special,,Prospecting,,,55,,unknown,55.00,unknown,unknown
GLQLEZJM,Lajuana Vencill,Dustin Brinkmann,Central,MG Special,,Prospecting,,,55,,unknown,55.00,unknown,unknown
ZKJIVMSG,Lajuana Vencill,Dustin Brinkmann,Central,MG Advanced,Finjob,Prospecting,,,3393,,unknown,3393.00,unknown,unknown
3TMNC3GW,Lajuana Vencill,Dustin Brinkmann,Central,MG Advanced,Kinnamplus,Prospecting,,,3393,,unknown,3393.00,unknown,unknown
P25KLAD2,Lajuana Vencill,Dustin Brinkmann,Central,MG Advanced,Rangreen,Prospecting,,,3393,,unknown,3393.00,unknown,unknown
NDJBDONI,Lajuana Vencill,Dustin Brinkmann,Central,MG Advanced,,Prospecting,,,3393,,unknown,3393.00,unknown,unknown
94ZZLWOH,Lajuana Vencill,Dustin Brinkmann,Central,MG Advanced,,Prospecting,,,3393,,unknown,3393.00,unknown,unknown
KKUHAY4O,Lajuana Vencill,Dustin Brinkmann,Central,MG Advanced,,Prospecting,,,3393,,unknown,3393.00,unknown,unknown
4V17GRKW,Lajuana Vencill,Dustin Brinkmann,Central,MG Advanced,,Prospecting,,,3393,,unknown,3393.00,unknown,unknown
EOJHYLXG,Lajuana Vencill,Dustin Brinkmann,Central,MG Advanced,,Prospecting,,,3393,,unknown,3393.00,unknown,unknown
4XQ43RJW,Lajuana Vencill,Dustin Brinkmann,Central,MG Advanced,,Prospecting,,,3393,,unknown,3393.00,unknown,unknown
MJK3UJ1B,Lajuana Vencill,Dustin Brinkmann,Central,MG Advanced,,Prospecting,,,3393,,unknown,3393.00,unknown,unknown
44JDHBI8,Lajuana Vencill,Dustin Brinkmann,Central,MG Advanced,,Prospecting,,,3393,,unknown,3393.00,unknown,unknown
ETJR6FUL,Marty Freudenburg,Melvin Marxen,Central,GTX Basic,Plexzap,Prospecting,,,550,,unknown,550.00,unknown,unknown
9CYYLZ11,Marty Freudenburg,Melvin Marxen,Central,GTX Basic,Stanredtax,Prospecting,,,550,,unknown,550.00,unknown,unknown
RGW7PKJ6,Marty Freudenburg,Melvin Marxen,Central,GTX Basic,Xx-zobam,Prospecting,,,550,,unknown,550.00,unknown,unknown
BW0NOLCK,Marty Freudenburg,Melvin Marxen,Central,GTX Basic,,Prospecting,,,550,,unknown,550.00,unknown,unknown
G7K3HJAT,Marty Freudenburg,Melvin Marxen,Central,GTX Basic,,Prospecting,,,550,,unknown,550.00,unknown,unknown
NBE5EMSV,Marty Freudenburg,Melvin Marxen,Central,GTX Basic,,Prospecting,,,550,,unknown,550.00,unknown,unknown
D00KRY2S,Marty Freudenburg,Melvin Marxen,Central,GTX Basic,,Prospecting,,,550,,unknown,550.00,unknown,unknown
ZB3JRI67,Marty Freudenburg,Melvin Marxen,Central,GTX Basic,,Prospecting,,,550,,unknown,550.00,unknown,unknown
4AUWVKUU,Marty Freudenburg,Melvin Marxen,Central,GTX Basic,,Prospecting,,,550,,unknown,550.00,unknown,unknown
I43F0Z77,Marty Freudenburg,Melvin Marxen,Central,GTX Plus Basic,Betasoloin,Prospecting,,,1096,,unknown,1096.00,unknown,unknown
YYMKOAVY,Marty Freudenburg,Melvin Marxen,Central,GTX Plus Basic,Donquadtech,Prospecting,,,1096,,unknown,1096.00,unknown,unknown
0HR4TEU4,Marty Freudenburg,Melvin Marxen,Central,GTX Plus Basic,Plussunin,Prospecting,,,1096,,unknown,1096.00,unknown,unknown
O8JCYJSV,Marty Freudenburg,Melvin Marxen,Central,GTX Plus Basic,Silis,Prospecting,,,1096,,unknown,1096.00,unknown,unknown
FMRVHL9O,Marty Freudenburg,Melvin Marxen,Central,GTX Plus Basic,Toughzap,Prospecting,,,1096,,unknown,1096.00,unknown,unknown
YMI68O7S,Marty Freudenburg,Melvin Marxen,Central,GTX Plus Basic,Zumgoity,Prospecting,,,1096,,unknown,1096.00,unknown,unknown
VUFZB941,Marty Freudenburg,Melvin Marxen,Central,GTX Plus Basic,,Prospecting,,,1096,,unknown,1096.00,unknown,unknown
EABYCHB3,Marty Freudenburg,Melvin Marxen,Central,GTX Plus Basic,,Prospecting,,,1096,,unknown,1096.00,unknown,unknown
6Z6DMG2V,Marty Freudenburg,Melvin Marxen,Central,GTX Plus Basic,,Prospecting,,,1096,,unknown,1096.00,unknown,unknown
BZ96Z7AI,Marty Freudenburg,Melvin Marxen,Central,GTX Plus Basic,,Prospecting,,,1096,,unknown,1096.00,unknown,unknown
QY7GTG6Y,Marty Freudenburg,Melvin Marxen,Central,GTX Plus Basic,,Prospecting,,,1096,,unknown,1096.00,unknown,unknown
VZ28EXFN,Marty Freudenburg,Melvin Marxen,Central,GTX Plus Basic,,Prospecting,,,1096,,unknown,1096.00,unknown,unknown
KOPIWJO5,Marty Freudenburg,Melvin Marxen,Central,GTX Plus Basic,,Prospecting,,,1096,,unknown,1096.00,unknown,unknown
465ZW6J2,Marty Freudenburg,Melvin Marxen,Central,GTX Plus Basic,,Prospecting,,,1096,,unknown,1096.00,unknown,unknown
BVRUBA3A,Marty Freudenburg,Melvin Marxen,Central,GTX Plus Pro,,Prospecting,,,5482,,unknown,5482.00,unknown,unknown
5JS1Z5BQ,Marty Freudenburg,Melvin Marxen,Central,GTX Plus Pro,,Prospecting,,,5482,,unknown,5482.00,unknown,unknown
5EUHU5AF,Marty Freudenburg,Melvin Marxen,Central,GTX Plus Pro,,Prospecting,,,5482,,unknown,5482.00,unknown,unknown
F11IGBLD,Marty Freudenburg,Melvin Marxen,Central,GTX Plus Pro,,Prospecting,,,5482,,unknown,5482.00,unknown,unknown
CC70D9SD,Marty Freudenburg,Melvin Marxen,Central,GTX Plus Pro,,Prospecting,,,5482,,unknown,5482.00,unknown,unknown
0BQTT5UF,Marty Freudenburg,Melvin Marxen,Central,GTXPro,Donware,Prospecting,,,,,unknown,0.00,unknown,unknown
M7UNLZEP,Marty Freudenburg,Melvin Marxen,Central,GTXPro,Finhigh,Prospecting,,,,,unknown,0.00,unknown,unknown
EG7S6ZOI,Marty Freudenburg,Melvin Marxen,Central,GTXPro,Konmatfix,Prospecting,,,,,unknown,0.00,unknown,unknown
UND13JS5,Marty Freudenburg,Melvin Marxen,Central,GTXPro,Plusstrip,Prospecting,,,,,unknown,0.00,unknown,unknown
HFVWQIMF,Marty Freudenburg,Melvin Marxen,Central,GTXPro,,Prospecting,,,,,unknown,0.00,unknown,unknown
9YLUGU6I,Marty Freudenburg,Melvin Marxen,Central,GTXPro,,Prospecting,,,,,unknown,0.00,unknown,unknown
SAUIIUTV,Marty Freudenburg,Melvin Marxen,Central,GTXPro,,Prospecting,,,,,unknown,0.00,unknown,unknown
B5H6M7AP,Marty Freudenburg,Melvin Marxen,Central,GTXPro,,Prospecting,,,,,unknown,0.00,unknown,unknown
COGXUYLL,Marty Freudenburg,Melvin Marxen,Central,MG Special,Doncon,Prospecting,,,55,,unknown,55.00,unknown,unknown
ZVO432VF,Marty Freudenburg,Melvin Marxen,Central,MG Special,Faxquote,Prospecting,,,55,,unknown,55.00,unknown,unknown
1BB5LME9,Marty Freudenburg,Melvin Marxen,Central,MG Special,Globex Corporation,Prospecting,,,55,,unknown,55.00,unknown,unknown
7WXPAXAV,Marty Freudenburg,Melvin Marxen,Central,MG Special,Rangreen,Prospecting,,,55,,unknown,55.00,unknown,unknown
GSOR2INK,Marty Freudenburg,Melvin Marxen,Central,MG Special,,Prospecting,,,55,,unknown,55.00,unknown,unknown
BTH2O9OF,Marty Freudenburg,Melvin Marxen,Central,MG Special,,Prospecting,,,55,,unknown,55.00,unknown,unknown
HW367OVT,Marty Freudenburg,Melvin Marxen,Central,MG Special,,Prospecting,,,55,,unknown,55.00,unknown,unknown
O6NIPA7N,Marty Freudenburg,Melvin Marxen,Central,MG Special,,Prospecting,,,55,,unknown,55.00,unknown,unknown
MI3MV7PU,Marty Freudenburg,Melvin Marxen,Central,MG Advanced,Acme Corporation,Prospecting,,,3393,,unknown,3393.00,unknown,unknown
A8PVW8RI,Marty Freudenburg,Melvin Marxen,Central,MG Advanced,Condax,Prospecting,,,3393,,unknown,3393.00,unknown,unknown
S4V0T890,Marty Freudenburg,Melvin Marxen,Central,MG Advanced,Finjob,Prospecting,,,3393,,unknown,3393.00,unknown,unknown
AP74NF6M,Marty Freudenburg,Melvin Marxen,Central,MG Advanced,Iselectrics,Prospecting,,,3393,,unknown,3393.00,unknown,unknown
WJ7HDR4Q,Marty Freudenburg,Melvin Marxen,Central,MG Advanced,,Prospecting,,,3393,,unknown,3393.00,unknown,unknown
F1NWH30L,Marty Freudenburg,Melvin Marxen,Central,MG Advanced,,Prospecting,,,3393,,unknown,3393.00,unknown,unknown
7KQAH6UI,Marty Freudenburg,Melvin Marxen,Central,MG Advanced,,Prospecting,,,3393,,unknown,3393.00,unknown,unknown
2NO97U9Z,Marty Freudenburg,Melvin Marxen,Central,MG Advanced,,Prospecting,,,3393,,unknown,3393.00,unknown,unknown
BKI3OLP8,Marty Freudenburg,Melvin Marxen,Central,MG Advanced,,Prospecting,,,3393,,unknown,3393.00,unknown,unknown
KTSP63I0,Marty Freudenburg,Melvin Marxen,Central,MG Advanced,,Prospecting,,,3393,,unknown,3393.00,unknown,unknown
HKMMBDMW,Moses Frase,Dustin Brinkmann,Central,GTX Basic,Plusstrip,Prospecting,,,550,,unknown,550.00,unknown,unknown
52V1RWCZ,Moses Frase,Dustin Brinkmann,Central,GTX Basic,Stanredtax,Prospecting,,,550,,unknown,550.00,unknown,unknown
XS7L2AQE,Moses Frase,Dustin Brinkmann,Central,GTX Basic,Zencorporation,Prospecting,,,550,,unknown,550.00,unknown,unknown
M22PCEKY,Moses Frase,Dustin Brinkmann,Central,GTX Basic,,Prospecting,,,550,,unknown,550.00,unknown,unknown
IVTNXNYP,Moses Frase,Dustin Brinkmann,Central,GTX Basic,,Prospecting,,,550,,unknown,550.00,unknown,unknown
HOXD9TTL,Moses Frase,Dustin Brinkmann,Central,GTX Basic,,Prospecting,,,550,,unknown,550.00,unknown,unknown
H046CU4Z,Moses Frase,Dustin Brinkmann,Central,GTX Basic,,Prospecting,,,550,,unknown,550.00,unknown,unknown
JF4MEWPX,Moses Frase,Dustin Brinkmann,Central,GTX Basic,,Prospecting,,,550,,unknown,550.00,unknown,unknown
1HD5JJM3,Moses Frase,Dustin Brinkmann,Central,GTX Plus Basic,,Prospecting,,,1096,,unknown,1096.00,unknown,unknown
NWPSEF2I,Moses Frase,Dustin Brinkmann,Central,GTX Plus Basic,,Prospecting,,,1096,,unknown,1096.00,unknown,unknown
0E8D6TCQ,Moses Frase,Dustin Brinkmann,Central,GTX Plus Basic,,Prospecting,,,1096,,unknown,1096.00,unknown,unknown
7MKYTX69,Moses Frase,Dustin Brinkmann,Central,GTX Plus Pro,,Prospecting,,,5482,,unknown,5482.00,unknown,unknown
CLPDG9BG,Moses Frase,Dustin Brinkmann,Central,MG Special,Yearin,Prospecting,,,55,,unknown,55.00,unknown,unknown
32NDDT4L,Moses Frase,Dustin Brinkmann,Central,MG Special,,Prospecting,,,55,,unknown,55.00,unknown,unknown
1969NL80,Moses Frase,Dustin Brinkmann,Central,MG Special,,Prospecting,,,55,,unknown,55.00,unknown,unknown
IKR0NSUE,Moses Frase,Dustin Brinkmann,Central,MG Special,,Prospecting,,,55,,unknown,55.00,unknown,unknown
473F6L9F,Moses Frase,Dustin Brinkmann,Central,MG Special,,Prospecting,,,55,,unknown,55.00,unknown,unknown
KN4LCS4D,Moses Frase,Dustin Brinkmann,Central,MG Special,,Prospecting,,,55,,unknown,55.00,unknown,unknown
EL09RK8X,Moses Frase,Dustin Brinkmann,Central,MG Advanced,Dalttechnology,Prospecting,,,3393,,unknown,3393.00,unknown,unknown
Y9EBNML6,Moses Frase,Dustin Brinkmann,Central,MG Advanced,Donquadtech,Prospecting,,,3393,,unknown,3393.00,unknown,unknown
9H2V1F1E,Moses Frase,Dustin Brinkmann,Central,MG Advanced,Funholding,Prospecting,,,3393,,unknown,3393.00,unknown,unknown
2872DC79,Moses Frase,Dustin Brinkmann,Central,MG Advanced,,Prospecting,,,3393,,unknown,3393.00,unknown,unknown
OYRF34VN,Moses Frase,Dustin Brinkmann,Central,MG Advanced,,Prospecting,,,3393,,unknown,3393.00,unknown,unknown
HP8IWA1E,Moses Frase,Dustin Brinkmann,Central,MG Advanced,,Prospecting,,,3393,,unknown,3393.00,unknown,unknown
M5ZYQFGR,Moses Frase,Dustin Brinkmann,Central,MG Advanced,,Prospecting,,,3393,,unknown,3393.00,unknown,unknown
0CECGPEJ,Moses Frase,Dustin Brinkmann,Central,MG Advanced,,Prospecting,,,3393,,unknown,3393.00,unknown,unknown
D6YEYMJC,Moses Frase,Dustin Brinkmann,Central,MG Advanced,,Prospecting,,,3393,,unknown,3393.00,unknown,unknown
RLDCYEJU,Moses Frase,Dustin Brinkmann,Central,MG Advanced,,Prospecting,,,3393,,unknown,3393.00,unknown,unknown
BIN9U8D9,Moses Frase,Dustin Brinkmann,Central,MG Advanced,,Prospecting,,,3393,,unknown,3393.00,unknown,unknown
8O98HGMW,Moses Frase,Dustin Brinkmann,Central,MG Advanced,,Prospecting,,,3393,,unknown,3393.00,unknown,unknown
SRYX0U85,Moses Frase,Dustin Brinkmann,Central,MG Advanced,,Prospecting,,,3393,,unknown,3393.00,unknown,unknown
MON9ZE47,Niesha Huffines,Melvin Marxen,Central,GTX Basic,Groovestreet,Prospecting,,,550,,unknown,550.00,unknown,unknown
FJHKS2T2,Niesha Huffines,Melvin Marxen,Central,GTX Basic,Plussunin,Prospecting,,,550,,unknown,550.00,unknown,unknown
HUG2KAHE,Niesha Huffines,Melvin Marxen,Central,GTX Basic,,Prospecting,,,550,,unknown,550.00,unknown,unknown
PGN9I1HU,Niesha Huffines,Melvin Marxen,Central,GTX Basic,,Prospecting,,,550,,unknown,550.00,unknown,unknown
647SQRGL,Niesha Huffines,Melvin Marxen,Central,GTX Basic,,Prospecting,,,550,,unknown,550.00,unknown,unknown
TAKHOTRW,Niesha Huffines,Melvin Marxen,Central,GTX Basic,,Prospecting,,,550,,unknown,550.00,unknown,unknown
TS9QPHNA,Niesha Huffines,Melvin Marxen,Central,GTX Basic,,Prospecting,,,550,,unknown,550.00,unknown,unknown
UEI0RABV,Niesha Huffines,Melvin Marxen,Central,GTX Basic,,Prospecting,,,550,,unknown,550.00,unknown,unknown
27ZK0L0F,Niesha Huffines,Melvin Marxen,Central,GTX Basic,,Prospecting,,,550,,unknown,550.00,unknown,unknown
K38J8D75,Niesha Huffines,Melvin Marxen,Central,GTX Basic,,Prospecting,,,550,,unknown,550.00,unknown,unknown
UIP7MXOR,Niesha Huffines,Melvin Marxen,Central,GTX Basic,,Prospecting,,,550,,unknown,550.00,unknown,unknown
MNCY3CKD,Niesha Huffines,Melvin Marxen,Central,GTX Plus Basic,Nam-zim,Prospecting,,,1096,,unknown,1096.00,unknown,unknown
E0S2ZL6X,Niesha Huffines,Melvin Marxen,Central,GTX Plus Basic,Streethex,Prospecting,,,1096,,unknown,1096.00,unknown,unknown
XT9QCG8T,Niesha Huffines,Melvin Marxen,Central,GTX Plus Basic,Zoomit,Prospecting,,,1096,,unknown,1096.00,unknown,unknown
52WACRCG,Niesha Huffines,Melvin Marxen,Central,GTX Plus Basic,,Prospecting,,,1096,,unknown,1096.00,unknown,unknown
0PXJYUT7,Niesha Huffines,Melvin Marxen,Central,GTX Plus Basic,,Prospecting,,,1096,,unknown,1096.00,unknown,unknown
D45LXDPW,Niesha Huffines,Melvin Marxen,Central,GTX Plus Basic,,Prospecting,,,1096,,unknown,1096.00,unknown,unknown
DDHNCZMO,Niesha Huffines,Melvin Marxen,Central,GTX Plus Pro,Konex,Prospecting,,,5482,,unknown,5482.00,unknown,unknown
Z99W80UY,Niesha Huffines,Melvin Marxen,Central,GTX Plus Pro,Zencorporation,Prospecting,,,5482,,unknown,5482.00,unknown,unknown
K8ITR8PA,Niesha Huffines,Melvin Marxen,Central,GTX Plus Pro,,Prospecting,,,5482,,unknown,5482.00,unknown,unknown
G4B3UCWQ,Niesha Huffines,Melvin Marxen,Central,GTXPro,,Prospecting,,,,,unknown,0.00,unknown,unknown
8O212QCV,Niesha Huffines,Melvin Marxen,Central,GTXPro,,Prospecting,,,,,unknown,0.00,unknown,unknown
X2REWR7J,Niesha Huffines,Melvin Marxen,Central,GTXPro,,Prospecting,,,,,unknown,0.00,unknown,unknown
RKP2DVSU,Niesha Huffines,Melvin Marxen,Central,MG Special,Hottechi,Prospecting,,,55,,unknown,55.00,unknown,unknown
T3T4OE0A,Niesha Huffines,Melvin Marxen,Central,MG Special,Konex,Prospecting,,,55,,unknown,55.00,unknown,unknown
K7L1RE8B,Niesha Huffines,Melvin Marxen,Central,MG Special,,Prospecting,,,55,,unknown,55.00,unknown,unknown
RPCZJOE2,Niesha Huffines,Melvin Marxen,Central,MG Special,,Prospecting,,,55,,unknown,55.00,unknown,unknown
6IG2A8KD,Niesha Huffines,Melvin Marxen,Central,MG Special,,Prospecting,,,55,,unknown,55.00,unknown,unknown
MFU6Y5HX,Niesha Huffines,Melvin Marxen,Central,MG Special,,Prospecting,,,55,,unknown,55.00,unknown,unknown
Y0EKPBLQ,Niesha Huffines,Melvin Marxen,Central,MG Special,,Prospecting,,,55,,unknown,55.00,unknown,unknown
8TLX2786,Niesha Huffines,Melvin Marxen,Central,MG Special,,Prospecting,,,55,,unknown,55.00,unknown,unknown
Z9CW6K35,Niesha Huffines,Melvin Marxen,Central,MG Special,,Prospecting,,,55,,unknown,55.00,unknown,unknown
YVFK9Q0W,Niesha Huffines,Melvin Marxen,Central,MG Advanced,Faxquote,Prospecting,,,3393,,unknown,3393.00,unknown,unknown
PF7M8CG2,Niesha Huffines,Melvin Marxen,Central,MG Advanced,,Prospecting,,,3393,,unknown,3393.00,unknown,unknown
ZHPJ73Q6,Versie Hillebrand,Dustin Brinkmann,Central,GTX Basic,Inity,Prospecting,,,550,,unknown,550.00,unknown,unknown
2TI0MAKP,Versie Hillebrand,Dustin Brinkmann,Central,GTX Basic,Lexiqvolax,Prospecting,,,550,,unknown,550.00,unknown,unknown
2G5ZMOYC,Versie Hillebrand,Dustin Brinkmann,Central,GTX Basic,Scottech,Prospecting,,,550,,unknown,550.00,unknown,unknown
EPOB4B15,Versie Hillebrand,Dustin Brinkmann,Central,GTX Basic,,Prospecting,,,550,,unknown,550.00,unknown,unknown
2WWMPY7O,Versie Hillebrand,Dustin Brinkmann,Central,GTX Basic,,Prospecting,,,550,,unknown,550.00,unknown,unknown
Z6VQW8TB,Versie Hillebrand,Dustin Brinkmann,Central,GTX Basic,,Prospecting,,,550,,unknown,550.00,unknown,unknown
FNLAOXF8,Versie Hillebrand,Dustin Brinkmann,Central,GTX Basic,,Prospecting,,,550,,unknown,550.00,unknown,unknown
C5B5WBY9,Versie Hillebrand,Dustin Brinkmann,Central,GTX Plus Basic,Sumace,Prospecting,,,1096,,unknown,1096.00,unknown,unknown
6IO91583,Versie Hillebrand,Dustin Brinkmann,Central,GTX Plus Basic,,Prospecting,,,1096,,unknown,1096.00,unknown,unknown
ZXNPF7PL,Versie Hillebrand,Dustin Brinkmann,Central,GTX Plus Pro,,Prospecting,,,5482,,unknown,5482.00,unknown,unknown
NKFG3KKP,Versie Hillebrand,Dustin Brinkmann,Central,GTX Plus Pro,,Prospecting,,,5482,,unknown,5482.00,unknown,unknown
JQ338VQC,Versie Hillebrand,Dustin Brinkmann,Central,MG Special,Blackzim,Prospecting,,,55,,unknown,55.00,unknown,unknown
WJK0O5J9,Versie Hillebrand,Dustin Brinkmann,Central,MG Special,Doncon,Prospecting,,,55,,unknown,55.00,unknown,unknown
W2149WNZ,Versie Hillebrand,Dustin Brinkmann,Central,MG Special,Golddex,Prospecting,,,55,,unknown,55.00,unknown,unknown
6WNENPQM,Versie Hillebrand,Dustin Brinkmann,Central,MG Special,Goodsilron,Prospecting,,,55,,unknown,55.00,unknown,unknown
VW8CEV4C,Versie Hillebrand,Dustin Brinkmann,Central,MG Special,Konmatfix,Prospecting,,,55,,unknown,55.00,unknown,unknown
KLUS7RVS,Versie Hillebrand,Dustin Brinkmann,Central,MG Special,Opentech,Prospecting,,,55,,unknown,55.00,unknown,unknown
ROM4I2T0,Versie Hillebrand,Dustin Brinkmann,Central,MG Special,Rundofase,Prospecting,,,55,,unknown,55.00,unknown,unknown
6QKBZAEQ,Versie Hillebrand,Dustin Brinkmann,Central,MG Special,,Prospecting,,,55,,unknown,55.00,unknown,unknown
5P4OCP0Q,Versie Hillebrand,Dustin Brinkmann,Central,MG Special,,Prospecting,,,55,,unknown,55.00,unknown,unknown
E54FFQBM,Versie Hillebrand,Dustin Brinkmann,Central,MG Special,,Prospecting,,,55,,unknown,55.00,unknown,unknown
8GNSME5U,Versie Hillebrand,Dustin Brinkmann,Central,MG Special,,Prospecting,,,55,,unknown,55.00,unknown,unknown
5697WKA6,Versie Hillebrand,Dustin Brinkmann,Central,MG Special,,Prospecting,,,55,,unknown,55.00,unknown,unknown
A5DN7SE1,Versie Hillebrand,Dustin Brinkmann,Central,MG Special,,Prospecting,,,55,,unknown,55.00,unknown,unknown
DGI6CB5K,Versie Hillebrand,Dustin Brinkmann,Central,MG Special,,Prospecting,,,55,,unknown,55.00,unknown,unknown
MTH7D617,Versie Hillebrand,Dustin Brinkmann,Central,MG Special,,Prospecting,,,55,,unknown,55.00,unknown,unknown
S6BD2RV6,Versie Hillebrand,Dustin Brinkmann,Central,MG Special,,Prospecting,,,55,,unknown,55.00,unknown,unknown
P43NZA0V,Versie Hillebrand,Dustin Brinkmann,Central,MG Special,,Prospecting,,,55,,unknown,55.00,unknown,unknown
TFPZNRS3,Versie Hillebrand,Dustin Brinkmann,Central,MG Special,,Prospecting,,,55,,unknown,55.00,unknown,unknown
SPTF1MZ4,Versie Hillebrand,Dustin Brinkmann,Central,MG Special,,Prospecting,,,55,,unknown,55.00,unknown,unknown
WI5RHGX9,Versie Hillebrand,Dustin Brinkmann,Central,MG Special,,Prospecting,,,55,,unknown,55.00,unknown,unknown
WAT7H38N,Versie Hillebrand,Dustin Brinkmann,Central,MG Special,,Prospecting,,,55,,unknown,55.00,unknown,unknown
1FAU5C6V,Versie Hillebrand,Dustin Brinkmann,Central,MG Special,,Prospecting,,,55,,unknown,55.00,unknown,unknown
Q5RRTVJK,Versie Hillebrand,Dustin Brinkmann,Central,MG Special,,Prospecting,,,55,,unknown,55.00,unknown,unknown
KIOF5EM0,Versie Hillebrand,Dustin Brinkmann,Central,MG Special,,Prospecting,,,55,,unknown,55.00,unknown,unknown
SH4FSTJV,Versie Hillebrand,Dustin Brinkmann,Central,MG Special,,Prospecting,,,55,,unknown,55.00,unknown,unknown
AV50UWVV,Versie Hillebrand,Dustin Brinkmann,Central,MG Special,,Prospecting,,,55,,unknown,55.00,unknown,unknown
KAZ72JJ0,Versie Hillebrand,Dustin Brinkmann,Central,MG Special,,Prospecting,,,55,,unknown,55.00,unknown,unknown
QVWEPN6J,Versie Hillebrand,Dustin Brinkmann,Central,MG Special,,Prospecting,,,55,,unknown,55.00,unknown,unknown
JD7ACALY,Versie Hillebrand,Dustin Brinkmann,Central,MG Special,,Prospecting,,,55,,unknown,55.00,unknown,unknown
NSGU1K3N,Versie Hillebrand,Dustin Brinkmann,Central,MG Special,,Prospecting,,,55,,unknown,55.00,unknown,unknown
UK00OVV2,Versie Hillebrand,Dustin Brinkmann,Central,MG Special,,Prospecting,,,55,,unknown,55.00,unknown,unknown
DWGARGA2,Versie Hillebrand,Dustin Brinkmann,Central,MG Special,,Prospecting,,,55,,unknown,55.00,unknown,unknown
A4M34F8C,Versie Hillebrand,Dustin Brinkmann,Central,MG Special,,Prospecting,,,55,,unknown,55.00,unknown,unknown
FCNN6UY0,Versie Hillebrand,Dustin Brinkmann,Central,MG Advanced,Ganjaflex,Prospecting,,,3393,,unknown,3393.00,unknown,unknown
8M2O0Q8V,Versie Hillebrand,Dustin Brinkmann,Central,MG Advanced,Silis,Prospecting,,,3393,,unknown,3393.00,unknown,unknown
WNWI8RJU,Versie Hillebrand,Dustin Brinkmann,Central,MG Advanced,,Prospecting,,,3393,,unknown,3393.00,unknown,unknown
4H6DFFO4,Versie Hillebrand,Dustin Brinkmann,Central,MG Advanced,,Prospecting,,,3393,,unknown,3393.00,unknown,unknown
IUM2FVA1,Versie Hillebrand,Dustin Brinkmann,Central,MG Advanced,,Prospecting,,,3393,,unknown,3393.00,unknown,unknown
9MIWFW5J,Versie Hillebrand,Dustin Brinkmann,Central,MG Advanced,,Prospecting,,,3393,,unknown,3393.00,unknown,unknown
6SLKZ8FI,Versie Hillebrand,Dustin Brinkmann,Central,MG Advanced,,Prospecting,,,3393,,unknown,3393.00,unknown,unknown
LIB4KUZJ,Versie Hillebrand,Dustin Brinkmann,Central,MG Advanced,,Prospecting,,,3393,,unknown,3393.00,unknown,unknown
18IUIUK0,Versie Hillebrand,Dustin Brinkmann,Central,MG Advanced,,Prospecting,,,3393,,unknown,3393.00,unknown,unknown
8I5ONXJX,Versie Hillebrand,Dustin Brinkmann,Central,MG Advanced,,Prospecting,,,3393,,unknown,3393.00,unknown,unknown
